Record_ID,Timestamp,Shift,Machine_Type,Machine_ID,Machine_Age_Years,Operator_ID,Operator_Age,Operator_Experience_Years,Site_ID,Site_Location,GPS_Latitude,GPS_Longitude,Task_Type,Task_Start_Time,Task_End_Time,Task_Duration_min,Weather_Condition,Temperature_C,Visibility,Terrain_Type,Engine_Hours,Fuel_Used_L,Fuel_Efficiency_L_per_hr,Load_Cycles,Payload_Weight_kg,Distance_Covered_m,Idling_Time_min,Vibration_Level,Engine_Temperature_C,Hydraulic_Pressure_psi,Harsh_Braking_Events,Overspeed_Events,Seatbelt_Status,Fatigue_Alert,Maintenance_Alert,Downtime_min,Productivity_Score,Safety_Alert_Triggered
1,2025-01-01 07:47:00,Morning,Excavator,EXC003,6.9,OP1012,52,20.4,SITE04,"Bengaluru, KA",14.71079,75.95057,Loading,2025-01-01 07:47:00,2025-01-01 08:30:42,43.7,Clear,25.1,Good,Muddy,2979.4,8.03,11.03,11,2321.3,191.1,1,2.08,92,2429.2,0,0,Unfastened,No,No,0,97.7,Yes
2,2025-01-01 12:01:00,Morning,Bulldozer,BDZ001,0.8,OP1022,28,8.1,SITE01,"Chennai, TN",16.0297,78.11696,Loading,2025-01-01 12:01:00,2025-01-01 12:46:06,45.1,Fog,15.4,Poor,Muddy,2062.5,3.17,4.22,13,1004.7,278.1,61,2.78,85.7,2646,0,1,Fastened,No,No,0,70.1,Yes
3,2025-01-01 14:13:00,Afternoon,Motor Grader,MGR002,9.9,OP1030,48,15.2,SITE05,"Hyderabad, TS",8.36144,77.68456,Leveling,2025-01-01 14:13:00,2025-01-01 15:09:48,56.8,Rain,21.9,Moderate,Flat,4136.1,4.06,4.29,9,1168.2,341.2,38,2.48,97.5,2825,0,0,Fastened,No,No,0,91.8,No
4,2025-01-01 14:26:00,Afternoon,Bulldozer,BDZ003,14.8,OP1035,40,10.6,SITE07,"Nagpur, MH",18.23496,75.04466,Material Transport,2025-01-01 14:26:00,2025-01-01 14:33:42,7.7,Clear,25.7,Good,Flat,4297,6.96,54.23,8,1468.6,288.5,104,2.76,104.1,2516.9,0,2,Fastened,No,Yes,7,52,No
5,2025-01-01 14:38:00,Afternoon,Excavator,EXC004,1,OP1019,45,18.3,SITE04,"Bengaluru, KA",14.70656,75.95479,Digging,2025-01-01 14:38:00,2025-01-01 15:11:00,33,Extreme Heat,44.4,Good,Muddy,2353.5,2.25,4.09,4,906.8,222.8,23,1.43,96.8,2907.7,0,0,Fastened,No,No,0,78.3,Yes
6,2025-01-01 19:22:00,Afternoon,Wheel Loader,WLD004,9.4,OP1030,48,15.2,SITE01,"Chennai, TN",16.03043,78.12464,Material Transport,2025-01-01 19:22:00,2025-01-01 20:29:48,67.8,Fog,19,Poor,Rocky,4673.3,4.17,3.69,8,2111.5,237.5,13,2.74,99.4,2294.8,0,1,Fastened,No,No,0,88.1,Yes
7,2025-01-01 22:22:00,Night,Wheel Loader,WLD001,2.2,OP1040,25,14.9,SITE05,"Hyderabad, TS",8.37665,77.67847,Material Transport,2025-01-01 22:22:00,2025-01-01 23:18:54,56.9,Extreme Heat,42.8,Good,Muddy,1667.4,4.89,5.16,6,1384.3,42.8,39,2.02,105.6,2563,0,0,Fastened,Yes,No,0,87.7,No
8,2025-01-01 23:29:00,Night,Bulldozer,BDZ002,14.9,OP1002,38,9.9,SITE08,"Vizag, AP",8.70419,75.66698,Material Transport,2025-01-01 23:29:00,2025-01-02 00:16:30,47.5,Rain,23.1,Moderate,Uneven,4643.4,5.81,7.34,7,1145.7,369,0,2.6,80.1,2721.8,0,0,Unfastened,No,No,1,92.6,Yes
9,2025-01-02 00:24:00,Night,Bulldozer,BDZ001,14.2,OP1024,21,19.7,SITE06,"Pune, MH",10.5765,77.30847,Trenching,2025-01-02 00:24:00,2025-01-02 01:03:06,39.1,Cloudy,26.4,Good,Rocky,4340.1,3.87,5.94,13,934,195.6,50,4.69,91.6,2505.1,1,0,Fastened,Yes,No,3,73.2,Yes
10,2025-01-02 01:14:00,Night,Motor Grader,MGR001,14.9,OP1039,30,5.4,SITE03,"Vellore, TN",15.62589,79.19179,Trenching,2025-01-02 01:14:00,2025-01-02 02:05:12,51.2,Clear,27,Good,Flat,3499.1,2.23,2.61,8,1526.7,323.9,25,3.46,101.5,2215.1,1,0,Fastened,No,Yes,1,96.3,No
11,2025-01-02 01:31:00,Night,Wheel Loader,WLD002,7.4,OP1018,47,1.9,SITE01,"Chennai, TN",16.01298,78.12643,Loading,2025-01-02 01:31:00,2025-01-02 02:28:42,57.7,Clear,34.4,Good,Flat,4360.4,1.88,1.95,12,1902.2,318.3,38,2.54,96,2563.9,2,0,Fastened,No,No,0,95.4,No
12,2025-01-02 02:18:00,Night,Excavator,EXC001,12.6,OP1037,22,3.3,SITE04,"Bengaluru, KA",14.70299,75.95071,Leveling,2025-01-02 02:18:00,2025-01-02 03:02:30,44.5,Cloudy,24.9,Good,Uneven,2878.3,6.73,9.07,9,2213.7,229.7,3,3.63,83.7,2910.2,0,2,Fastened,Yes,No,0,94.3,Yes
13,2025-01-02 13:27:00,Morning,Wheel Loader,WLD002,4.2,OP1029,39,3.8,SITE07,"Nagpur, MH",18.23365,75.03308,Loading,2025-01-02 13:27:00,2025-01-02 14:15:18,48.3,Clear,32.2,Good,Flat,2509.1,6.76,8.4,5,1492.8,318.9,27,4.73,78.4,2472.5,1,0,Fastened,No,No,1,91.7,No
14,2025-01-02 16:16:00,Afternoon,Bulldozer,BDZ001,3.3,OP1027,51,10.5,SITE06,"Pune, MH",10.58074,77.31141,Leveling,2025-01-02 16:16:00,2025-01-02 17:04:18,48.3,Cloudy,27.2,Good,Flat,2636.7,3.69,4.58,10,2120.6,486,5,2.49,93,2333.9,1,1,Fastened,No,No,1,100,No
15,2025-01-02 16:40:00,Afternoon,Wheel Loader,WLD004,5.2,OP1037,22,3.3,SITE06,"Pune, MH",10.579,77.3032,Loading,2025-01-02 16:40:00,2025-01-02 17:13:06,33.1,Cloudy,23.6,Good,Sloped,4579.9,5.69,10.31,12,1756.9,491.7,12,0.14,92.4,2544.6,0,0,Fastened,No,No,1,100,No
16,2025-01-02 23:01:00,Night,Excavator,EXC004,9.6,OP1009,50,3.3,SITE02,"Coimbatore, TN",14.77309,81.94293,Grading,2025-01-02 23:01:00,2025-01-03 00:05:12,64.2,Cloudy,25.2,Good,Uneven,2820.5,2.84,2.65,8,2394.7,210.7,15,2.64,75.5,2592.7,2,1,Fastened,No,No,0,100,No
17,2025-01-03 05:16:00,Night,Backhoe Loader,BHL003,8.1,OP1016,32,5.4,SITE04,"Bengaluru, KA",14.7009,75.95515,Loading,2025-01-03 05:16:00,2025-01-03 05:46:00,30,Rain,24.6,Moderate,Uneven,2328.7,4.08,8.16,12,1592.8,284.1,8,2.84,85.8,2510.6,3,0,Unfastened,No,No,0,95.4,Yes
18,2025-01-03 06:08:00,Morning,Excavator,EXC005,7.9,OP1035,40,10.6,SITE03,"Vellore, TN",15.6228,79.20612,Grading,2025-01-03 06:08:00,2025-01-03 06:42:48,34.8,Clear,32.7,Good,Flat,2285.1,1.08,1.86,6,1802,283.5,34,4.93,89.4,2245.9,1,0,Fastened,No,No,3,87.8,No
19,2025-01-03 13:21:00,Morning,Excavator,EXC005,12.1,OP1022,28,8.1,SITE06,"Pune, MH",10.58057,77.30921,Loading,2025-01-03 13:21:00,2025-01-03 14:22:24,61.4,Clear,26.5,Good,Muddy,4774.9,9.95,9.72,6,2220.8,360.6,14,2.68,82.5,2283.3,0,1,Fastened,No,No,0,100,No
20,2025-01-03 13:25:00,Morning,Backhoe Loader,BHL001,8.5,OP1017,30,12.4,SITE05,"Hyderabad, TS",8.37037,77.6699,Loading,2025-01-03 13:25:00,2025-01-03 14:16:42,51.7,Clear,32.4,Good,Rocky,2765.9,3.68,4.27,9,2136.3,374.6,34,1.72,101.7,2997.6,0,0,Fastened,No,No,0,78.8,Yes
21,2025-01-03 13:59:00,Morning,Motor Grader,MGR001,2.1,OP1040,25,14.9,SITE06,"Pune, MH",10.57491,77.30824,Demolition,2025-01-03 13:59:00,2025-01-03 14:54:42,55.7,Rain,20.5,Moderate,Flat,4885.2,6.33,6.82,14,2711.5,480.4,2,0.88,73.7,2499.9,0,0,Fastened,No,No,0,100,No
22,2025-01-03 14:53:00,Afternoon,Backhoe Loader,BHL001,13.2,OP1004,53,15.5,SITE06,"Pune, MH",10.57454,77.31079,Digging,2025-01-03 14:53:00,2025-01-03 15:53:06,60.1,Clear,30.8,Good,Rocky,4981.9,3.66,3.65,8,1365.4,143.6,6,4.09,91.1,2363.8,0,0,Fastened,No,No,0,100,No
23,2025-01-03 15:09:00,Afternoon,Bulldozer,BDZ001,13.8,OP1020,26,14.1,SITE03,"Vellore, TN",15.60942,79.20474,Leveling,2025-01-03 15:09:00,2025-01-03 15:53:12,44.2,Cloudy,31.7,Good,Muddy,1591.8,4.21,5.71,15,2226.9,111.9,2,4.62,88.2,2363,0,2,Fastened,No,No,1,100,Yes
24,2025-01-03 18:01:00,Afternoon,Backhoe Loader,BHL001,4.6,OP1039,30,5.4,SITE04,"Bengaluru, KA",14.71349,75.95946,Material Transport,2025-01-03 18:01:00,2025-01-03 19:09:00,68,Fog,15.3,Poor,Flat,2407.5,8.32,7.34,10,875,564.1,18,2.3,101.6,2466.7,0,0,Fastened,No,No,1,100,No
25,2025-01-03 23:26:00,Night,Wheel Loader,WLD004,7.3,OP1040,25,14.9,SITE07,"Nagpur, MH",18.24984,75.03903,Trenching,2025-01-03 23:26:00,2025-01-04 00:51:30,85.5,Fog,20.8,Poor,Uneven,4098.8,7.37,5.17,10,2539.8,337.6,7,2.09,91.6,2476.3,0,1,Fastened,Yes,No,0,100,No
26,2025-01-04 01:11:00,Night,Backhoe Loader,BHL003,4,OP1026,51,4.7,SITE03,"Vellore, TN",15.6117,79.19842,Demolition,2025-01-04 01:11:00,2025-01-04 01:23:24,12.4,Rain,26.5,Moderate,Sloped,2087.7,5.14,24.87,9,1837.8,225.8,23,3.73,93.1,2536.4,1,0,Fastened,No,No,0,99.3,No
27,2025-01-04 09:35:00,Morning,Excavator,EXC004,11.5,OP1001,57,17.1,SITE01,"Chennai, TN",16.01245,78.1262,Grading,2025-01-04 09:35:00,2025-01-04 09:48:18,13.3,Cloudy,22.4,Good,Muddy,3251.6,2.8,12.63,16,1591.2,311.2,0,1.21,104.6,2371,0,0,Fastened,No,No,0,100,No
28,2025-01-04 15:10:00,Afternoon,Wheel Loader,WLD002,10.3,OP1026,51,4.7,SITE02,"Coimbatore, TN",14.78731,81.93501,Trenching,2025-01-04 15:10:00,2025-01-04 15:37:24,27.4,Clear,28.6,Good,Uneven,3988.9,3.51,7.69,14,2386.7,410.7,6,5.23,81.7,2444.7,1,0,Fastened,No,No,3,100,No
29,2025-01-04 15:42:00,Afternoon,Bulldozer,BDZ003,4,OP1040,25,14.9,SITE07,"Nagpur, MH",18.23111,75.04917,Material Transport,2025-01-04 15:42:00,2025-01-04 16:41:06,59.1,Clear,32.7,Good,Muddy,1869.5,3,3.05,11,1722.6,182.4,24,1.41,103.4,2104.1,0,0,Fastened,No,No,0,100,No
30,2025-01-04 19:41:00,Afternoon,Wheel Loader,WLD004,5.1,OP1035,40,10.6,SITE07,"Nagpur, MH",18.24749,75.04115,Demolition,2025-01-04 19:41:00,2025-01-04 20:43:30,62.5,Rain,20.2,Moderate,Flat,3544.5,5.58,5.36,9,2026.5,271.3,18,3.85,102.3,2380.3,0,0,Fastened,No,No,0,100,No
31,2025-01-04 21:33:00,Afternoon,Wheel Loader,WLD001,0.6,OP1032,51,21.3,SITE06,"Pune, MH",10.57521,77.32088,Trenching,2025-01-04 21:33:00,2025-01-04 22:21:48,48.8,Cloudy,23.4,Good,Flat,2082.4,2.42,2.98,13,2139.5,236.2,11,3.54,87.9,2612.5,1,0,Fastened,No,No,0,100,No
32,2025-01-04 21:41:00,Afternoon,Wheel Loader,WLD001,7.8,OP1026,51,4.7,SITE03,"Vellore, TN",15.61802,79.20267,Loading,2025-01-04 21:41:00,2025-01-04 22:02:36,21.6,Cloudy,29.2,Good,Uneven,3000.3,2.18,6.06,11,1740.2,158.2,2,2.88,104.5,2725.1,3,2,Unfastened,No,No,0,97.2,Yes
33,2025-01-05 01:09:00,Night,Excavator,EXC002,14,OP1026,51,4.7,SITE08,"Vizag, AP",8.70522,75.66268,Demolition,2025-01-05 01:09:00,2025-01-05 01:44:36,35.6,Fog,18.6,Poor,Muddy,3241.6,0.3,0.51,8,2098.1,483,25,2.89,82.9,2456.6,2,0,Fastened,No,Yes,17,83.5,No
34,2025-01-05 23:56:00,Night,Backhoe Loader,BHL001,1,OP1004,53,15.5,SITE01,"Chennai, TN",16.02918,78.12864,Digging,2025-01-05 23:56:00,2025-01-06 00:39:48,43.8,Cloudy,27.7,Good,Flat,4918.7,5.1,6.99,11,2010.4,531.7,28,4.1,90.9,2372.7,1,0,Fastened,No,No,2,97.6,No
35,2025-01-06 04:27:00,Night,Wheel Loader,WLD001,7.5,OP1030,48,15.2,SITE05,"Hyderabad, TS",8.3672,77.67425,Leveling,2025-01-06 04:27:00,2025-01-06 05:07:36,40.6,Clear,34,Good,Flat,3840.7,4.9,7.24,8,1619.3,415.8,36,2.46,96,2457,1,0,Fastened,No,No,0,91.6,No
36,2025-01-06 09:31:00,Morning,Wheel Loader,WLD004,13.6,OP1029,39,3.8,SITE07,"Nagpur, MH",18.24468,75.03475,Leveling,2025-01-06 09:31:00,2025-01-06 10:17:30,46.5,Extreme Heat,43.5,Good,Sloped,4434.8,5.79,7.47,9,1886.3,391,46,3.96,87.7,2651.4,0,0,Fastened,No,No,1,87,No
37,2025-01-06 10:29:00,Morning,Wheel Loader,WLD001,6.4,OP1014,36,18.2,SITE02,"Coimbatore, TN",14.77873,81.93899,Leveling,2025-01-06 10:29:00,2025-01-06 11:01:30,32.5,Clear,30.9,Good,Flat,4957.6,7.18,13.26,5,1919.7,384.6,4,3.24,90.4,2450,1,0,Fastened,No,No,0,100,No
38,2025-01-06 15:48:00,Afternoon,Bulldozer,BDZ002,6.8,OP1013,53,14.3,SITE08,"Vizag, AP",8.69797,75.65748,Trenching,2025-01-06 15:48:00,2025-01-06 17:19:48,91.8,Clear,30.9,Good,Rocky,3422,5.53,3.61,11,2451.2,418.1,3,1.01,83,2750,0,1,Fastened,No,No,1,100,No
39,2025-01-06 19:37:00,Afternoon,Excavator,EXC004,4.8,OP1003,27,19,SITE03,"Vellore, TN",15.61678,79.19903,Leveling,2025-01-06 19:37:00,2025-01-06 19:44:48,7.8,Extreme Heat,38.4,Good,Muddy,2022.8,5.35,41.15,12,1433.1,553.6,58,5.09,76.5,2203.2,0,2,Fastened,No,No,2,83.8,No
40,2025-01-06 19:38:00,Afternoon,Excavator,EXC002,3.6,OP1028,46,1.4,SITE07,"Nagpur, MH",18.23081,75.04256,Loading,2025-01-06 19:38:00,2025-01-06 20:18:48,40.8,Clear,29.1,Good,Flat,4356,3.48,5.12,3,2283.8,478.5,26,3.08,99.3,2094.8,0,0,Fastened,No,No,1,74.8,Yes
41,2025-01-07 01:24:00,Night,Wheel Loader,WLD004,5.1,OP1005,45,2.5,SITE08,"Vizag, AP",8.69618,75.65791,Demolition,2025-01-07 01:24:00,2025-01-07 01:50:30,26.5,Clear,30.7,Good,Uneven,3587.5,5,11.32,7,1535.2,659.3,57,3.97,85.9,2352.3,0,2,Unfastened,No,No,0,64.9,Yes
42,2025-01-07 03:11:00,Night,Excavator,EXC004,12.2,OP1007,24,16.9,SITE04,"Bengaluru, KA",14.70307,75.95859,Digging,2025-01-07 03:11:00,2025-01-07 04:05:42,54.7,Clear,24.2,Good,Flat,4275,3.01,3.3,5,2175,582.8,23,3.33,90.1,2014.3,0,1,Fastened,No,Yes,13,84.1,No
43,2025-01-07 03:19:00,Night,Motor Grader,MGR002,4.5,OP1011,37,8.5,SITE01,"Chennai, TN",16.0225,78.12232,Loading,2025-01-07 03:19:00,2025-01-07 03:24:00,5,Clear,36,Good,Muddy,3348.6,4.83,48.3,7,1654.5,415.5,44,2.87,100.2,2355.5,1,0,Fastened,No,No,0,86.4,No
44,2025-01-07 03:49:00,Night,Backhoe Loader,BHL001,12.4,OP1013,53,14.3,SITE01,"Chennai, TN",16.03069,78.13116,Grading,2025-01-07 03:49:00,2025-01-07 04:45:06,56.1,Clear,35.6,Good,Muddy,2461.1,4.15,4.44,11,1005.8,244.7,7,3.48,96.1,2491.4,0,0,Fastened,No,No,4,100,No
45,2025-01-07 04:45:00,Night,Wheel Loader,WLD004,4,OP1012,52,20.4,SITE01,"Chennai, TN",16.02117,78.13263,Material Transport,2025-01-07 04:45:00,2025-01-07 05:28:18,43.3,Rain,24.8,Moderate,Flat,2873.8,3.55,4.92,10,2173.2,317.1,34,4.12,94.6,2714.4,0,0,Unfastened,No,No,1,79.2,Yes
46,2025-01-07 06:20:00,Morning,Wheel Loader,WLD002,5.4,OP1025,52,17.2,SITE03,"Vellore, TN",15.61526,79.203,Grading,2025-01-07 06:20:00,2025-01-07 07:00:24,40.4,Dust Storm,36.5,Poor,Uneven,4167.1,3.91,5.81,7,1999.6,304.2,12,3.72,90,2214.9,1,1,Unfastened,No,No,0,100,No
47,2025-01-07 07:39:00,Morning,Motor Grader,MGR002,13,OP1021,53,16.8,SITE07,"Nagpur, MH",18.2351,75.05117,Grading,2025-01-07 07:39:00,2025-01-07 07:44:00,5,Cloudy,24.9,Good,Sloped,2805,4.69,46.9,8,1597.4,339.9,7,2.03,79.1,2776.4,0,0,Unfastened,No,No,0,91.1,Yes
48,2025-01-07 13:33:00,Morning,Excavator,EXC001,12.2,OP1031,31,16.5,SITE04,"Bengaluru, KA",14.70676,75.95509,Digging,2025-01-07 13:33:00,2025-01-07 14:28:24,55.4,Clear,24.9,Good,Muddy,2354.8,5.66,6.13,12,2639.1,312.1,10,3.76,96.1,2176,0,0,Fastened,No,No,2,100,No
49,2025-01-07 13:53:00,Morning,Wheel Loader,WLD001,14.9,OP1038,26,10.7,SITE06,"Pune, MH",10.58377,77.30237,Loading,2025-01-07 13:53:00,2025-01-07 14:51:18,58.3,Fog,19.3,Poor,Muddy,4888.4,3.68,3.79,9,1496.8,224.6,16,2.75,83.6,1898.4,0,2,Fastened,No,Yes,0,87.8,Yes
50,2025-01-07 18:18:00,Afternoon,Excavator,EXC005,2.1,OP1021,53,16.8,SITE06,"Pune, MH",10.57797,77.31217,Leveling,2025-01-07 18:18:00,2025-01-07 18:55:42,37.7,Rain,22.5,Moderate,Flat,3872.6,0.64,1.02,11,2075.9,318,23,2.84,83.8,2581.1,1,0,Fastened,No,No,0,100,No
51,2025-01-07 18:56:00,Afternoon,Backhoe Loader,BHL003,9.7,OP1024,21,19.7,SITE08,"Vizag, AP",8.69026,75.65663,Trenching,2025-01-07 18:56:00,2025-01-07 19:40:48,44.8,Clear,30.5,Good,Rocky,3420.3,1.57,2.1,10,988.3,419.5,19,5.15,84.9,2182.2,0,0,Unfastened,No,Yes,31,62.7,Yes
52,2025-01-07 20:19:00,Afternoon,Excavator,EXC002,9.9,OP1037,22,3.3,SITE07,"Nagpur, MH",18.24722,75.04433,Trenching,2025-01-07 20:19:00,2025-01-07 21:16:48,57.8,Clear,26.4,Good,Flat,1929.2,3.8,3.94,7,1635.2,390.7,63,1.33,92,3087.7,2,0,Fastened,No,No,0,76.9,No
53,2025-01-07 20:51:00,Afternoon,Backhoe Loader,BHL002,14,OP1010,53,10.2,SITE06,"Pune, MH",10.57315,77.31752,Demolition,2025-01-07 20:51:00,2025-01-07 20:56:00,5,Dust Storm,34,Poor,Flat,1876.4,5.74,57.4,7,1784.8,356.9,16,1.5,98.4,2454.9,0,1,Fastened,No,Yes,11,91.6,No
54,2025-01-08 02:51:00,Night,Bulldozer,BDZ003,7.4,OP1021,53,16.8,SITE04,"Bengaluru, KA",14.70158,75.96138,Leveling,2025-01-08 02:51:00,2025-01-08 03:06:42,15.7,Cloudy,24.8,Good,Muddy,4665.1,3.42,13.07,11,2382.1,201.7,4,2.34,91.5,2401.5,1,0,Fastened,Yes,No,1,100,No
55,2025-01-08 05:07:00,Night,Backhoe Loader,BHL003,4.1,OP1035,40,10.6,SITE01,"Chennai, TN",16.0213,78.1266,Loading,2025-01-08 05:07:00,2025-01-08 06:12:12,65.2,Clear,34.7,Good,Flat,2892.8,1.79,1.65,9,1954.1,207,2,2.37,91,2865.7,0,0,Fastened,No,No,0,100,No
56,2025-01-08 05:37:00,Night,Excavator,EXC005,12.2,OP1029,39,3.8,SITE07,"Nagpur, MH",18.2363,75.04385,Material Transport,2025-01-08 05:37:00,2025-01-08 06:29:30,52.5,Cloudy,27.5,Good,Rocky,4270.7,3.63,4.15,6,2144.7,263.7,1,4.84,90.4,2674.4,3,0,Fastened,No,No,2,100,No
57,2025-01-08 09:28:00,Morning,Wheel Loader,WLD003,5.6,OP1012,52,20.4,SITE02,"Coimbatore, TN",14.78917,81.9421,Digging,2025-01-08 09:28:00,2025-01-08 10:02:18,34.3,Clear,24.4,Good,Sloped,4572.8,2.45,4.29,13,2336.2,198.2,1,1.41,97.3,2062.3,1,0,Fastened,No,No,1,100,No
58,2025-01-08 12:31:00,Morning,Bulldozer,BDZ001,14.4,OP1039,30,5.4,SITE04,"Bengaluru, KA",14.71229,75.95336,Trenching,2025-01-08 12:31:00,2025-01-08 13:09:48,38.8,Dust Storm,31.9,Poor,Uneven,4609.1,4.67,7.22,6,2291.9,170.9,12,3.89,79.1,2767.9,0,1,Fastened,Yes,No,0,100,No
59,2025-01-08 12:52:00,Morning,Excavator,EXC004,9.6,OP1017,30,12.4,SITE03,"Vellore, TN",15.61875,79.20027,Demolition,2025-01-08 12:52:00,2025-01-08 13:25:06,33.1,Rain,24.8,Moderate,Flat,2835.5,4.58,8.3,2,1555.6,283.5,57,3.92,97,2473.8,0,0,Fastened,No,No,3,71.5,No
60,2025-01-08 18:42:00,Afternoon,Excavator,EXC003,2.7,OP1023,52,21.4,SITE01,"Chennai, TN",16.01334,78.11825,Material Transport,2025-01-08 18:42:00,2025-01-08 20:01:24,79.4,Clear,31.7,Good,Muddy,2396.5,3.07,2.32,10,1256.9,217.2,0,4.11,99.2,2428,1,0,Fastened,No,No,1,100,No
61,2025-01-08 20:45:00,Afternoon,Excavator,EXC004,8.1,OP1021,53,16.8,SITE03,"Vellore, TN",15.62651,79.19777,Loading,2025-01-08 20:45:00,2025-01-08 22:26:18,101.3,Cloudy,29.8,Good,Rocky,2304.2,7.28,4.31,9,1972.2,256.2,9,4.11,89.8,2392.5,0,0,Fastened,No,No,1,100,No
62,2025-01-08 22:10:00,Night,Excavator,EXC004,5.7,OP1031,31,16.5,SITE07,"Nagpur, MH",18.2404,75.04717,Loading,2025-01-08 22:10:00,2025-01-08 22:40:24,30.4,Clear,29,Good,Flat,4204,5.93,11.7,7,1925.6,400.5,15,3,83.4,2470.9,3,0,Fastened,Yes,No,0,100,No
63,2025-01-09 02:30:00,Night,Backhoe Loader,BHL003,10.1,OP1029,39,3.8,SITE02,"Coimbatore, TN",14.77997,81.93792,Leveling,2025-01-09 02:30:00,2025-01-09 03:34:42,64.7,Rain,21.7,Moderate,Flat,1533.5,4,3.71,6,1917,504.2,44,2.2,92.6,2250.3,0,0,Fastened,No,No,0,85.2,No
64,2025-01-09 04:53:00,Night,Motor Grader,MGR001,3,OP1004,53,15.5,SITE07,"Nagpur, MH",18.2339,75.04589,Loading,2025-01-09 04:53:00,2025-01-09 05:27:06,34.1,Clear,32.5,Good,Rocky,3983.5,5.39,9.48,13,1721.3,661.5,5,2.27,94,2444.3,0,0,Fastened,No,No,1,100,No
65,2025-01-09 13:53:00,Morning,Excavator,EXC005,1.1,OP1015,56,10,SITE05,"Hyderabad, TS",8.36371,77.67118,Demolition,2025-01-09 13:53:00,2025-01-09 14:26:24,33.4,Clear,32,Good,Rocky,2440.3,3.59,6.45,10,2677.4,257.5,14,5.93,85,2799.8,2,0,Fastened,No,No,4,100,No
66,2025-01-09 16:28:00,Afternoon,Excavator,EXC004,2.5,OP1018,47,1.9,SITE03,"Vellore, TN",15.62642,79.18744,Demolition,2025-01-09 16:28:00,2025-01-09 17:09:06,41.1,Cloudy,24.1,Good,Flat,2503.9,7.92,11.56,5,1475,403.9,12,2.25,93.6,2830.4,0,1,Fastened,No,No,0,100,No
67,2025-01-09 21:10:00,Afternoon,Wheel Loader,WLD003,12.2,OP1018,47,1.9,SITE01,"Chennai, TN",16.02486,78.11694,Digging,2025-01-09 21:10:00,2025-01-09 21:57:24,47.4,Cloudy,32,Good,Sloped,2960.9,2.95,3.73,3,746,330.2,5,4.37,89.9,3120,1,0,Fastened,No,No,0,100,No
68,2025-01-09 23:11:00,Night,Backhoe Loader,BHL002,5.4,OP1031,31,16.5,SITE05,"Hyderabad, TS",8.36713,77.67809,Demolition,2025-01-09 23:11:00,2025-01-09 23:46:48,35.8,Clear,34.1,Good,Uneven,4476,5.7,9.55,7,1408.3,132.8,5,1.6,100,2724.5,0,1,Fastened,No,No,6,100,No
69,2025-01-09 23:23:00,Night,Wheel Loader,WLD004,3.8,OP1009,50,3.3,SITE01,"Chennai, TN",16.02663,78.13046,Loading,2025-01-09 23:23:00,2025-01-10 00:07:36,44.6,Clear,35.4,Good,Sloped,3701.9,4.07,5.48,13,1506.3,323,12,2.62,97.5,2233.5,2,0,Unfastened,No,No,2,100,No
70,2025-01-10 01:10:00,Night,Motor Grader,MGR001,3.8,OP1037,22,3.3,SITE01,"Chennai, TN",16.01538,78.12942,Grading,2025-01-10 01:10:00,2025-01-10 02:13:24,63.4,Cloudy,22.9,Good,Flat,1750.2,4.58,4.33,14,979.6,623.4,39,2.07,84,2526.7,1,0,Fastened,No,No,0,97.3,No
71,2025-01-10 05:15:00,Night,Excavator,EXC005,14.6,OP1023,52,21.4,SITE03,"Vellore, TN",15.615,79.19035,Loading,2025-01-10 05:15:00,2025-01-10 06:28:12,73.2,Rain,20.2,Moderate,Uneven,1779,7.61,6.24,6,1397.9,414.5,8,3.35,89.7,2678.4,0,1,Fastened,Yes,No,0,88.2,Yes
72,2025-01-10 12:58:00,Morning,Bulldozer,BDZ003,11.4,OP1015,56,10,SITE06,"Pune, MH",10.5729,77.31748,Leveling,2025-01-10 12:58:00,2025-01-10 13:38:30,40.5,Fog,18.5,Poor,Flat,1773.5,4.74,7.02,8,1308.4,199.6,39,2.37,90,2035.1,0,0,Unfastened,No,No,1,89.3,No
73,2025-01-10 16:08:00,Afternoon,Excavator,EXC002,11.9,OP1022,28,8.1,SITE08,"Vizag, AP",8.69808,75.65764,Loading,2025-01-10 16:08:00,2025-01-10 16:47:36,39.6,Extreme Heat,44,Good,Flat,4765.6,3.91,5.92,9,1202.6,214.2,6,2.67,86.6,2579,0,1,Fastened,No,No,1,100,No
74,2025-01-11 09:44:00,Morning,Excavator,EXC004,5,OP1012,52,20.4,SITE07,"Nagpur, MH",18.2426,75.03631,Demolition,2025-01-11 09:44:00,2025-01-11 10:24:06,40.1,Cloudy,26.7,Good,Uneven,4912.9,3.73,5.58,10,501.7,321.2,13,2.2,81.6,2337.6,0,1,Fastened,No,Yes,0,100,No
75,2025-01-11 14:15:00,Afternoon,Excavator,EXC004,8.3,OP1016,32,5.4,SITE07,"Nagpur, MH",18.24391,75.03847,Trenching,2025-01-11 14:15:00,2025-01-11 14:56:30,41.5,Clear,32.3,Good,Muddy,3930.6,2.8,4.05,13,3377.9,254.4,28,3.15,98.5,2458.9,3,0,Unfastened,No,No,0,86.6,Yes
76,2025-01-11 15:53:00,Afternoon,Backhoe Loader,BHL003,6.5,OP1012,52,20.4,SITE04,"Bengaluru, KA",14.71497,75.95637,Demolition,2025-01-11 15:53:00,2025-01-11 16:26:42,33.7,Rain,25.3,Moderate,Sloped,3584.7,6.96,12.39,10,3744.8,218.6,5,1.82,94.9,2176.9,1,1,Fastened,No,No,0,94.5,Yes
77,2025-01-11 18:45:00,Afternoon,Wheel Loader,WLD001,8.1,OP1039,30,5.4,SITE02,"Coimbatore, TN",14.78198,81.94845,Loading,2025-01-11 18:45:00,2025-01-11 19:43:00,58,Cloudy,27.8,Good,Uneven,3640.9,4.78,4.94,10,945.2,404.6,6,3.05,93.8,2378.6,0,1,Fastened,No,No,1,100,No
78,2025-01-11 21:42:00,Afternoon,Motor Grader,MGR001,10.9,OP1017,30,12.4,SITE05,"Hyderabad, TS",8.37203,77.67293,Digging,2025-01-11 21:42:00,2025-01-11 23:00:12,78.2,Clear,26.6,Good,Uneven,2705.5,3.09,2.37,6,2042.5,415.8,14,4.82,83.4,2148.8,1,1,Fastened,No,No,3,97.8,No
79,2025-01-11 22:29:00,Night,Bulldozer,BDZ002,3.7,OP1040,25,14.9,SITE08,"Vizag, AP",8.7072,75.66441,Loading,2025-01-11 22:29:00,2025-01-11 23:17:42,48.7,Clear,26.1,Good,Rocky,4853.5,6.61,8.14,13,1362.1,450.1,57,3.6,93.5,2195.2,4,0,Fastened,No,Yes,2,85.5,No
80,2025-01-12 05:34:00,Night,Excavator,EXC004,12.4,OP1026,51,4.7,SITE08,"Vizag, AP",8.70626,75.65305,Material Transport,2025-01-12 05:34:00,2025-01-12 06:22:18,48.3,Clear,24.3,Good,Muddy,4847.1,3.87,4.81,8,1773,0,5,3.34,92.6,2837.9,1,1,Fastened,Yes,No,1,100,No
81,2025-01-12 07:29:00,Morning,Excavator,EXC004,2.9,OP1005,45,2.5,SITE01,"Chennai, TN",16.03028,78.1286,Trenching,2025-01-12 07:29:00,2025-01-12 08:00:48,31.8,Clear,24.2,Good,Flat,3181.5,1.86,3.51,12,2333.1,207.4,5,4.66,97.5,2024.9,1,0,Unfastened,No,No,0,96.9,Yes
82,2025-01-12 08:11:00,Morning,Motor Grader,MGR002,14.1,OP1010,53,10.2,SITE02,"Coimbatore, TN",14.78217,81.94001,Leveling,2025-01-12 08:11:00,2025-01-12 08:49:24,38.4,Extreme Heat,39.4,Good,Flat,2160.3,2.61,4.08,8,1967.2,254.3,5,2.85,91.5,2151,0,0,Fastened,No,Yes,0,100,No
83,2025-01-12 10:40:00,Morning,Excavator,EXC002,4.4,OP1032,51,21.3,SITE04,"Bengaluru, KA",14.70456,75.95959,Demolition,2025-01-12 10:40:00,2025-01-12 11:13:42,33.7,Cloudy,29.5,Good,Sloped,2077,2.09,3.72,9,1976.5,139.6,8,2.62,98.9,2499.9,0,1,Fastened,No,No,0,100,No
84,2025-01-12 11:08:00,Morning,Motor Grader,MGR002,7.2,OP1012,52,20.4,SITE01,"Chennai, TN",16.02582,78.12485,Loading,2025-01-12 11:08:00,2025-01-12 11:29:12,21.2,Extreme Heat,39.3,Good,Muddy,2292.9,4.52,12.79,11,1918.8,322.6,9,3.17,93.7,2504.3,0,0,Unfastened,No,No,0,93.7,Yes
85,2025-01-12 12:19:00,Morning,Excavator,EXC003,7.7,OP1002,38,9.9,SITE02,"Coimbatore, TN",14.77667,81.94602,Trenching,2025-01-12 12:19:00,2025-01-12 12:48:54,29.9,Clear,30.9,Good,Sloped,2323.8,6.29,12.62,6,1445.8,233.9,32,2.46,91.7,2091.6,0,0,Unfastened,No,No,3,88.8,No
86,2025-01-12 16:48:00,Afternoon,Wheel Loader,WLD002,0.8,OP1006,48,21.5,SITE07,"Nagpur, MH",18.24473,75.04045,Demolition,2025-01-12 16:48:00,2025-01-12 17:34:24,46.4,Rain,21.8,Moderate,Flat,2053.7,8.94,11.56,12,2384.4,402.1,12,2.94,95.2,2588.2,1,0,Fastened,No,No,4,100,No
87,2025-01-12 22:03:00,Night,Backhoe Loader,BHL003,12.1,OP1014,36,18.2,SITE02,"Coimbatore, TN",14.78383,81.94539,Trenching,2025-01-12 22:03:00,2025-01-12 22:47:54,44.9,Cloudy,29.6,Good,Flat,4180,2.44,3.26,10,1738.2,85.5,13,5.78,89.4,2259.7,0,0,Fastened,No,No,5,100,No
88,2025-01-12 22:26:00,Night,Wheel Loader,WLD003,8.3,OP1025,52,17.2,SITE03,"Vellore, TN",15.6212,79.19533,Demolition,2025-01-12 22:26:00,2025-01-12 23:39:30,73.5,Rain,20.9,Moderate,Rocky,4305.7,4.08,3.33,5,2221.1,343.1,3,2.52,92.9,2645.1,0,0,Fastened,No,No,0,100,No
89,2025-01-13 00:38:00,Night,Motor Grader,MGR002,5.5,OP1005,45,2.5,SITE05,"Hyderabad, TS",8.36948,77.67549,Grading,2025-01-13 00:38:00,2025-01-13 01:20:12,42.2,Extreme Heat,45,Good,Uneven,3726,3.16,4.49,4,2000.9,421.4,59,4.97,83.5,2538.5,3,0,Fastened,No,No,0,75.3,No
90,2025-01-13 00:48:00,Night,Excavator,EXC002,3.4,OP1032,51,21.3,SITE07,"Nagpur, MH",18.24081,75.0441,Demolition,2025-01-13 00:48:00,2025-01-13 01:42:42,54.7,Fog,16.8,Poor,Rocky,2340.3,3.2,3.51,8,1930.2,281.6,18,4.28,86.9,2323,0,0,Fastened,No,No,2,84,Yes
91,2025-01-13 06:08:00,Morning,Wheel Loader,WLD001,9.4,OP1005,45,2.5,SITE03,"Vellore, TN",15.61152,79.19416,Grading,2025-01-13 06:08:00,2025-01-13 07:01:48,53.8,Rain,21.4,Moderate,Flat,4505.4,5.15,5.74,7,2094,322.5,36,3.51,103.1,2290.3,1,0,Unfastened,No,No,0,90.4,No
92,2025-01-13 10:35:00,Morning,Wheel Loader,WLD001,8.4,OP1034,38,8.5,SITE08,"Vizag, AP",8.70446,75.65758,Digging,2025-01-13 10:35:00,2025-01-13 10:42:18,7.3,Rain,25.9,Moderate,Muddy,2331.7,5.24,43.07,8,3533.5,209.6,0,3.56,83.5,2595.3,0,0,Fastened,No,No,0,100,No
93,2025-01-13 14:41:00,Afternoon,Wheel Loader,WLD002,9.2,OP1020,26,14.1,SITE06,"Pune, MH",10.56962,77.31322,Demolition,2025-01-13 14:41:00,2025-01-13 15:27:24,46.4,Clear,33.8,Good,Uneven,3171,3.84,4.97,7,2295.7,524.3,25,5.61,89,2339.8,2,0,Unfastened,No,No,1,80.1,Yes
94,2025-01-13 21:03:00,Afternoon,Bulldozer,BDZ001,9.9,OP1023,52,21.4,SITE01,"Chennai, TN",16.01586,78.1259,Demolition,2025-01-13 21:03:00,2025-01-13 21:41:00,38,Clear,26.6,Good,Uneven,2233.1,6.17,9.74,10,1414.4,347.8,29,5.32,93.4,2359.2,1,0,Fastened,No,No,0,97.5,No
95,2025-01-13 23:29:00,Night,Bulldozer,BDZ001,1.8,OP1009,50,3.3,SITE07,"Nagpur, MH",18.24103,75.04021,Grading,2025-01-13 23:29:00,2025-01-14 00:25:00,56,Rain,21.8,Moderate,Sloped,2644.2,3.46,3.71,15,2569.7,325.2,6,2.38,87.3,2564.9,1,0,Unfastened,Yes,No,0,100,No
96,2025-01-14 08:55:00,Morning,Bulldozer,BDZ002,13.3,OP1039,30,5.4,SITE01,"Chennai, TN",16.01277,78.12652,Trenching,2025-01-14 08:55:00,2025-01-14 09:46:54,51.9,Cloudy,22.2,Good,Flat,4295.6,5.23,6.05,10,2185,148.4,1,2.51,77,2212,0,0,Fastened,No,No,0,100,No
97,2025-01-14 09:29:00,Morning,Wheel Loader,WLD001,11.5,OP1020,26,14.1,SITE01,"Chennai, TN",16.0194,78.13197,Loading,2025-01-14 09:29:00,2025-01-14 10:50:24,81.4,Cloudy,22.6,Good,Muddy,4536.6,4.99,3.68,21,2620.4,388.5,6,3.58,90.6,2871.4,0,0,Fastened,No,Yes,0,100,No
98,2025-01-14 09:31:00,Morning,Motor Grader,MGR002,2.8,OP1021,53,16.8,SITE02,"Coimbatore, TN",14.7894,81.95368,Loading,2025-01-14 09:31:00,2025-01-14 11:08:06,97.1,Clear,34.3,Good,Flat,3992.6,2.22,1.37,10,1579.4,332.2,0,2.36,89.5,2654.1,0,0,Fastened,No,Yes,2,100,No
99,2025-01-14 14:38:00,Afternoon,Backhoe Loader,BHL003,0.9,OP1026,51,4.7,SITE03,"Vellore, TN",15.62093,79.19553,Leveling,2025-01-14 14:38:00,2025-01-14 15:57:06,79.1,Clear,29.2,Good,Sloped,4267.9,3.77,2.86,8,2775,71.2,8,4.9,87.3,2580,2,1,Unfastened,No,No,0,90.6,Yes
100,2025-01-15 00:04:00,Night,Wheel Loader,WLD003,7.9,OP1017,30,12.4,SITE04,"Bengaluru, KA",14.70389,75.94188,Demolition,2025-01-15 00:04:00,2025-01-15 00:33:24,29.4,Clear,35.6,Good,Muddy,1595.7,3.71,7.57,9,1970.3,261.4,5,2.9,93.5,2869.1,3,0,Fastened,No,No,0,100,No
101,2025-01-15 05:27:00,Night,Backhoe Loader,BHL001,0.8,OP1020,26,14.1,SITE05,"Hyderabad, TS",8.36351,77.67227,Trenching,2025-01-15 05:27:00,2025-01-15 06:13:12,46.2,Clear,29.1,Good,Flat,2499.7,2.84,3.69,7,1237.9,210.3,32,5.44,93.4,2577.4,0,0,Unfastened,No,No,1,91.6,No
102,2025-01-15 06:59:00,Morning,Backhoe Loader,BHL002,3.1,OP1036,43,4.6,SITE05,"Hyderabad, TS",8.37415,77.6834,Digging,2025-01-15 06:59:00,2025-01-15 07:44:12,45.2,Clear,29.2,Good,Flat,4044,4.81,6.38,6,1526.3,417.1,8,4.34,90.5,2631.5,0,1,Fastened,No,No,1,100,No
103,2025-01-15 11:21:00,Morning,Excavator,EXC003,8.6,OP1027,51,10.5,SITE05,"Hyderabad, TS",8.37556,77.67467,Digging,2025-01-15 11:21:00,2025-01-15 12:32:12,71.2,Clear,30.8,Good,Muddy,2293.9,6.32,5.33,8,2126.8,304.5,12,0,91.6,2269.3,0,0,Fastened,No,No,0,100,No
104,2025-01-15 11:59:00,Morning,Wheel Loader,WLD003,6.8,OP1011,37,8.5,SITE05,"Hyderabad, TS",8.36435,77.68359,Digging,2025-01-15 11:59:00,2025-01-15 13:03:12,64.2,Extreme Heat,39.4,Good,Uneven,3591.5,5.75,5.37,12,1799.6,210.7,37,2.36,96.1,2534.3,1,0,Fastened,No,No,0,95.9,No
105,2025-01-15 18:09:00,Afternoon,Backhoe Loader,BHL001,2,OP1039,30,5.4,SITE08,"Vizag, AP",8.69161,75.65249,Grading,2025-01-15 18:09:00,2025-01-15 18:51:12,42.2,Clear,28.9,Good,Flat,2582.3,4.17,5.93,5,1685.7,359.2,24,5.15,86,2304.6,1,0,Unfastened,No,No,1,93.2,No
106,2025-01-15 19:13:00,Afternoon,Bulldozer,BDZ001,9.8,OP1027,51,10.5,SITE08,"Vizag, AP",8.68999,75.64965,Demolition,2025-01-15 19:13:00,2025-01-15 19:57:18,44.3,Clear,35.7,Good,Uneven,4996.7,5.6,7.58,10,990,561.8,3,3.2,87.9,2494,1,0,Fastened,No,Yes,2,100,No
107,2025-01-15 20:44:00,Afternoon,Bulldozer,BDZ002,1.4,OP1037,22,3.3,SITE03,"Vellore, TN",15.61698,79.18885,Leveling,2025-01-15 20:44:00,2025-01-15 21:17:24,33.4,Clear,25.2,Good,Rocky,2165.2,5.32,9.56,8,1200,336.8,11,2.13,98.1,2281.4,0,0,Fastened,No,No,0,100,No
108,2025-01-16 00:21:00,Night,Bulldozer,BDZ001,2,OP1034,38,8.5,SITE01,"Chennai, TN",16.01545,78.1186,Leveling,2025-01-16 00:21:00,2025-01-16 01:41:42,80.7,Extreme Heat,45.2,Good,Muddy,2985.3,4.8,3.57,8,1976.9,462.8,1,2.55,91.1,2368.1,0,1,Fastened,Yes,No,1,100,No
109,2025-01-16 03:30:00,Night,Bulldozer,BDZ003,14.9,OP1020,26,14.1,SITE02,"Coimbatore, TN",14.78812,81.93521,Trenching,2025-01-16 03:30:00,2025-01-16 04:02:54,32.9,Rain,25.5,Moderate,Rocky,3101.3,5.63,10.27,5,1391.4,421.9,17,3.37,103.7,2365.9,0,0,Fastened,No,No,0,97.5,No
110,2025-01-16 04:41:00,Night,Bulldozer,BDZ003,11.5,OP1039,30,5.4,SITE05,"Hyderabad, TS",8.3612,77.67428,Digging,2025-01-16 04:41:00,2025-01-16 05:36:30,55.5,Cloudy,31.5,Good,Muddy,2424.1,4.8,5.19,7,1942.6,214.3,11,3.76,88.6,2417.2,1,0,Unfastened,No,No,1,87.1,Yes
111,2025-01-16 07:33:00,Morning,Excavator,EXC001,8.3,OP1004,53,15.5,SITE04,"Bengaluru, KA",14.70059,75.95039,Material Transport,2025-01-16 07:33:00,2025-01-16 08:46:06,73.1,Clear,32.5,Good,Uneven,4446.6,7.55,6.2,15,1723.1,558.3,9,4.05,85.1,2202.1,1,0,Fastened,No,No,2,100,No
112,2025-01-16 07:51:00,Morning,Wheel Loader,WLD003,14.8,OP1030,48,15.2,SITE08,"Vizag, AP",8.70312,75.65689,Demolition,2025-01-16 07:51:00,2025-01-16 08:21:18,30.3,Cloudy,25.9,Good,Rocky,4752.6,5.31,10.51,10,1363.7,234.9,3,1.78,87.9,2623.5,1,0,Fastened,Yes,No,1,94.7,Yes
113,2025-01-16 11:43:00,Morning,Excavator,EXC003,7.8,OP1015,56,10,SITE08,"Vizag, AP",8.7032,75.65498,Loading,2025-01-16 11:43:00,2025-01-16 12:29:48,46.8,Clear,27.3,Good,Uneven,2258.7,7.19,9.22,6,2357.1,403.4,3,3.06,84.3,2539.5,0,0,Unfastened,No,No,5,86.7,Yes
114,2025-01-16 11:57:00,Morning,Motor Grader,MGR002,7.3,OP1033,42,7.5,SITE07,"Nagpur, MH",18.23256,75.04106,Demolition,2025-01-16 11:57:00,2025-01-16 12:23:00,26,Clear,33.9,Good,Muddy,4790.8,8.77,20.24,11,2228.4,0,36,1.68,94.7,2590.5,2,0,Fastened,No,No,1,94.4,No
115,2025-01-16 19:44:00,Afternoon,Bulldozer,BDZ003,6.3,OP1034,38,8.5,SITE06,"Pune, MH",10.56648,77.30217,Grading,2025-01-16 19:44:00,2025-01-16 20:43:54,59.9,Cloudy,25.3,Good,Flat,2758.2,6.4,6.41,3,2261.8,410.1,18,2.93,94.5,2448.1,3,1,Unfastened,No,No,0,94.6,No
116,2025-01-16 20:55:00,Afternoon,Motor Grader,MGR001,12.5,OP1040,25,14.9,SITE06,"Pune, MH",10.57044,77.31184,Loading,2025-01-16 20:55:00,2025-01-16 21:39:36,44.6,Fog,17.6,Poor,Rocky,1594.1,5.77,7.76,6,1712.8,371.9,34,3.64,92.6,2795.2,0,0,Fastened,No,No,0,90.2,No
117,2025-01-17 01:55:00,Night,Backhoe Loader,BHL001,12.6,OP1039,30,5.4,SITE08,"Vizag, AP",8.69813,75.65181,Loading,2025-01-17 01:55:00,2025-01-17 02:55:12,60.2,Clear,35.2,Good,Muddy,1525.9,0.3,0.3,10,2495.6,522.2,4,5.86,94.4,2439.4,2,0,Unfastened,No,No,4,91.8,Yes
118,2025-01-17 09:05:00,Morning,Backhoe Loader,BHL001,14.3,OP1040,25,14.9,SITE07,"Nagpur, MH",18.24672,75.03143,Trenching,2025-01-17 09:05:00,2025-01-17 10:09:12,64.2,Cloudy,28,Good,Flat,2841.3,2.62,2.45,17,75.1,354,39,1.83,95.1,2359.5,0,0,Fastened,No,No,1,100,No
119,2025-01-17 09:58:00,Morning,Bulldozer,BDZ003,1.3,OP1037,22,3.3,SITE07,"Nagpur, MH",18.24607,75.03736,Demolition,2025-01-17 09:58:00,2025-01-17 10:48:06,50.1,Cloudy,23.9,Good,Muddy,3042,4.15,4.97,11,1823.6,341.1,3,2.97,89.2,2542.1,1,0,Fastened,No,No,0,100,No
120,2025-01-17 18:50:00,Afternoon,Bulldozer,BDZ001,9.5,OP1001,57,17.1,SITE04,"Bengaluru, KA",14.71763,75.95503,Digging,2025-01-17 18:50:00,2025-01-17 19:38:06,48.1,Clear,30.9,Good,Muddy,2699.2,1.5,1.87,10,2429.7,414.2,1,3.77,95.2,2241,1,0,Unfastened,No,No,1,100,No
121,2025-01-17 23:13:00,Night,Wheel Loader,WLD003,13.8,OP1020,26,14.1,SITE04,"Bengaluru, KA",14.71619,75.94992,Leveling,2025-01-17 23:13:00,2025-01-17 23:47:24,34.4,Cloudy,28.3,Good,Flat,4695,7.7,13.43,7,1652.2,325.5,11,3.54,89.1,2454.5,0,1,Fastened,No,No,1,87.1,Yes
122,2025-01-18 01:57:00,Night,Excavator,EXC005,6.4,OP1018,47,1.9,SITE07,"Nagpur, MH",18.23402,75.03249,Grading,2025-01-18 01:57:00,2025-01-18 02:42:06,45.1,Extreme Heat,42.6,Good,Muddy,1922.7,4.51,6,9,1936.1,327.5,3,4.18,93.1,2249,0,2,Fastened,No,No,0,100,No
123,2025-01-18 12:11:00,Morning,Motor Grader,MGR001,6.6,OP1040,25,14.9,SITE04,"Bengaluru, KA",14.71716,75.94404,Trenching,2025-01-18 12:11:00,2025-01-18 12:52:30,41.5,Rain,20.7,Moderate,Uneven,1970.4,0.59,0.85,9,1056.7,520.9,1,5.3,89.4,2365.9,1,1,Fastened,No,No,3,100,No
124,2025-01-18 12:48:00,Morning,Excavator,EXC004,12,OP1037,22,3.3,SITE08,"Vizag, AP",8.70296,75.66558,Leveling,2025-01-18 12:48:00,2025-01-18 13:46:42,58.7,Cloudy,30.5,Good,Flat,3657.3,2.66,2.72,9,1878.3,293.4,10,2.73,88.2,2491.7,2,0,Fastened,No,No,1,100,No
125,2025-01-18 13:14:00,Morning,Backhoe Loader,BHL003,12,OP1010,53,10.2,SITE02,"Coimbatore, TN",14.78829,81.93731,Grading,2025-01-18 13:14:00,2025-01-18 14:00:06,46.1,Dust Storm,39.8,Poor,Flat,1983,6.57,8.55,13,2096.7,519.5,7,3.97,83.9,2275.2,0,1,Fastened,No,No,4,100,No
126,2025-01-18 19:07:00,Afternoon,Wheel Loader,WLD001,7,OP1004,53,15.5,SITE02,"Coimbatore, TN",14.7848,81.94423,Grading,2025-01-18 19:07:00,2025-01-18 20:15:24,68.4,Cloudy,25.1,Good,Muddy,2205.3,6.73,5.9,14,2108.4,435.5,4,4.18,93.9,2192.9,1,1,Fastened,No,No,0,100,No
127,2025-01-19 07:32:00,Morning,Backhoe Loader,BHL001,10.2,OP1032,51,21.3,SITE08,"Vizag, AP",8.69584,75.66764,Leveling,2025-01-19 07:32:00,2025-01-19 08:53:12,81.2,Clear,32.6,Good,Muddy,4953.1,6.14,4.54,5,1826.8,156,10,4.98,96.7,2513.2,0,0,Fastened,No,Yes,2,84.4,Yes
128,2025-01-19 08:52:00,Morning,Bulldozer,BDZ002,13.3,OP1032,51,21.3,SITE08,"Vizag, AP",8.68975,75.65122,Demolition,2025-01-19 08:52:00,2025-01-19 09:47:18,55.3,Clear,31.1,Good,Flat,3471,2.19,2.38,4,454.3,225.3,63,4.03,98.8,2449.6,0,0,Fastened,No,No,3,70.9,No
129,2025-01-19 18:53:00,Afternoon,Excavator,EXC005,0.8,OP1040,25,14.9,SITE01,"Chennai, TN",16.01579,78.11584,Material Transport,2025-01-19 18:53:00,2025-01-19 18:58:00,5,Rain,26.2,Moderate,Flat,4816.8,3.88,38.8,7,1478.4,388.3,17,2.05,100.8,2578.6,2,0,Fastened,No,No,0,99.9,No
130,2025-01-19 19:52:00,Afternoon,Motor Grader,MGR001,14,OP1005,45,2.5,SITE06,"Pune, MH",10.57779,77.30797,Digging,2025-01-19 19:52:00,2025-01-19 20:44:42,52.7,Clear,28.7,Good,Muddy,4828,4.83,5.5,12,2220.6,273.3,94,4.3,95.4,2469.2,2,0,Fastened,No,No,2,50.8,Yes
131,2025-01-19 22:55:00,Night,Backhoe Loader,BHL002,6,OP1014,36,18.2,SITE03,"Vellore, TN",15.60912,79.18693,Material Transport,2025-01-19 22:55:00,2025-01-19 23:33:00,38,Rain,26.3,Moderate,Sloped,3195.5,1.06,1.67,7,1964.2,293.7,20,3.29,95.1,2391.7,2,1,Fastened,Yes,No,2,96.8,No
132,2025-01-20 05:33:00,Night,Excavator,EXC001,7.5,OP1038,26,10.7,SITE08,"Vizag, AP",8.7073,75.64924,Loading,2025-01-20 05:33:00,2025-01-20 06:12:48,39.8,Clear,31.6,Good,Rocky,3543.3,6.22,9.38,8,1811.3,515.1,11,2.96,93.2,2468.6,2,0,Fastened,No,No,0,89.1,Yes
133,2025-01-20 08:35:00,Morning,Wheel Loader,WLD002,14.9,OP1001,57,17.1,SITE04,"Bengaluru, KA",14.71721,75.95051,Leveling,2025-01-20 08:35:00,2025-01-20 09:05:36,30.6,Clear,33.3,Good,Rocky,2035.3,5.34,10.47,12,2269.9,579.6,1,0.52,93,2364.7,0,1,Unfastened,No,No,0,98.9,Yes
134,2025-01-20 13:09:00,Morning,Wheel Loader,WLD004,6.7,OP1010,53,10.2,SITE01,"Chennai, TN",16.02267,78.11726,Material Transport,2025-01-20 13:09:00,2025-01-20 13:35:54,26.9,Clear,35.4,Good,Uneven,3935.8,4.76,10.62,6,1083.8,297.6,15,2.49,84.5,2269,1,1,Fastened,No,No,0,99.7,No
135,2025-01-20 13:14:00,Morning,Excavator,EXC001,10.9,OP1007,24,16.9,SITE08,"Vizag, AP",8.69004,75.65145,Demolition,2025-01-20 13:14:00,2025-01-20 14:28:06,74.1,Fog,20.6,Poor,Flat,4479.6,3.77,3.05,9,1686.1,213.3,31,2.54,103.2,3043.2,0,0,Fastened,No,No,1,94.5,No
136,2025-01-20 15:37:00,Afternoon,Wheel Loader,WLD003,10.7,OP1025,52,17.2,SITE06,"Pune, MH",10.58128,77.30835,Material Transport,2025-01-20 15:37:00,2025-01-20 15:54:12,17.2,Cloudy,26.7,Good,Sloped,4745,5.4,18.84,17,2180,166.8,1,3.23,90.3,2790.9,1,0,Fastened,No,No,0,100,No
137,2025-01-21 03:35:00,Night,Backhoe Loader,BHL003,2.8,OP1005,45,2.5,SITE01,"Chennai, TN",16.02267,78.13408,Leveling,2025-01-21 03:35:00,2025-01-21 03:59:48,24.8,Clear,28.8,Good,Flat,3242.9,4.8,11.61,6,1346.6,288,6,1.65,78,2217.6,0,0,Fastened,Yes,No,1,100,No
138,2025-01-21 04:35:00,Night,Motor Grader,MGR001,4.7,OP1014,36,18.2,SITE04,"Bengaluru, KA",14.70067,75.95698,Leveling,2025-01-21 04:35:00,2025-01-21 05:23:18,48.3,Rain,21.3,Moderate,Sloped,2805.3,5.94,7.38,9,2651.8,310,15,2.71,97.6,2543.6,1,0,Fastened,No,No,1,100,No
139,2025-01-21 14:16:00,Afternoon,Bulldozer,BDZ003,14,OP1036,43,4.6,SITE03,"Vellore, TN",15.61551,79.20274,Trenching,2025-01-21 14:16:00,2025-01-21 14:32:12,16.2,Dust Storm,34.1,Poor,Uneven,4799.5,3.53,13.07,4,2651.1,489.6,22,3.6,95.3,2725.5,1,0,Fastened,No,No,2,77.2,Yes
140,2025-01-21 19:20:00,Afternoon,Excavator,EXC005,10.2,OP1023,52,21.4,SITE02,"Coimbatore, TN",14.78729,81.95157,Grading,2025-01-21 19:20:00,2025-01-21 19:45:54,25.9,Cloudy,30.8,Good,Sloped,2302.8,4.73,10.96,13,1774.4,386.2,43,2.88,92.5,2397.5,2,1,Fastened,No,Yes,3,91.7,No
141,2025-01-22 01:10:00,Night,Excavator,EXC001,1.7,OP1036,43,4.6,SITE03,"Vellore, TN",15.61754,79.18827,Demolition,2025-01-22 01:10:00,2025-01-22 02:02:42,52.7,Clear,27.7,Good,Muddy,3834.6,4.61,5.25,13,1143.2,287.4,6,2.53,93.7,2939.8,0,0,Fastened,No,No,2,96,Yes
142,2025-01-22 01:29:00,Night,Excavator,EXC005,2.5,OP1002,38,9.9,SITE05,"Hyderabad, TS",8.36636,77.67784,Digging,2025-01-22 01:29:00,2025-01-22 01:36:42,7.7,Clear,29,Good,Uneven,2363.9,4.12,32.1,11,2078.5,283.6,7,2.53,87.6,2679.7,0,0,Fastened,No,No,2,100,No
143,2025-01-22 02:53:00,Night,Bulldozer,BDZ002,11.6,OP1037,22,3.3,SITE07,"Nagpur, MH",18.24064,75.04319,Leveling,2025-01-22 02:53:00,2025-01-22 03:42:54,49.9,Clear,25.4,Good,Flat,4644.3,7.16,8.61,11,1806.9,476.3,15,4.96,89.3,2473.7,1,0,Fastened,No,No,4,100,No
144,2025-01-22 04:54:00,Night,Bulldozer,BDZ003,10.3,OP1004,53,15.5,SITE02,"Coimbatore, TN",14.77996,81.95127,Demolition,2025-01-22 04:54:00,2025-01-22 05:09:06,15.1,Cloudy,31.9,Good,Flat,2698.8,5.65,22.45,4,2065.2,330.5,8,2.54,99.8,2005,0,0,Fastened,Yes,Yes,6,96,No
145,2025-01-22 05:01:00,Night,Wheel Loader,WLD002,10.2,OP1008,33,17.4,SITE02,"Coimbatore, TN",14.78839,81.94171,Loading,2025-01-22 05:01:00,2025-01-22 05:16:24,15.4,Clear,34,Good,Muddy,1697.3,5.66,22.05,7,2623.7,212.6,43,3.88,88.8,2226.2,0,0,Fastened,No,No,0,86.9,No
146,2025-01-22 06:25:00,Morning,Backhoe Loader,BHL002,11.9,OP1023,52,21.4,SITE08,"Vizag, AP",8.69225,75.66583,Trenching,2025-01-22 06:25:00,2025-01-22 07:02:30,37.5,Cloudy,31,Good,Flat,4999.7,4.74,7.58,4,1356.6,127.1,18,2.55,87.6,2481,0,0,Fastened,No,No,0,95.8,No
147,2025-01-22 10:32:00,Morning,Excavator,EXC005,13,OP1027,51,10.5,SITE01,"Chennai, TN",16.02562,78.13422,Demolition,2025-01-22 10:32:00,2025-01-22 11:15:48,43.8,Clear,26.9,Good,Flat,3042.2,8.66,11.86,8,1563.7,129.2,9,3.16,92,2462.9,1,0,Fastened,No,No,2,100,No
148,2025-01-23 01:56:00,Night,Backhoe Loader,BHL002,10.1,OP1006,48,21.5,SITE03,"Vellore, TN",15.61271,79.20183,Grading,2025-01-23 01:56:00,2025-01-23 02:42:54,46.9,Clear,34.3,Good,Flat,1855.6,5.46,6.99,13,2047.1,327.8,22,2.62,92.8,2430.5,0,0,Unfastened,No,No,0,100,No
149,2025-01-23 07:43:00,Morning,Bulldozer,BDZ002,8.8,OP1032,51,21.3,SITE05,"Hyderabad, TS",8.36464,77.68115,Grading,2025-01-23 07:43:00,2025-01-23 09:17:12,94.2,Cloudy,22.6,Good,Sloped,3567.1,5.68,3.62,15,1293.3,306,2,3.05,92.8,2355,1,0,Fastened,No,No,2,100,No
150,2025-01-23 08:10:00,Morning,Backhoe Loader,BHL003,2.8,OP1013,53,14.3,SITE07,"Nagpur, MH",18.24981,75.03446,Demolition,2025-01-23 08:10:00,2025-01-23 08:54:36,44.6,Clear,27.4,Good,Flat,4185.3,4.72,6.35,8,1170,661.1,14,2.11,82.3,2756.8,0,1,Fastened,No,No,0,100,No
151,2025-01-23 12:56:00,Morning,Backhoe Loader,BHL002,1.8,OP1015,56,10,SITE02,"Coimbatore, TN",14.77407,81.9389,Trenching,2025-01-23 12:56:00,2025-01-23 14:21:06,85.1,Extreme Heat,42.9,Good,Sloped,2717.7,4.35,3.07,11,2247.3,219.8,3,2.72,74.3,2175.6,0,0,Fastened,No,No,4,93.5,Yes
152,2025-01-23 15:48:00,Afternoon,Wheel Loader,WLD004,4,OP1035,40,10.6,SITE06,"Pune, MH",10.57181,77.31474,Trenching,2025-01-23 15:48:00,2025-01-23 16:36:18,48.3,Clear,34,Good,Flat,1624.1,6.9,8.57,8,1363.2,288.4,1,2.61,93.4,2499.1,0,0,Fastened,No,No,0,100,No
153,2025-01-23 20:24:00,Afternoon,Bulldozer,BDZ002,12.2,OP1033,42,7.5,SITE07,"Nagpur, MH",18.24254,75.03908,Trenching,2025-01-23 20:24:00,2025-01-23 20:53:54,29.9,Cloudy,24.1,Good,Uneven,1755.7,4.4,8.83,11,1347,431.1,18,2.57,87.8,2540.3,0,0,Fastened,No,No,2,100,No
154,2025-01-23 22:42:00,Night,Bulldozer,BDZ003,3.9,OP1007,24,16.9,SITE07,"Nagpur, MH",18.23411,75.04437,Demolition,2025-01-23 22:42:00,2025-01-23 22:47:24,5.4,Dust Storm,33.9,Poor,Muddy,3377.1,1.89,18.9,10,2166.6,377.4,6,1.92,93.5,2464.5,0,0,Fastened,No,No,0,100,No
155,2025-01-24 02:04:00,Night,Backhoe Loader,BHL002,13,OP1035,40,10.6,SITE01,"Chennai, TN",16.02989,78.1206,Grading,2025-01-24 02:04:00,2025-01-24 02:56:48,52.8,Clear,25,Good,Rocky,4754.6,1.64,1.86,6,1477.2,558.4,4,5.64,92.1,2690.7,0,0,Fastened,Yes,No,1,100,No
156,2025-01-24 04:15:00,Night,Wheel Loader,WLD001,3.1,OP1040,25,14.9,SITE08,"Vizag, AP",8.69801,75.65393,Digging,2025-01-24 04:15:00,2025-01-24 04:40:42,25.7,Clear,25.1,Good,Flat,1749.1,6.2,14.47,7,1935.9,110.9,78,2.31,91.5,2117,1,1,Fastened,No,No,1,68.6,No
157,2025-01-24 09:57:00,Morning,Wheel Loader,WLD003,3.2,OP1006,48,21.5,SITE05,"Hyderabad, TS",8.36888,77.68487,Digging,2025-01-24 09:57:00,2025-01-24 10:32:30,35.5,Clear,32,Good,Sloped,3244.8,5.39,9.11,10,2143.3,191.2,38,3.37,84.3,2473.7,1,0,Fastened,No,No,1,92.2,No
158,2025-01-24 13:48:00,Morning,Excavator,EXC003,10,OP1025,52,17.2,SITE06,"Pune, MH",10.56944,77.31717,Leveling,2025-01-24 13:48:00,2025-01-24 14:05:30,17.5,Clear,25.1,Good,Muddy,4339,7.38,25.3,10,2190.9,506.5,10,4.44,90.7,2387.2,1,1,Fastened,No,No,0,100,No
159,2025-01-24 14:01:00,Afternoon,Bulldozer,BDZ003,12.8,OP1024,21,19.7,SITE08,"Vizag, AP",8.69785,75.64804,Leveling,2025-01-24 14:01:00,2025-01-24 15:01:06,60.1,Clear,29,Good,Flat,4954.1,5.29,5.28,9,2042,271,21,2.39,91.6,2490.3,0,0,Fastened,No,No,2,98.7,No
160,2025-01-24 14:21:00,Afternoon,Backhoe Loader,BHL003,3.7,OP1014,36,18.2,SITE01,"Chennai, TN",16.0155,78.11973,Demolition,2025-01-24 14:21:00,2025-01-24 14:49:18,28.3,Clear,32.1,Good,Uneven,4679.7,3.86,8.18,8,2747.3,286.3,59,1.49,93,2104.4,0,1,Fastened,Yes,No,4,61.9,Yes
161,2025-01-24 17:36:00,Afternoon,Backhoe Loader,BHL002,2.5,OP1011,37,8.5,SITE04,"Bengaluru, KA",14.71366,75.94394,Loading,2025-01-24 17:36:00,2025-01-24 18:13:12,37.2,Cloudy,24.9,Good,Muddy,4060.8,5.79,9.34,9,2442.5,625.9,31,3.81,97.1,2231,0,0,Fastened,No,No,0,95.3,No
162,2025-01-24 20:26:00,Afternoon,Wheel Loader,WLD002,2.4,OP1023,52,21.4,SITE04,"Bengaluru, KA",14.70639,75.9556,Loading,2025-01-24 20:26:00,2025-01-24 21:16:18,50.3,Clear,31.1,Good,Flat,4867.1,3.74,4.46,9,1727.3,626.6,9,5.34,95.9,2658.1,0,0,Fastened,No,No,3,100,No
163,2025-01-25 09:26:00,Morning,Bulldozer,BDZ001,6.9,OP1034,38,8.5,SITE03,"Vellore, TN",15.61849,79.1945,Demolition,2025-01-25 09:26:00,2025-01-25 10:13:18,47.3,Dust Storm,30.8,Poor,Flat,3699.4,3.36,4.26,7,1598.1,260.8,54,2.04,99.8,2657.8,0,0,Fastened,No,No,0,81.4,No
164,2025-01-25 10:39:00,Morning,Excavator,EXC002,9.5,OP1027,51,10.5,SITE04,"Bengaluru, KA",14.7101,75.96135,Digging,2025-01-25 10:39:00,2025-01-25 11:20:00,41,Fog,18.6,Poor,Uneven,4740.4,5.18,7.58,13,1630.8,343.7,57,2.93,99.9,2589.9,0,1,Fastened,No,No,0,87.1,No
165,2025-01-25 11:25:00,Morning,Bulldozer,BDZ001,12.7,OP1008,33,17.4,SITE07,"Nagpur, MH",18.23947,75.03992,Leveling,2025-01-25 11:25:00,2025-01-25 11:46:54,21.9,Extreme Heat,39.5,Good,Sloped,1839.7,5.99,16.41,7,1963.8,527.2,30,3.71,93.7,2814.9,1,0,Fastened,No,No,0,93.4,No
166,2025-01-25 11:59:00,Morning,Backhoe Loader,BHL001,4.5,OP1023,52,21.4,SITE07,"Nagpur, MH",18.23869,75.03961,Leveling,2025-01-25 11:59:00,2025-01-25 13:18:36,79.6,Clear,28.6,Good,Flat,4475.5,5.16,3.89,8,2307.9,408.8,20,4.42,91.1,2141.9,0,0,Fastened,No,No,0,99.6,No
167,2025-01-25 12:43:00,Morning,Bulldozer,BDZ001,9.5,OP1001,57,17.1,SITE01,"Chennai, TN",16.01267,78.12529,Demolition,2025-01-25 12:43:00,2025-01-25 14:12:54,89.9,Clear,30.6,Good,Flat,4934.5,6.73,4.49,9,1699.3,459.8,0,4.06,97.9,2415.9,1,0,Fastened,No,No,2,94.2,Yes
168,2025-01-25 13:20:00,Morning,Excavator,EXC003,8.5,OP1016,32,5.4,SITE02,"Coimbatore, TN",14.77853,81.93824,Material Transport,2025-01-25 13:20:00,2025-01-25 13:41:12,21.2,Clear,27.6,Good,Uneven,2043.6,2.51,7.1,8,2619.1,226.4,29,1.62,90.3,2132.7,0,1,Unfastened,No,No,2,93.5,No
169,2025-01-25 13:34:00,Morning,Excavator,EXC003,10.7,OP1012,52,20.4,SITE04,"Bengaluru, KA",14.71823,75.95279,Grading,2025-01-25 13:34:00,2025-01-25 14:22:54,48.9,Clear,29,Good,Muddy,4749.7,2.84,3.48,3,2683.6,359.3,12,4.09,96.1,2150.7,0,0,Fastened,No,No,2,81,Yes
170,2025-01-25 15:04:00,Afternoon,Excavator,EXC004,3.9,OP1022,28,8.1,SITE03,"Vellore, TN",15.62561,79.19663,Grading,2025-01-25 15:04:00,2025-01-25 16:12:48,68.8,Clear,32.8,Good,Flat,2856.2,7.77,6.78,6,1793.3,270.1,13,1.23,92.9,2385.2,0,0,Fastened,No,No,0,100,No
171,2025-01-25 16:49:00,Afternoon,Backhoe Loader,BHL003,13.9,OP1016,32,5.4,SITE06,"Pune, MH",10.58469,77.31789,Material Transport,2025-01-25 16:49:00,2025-01-25 17:32:00,43,Extreme Heat,40.8,Good,Flat,2825.8,2.91,4.06,8,1515.3,332.4,9,3.01,87.2,2315.2,1,0,Fastened,Yes,No,2,100,No
172,2025-01-25 20:58:00,Afternoon,Wheel Loader,WLD002,14.1,OP1036,43,4.6,SITE04,"Bengaluru, KA",14.70975,75.95146,Digging,2025-01-25 20:58:00,2025-01-25 22:18:18,80.3,Rain,26.7,Moderate,Muddy,2067.4,4.36,3.26,11,1917.4,179,0,4.68,83,2674.4,0,1,Unfastened,No,Yes,3,95.8,Yes
173,2025-01-25 22:45:00,Night,Wheel Loader,WLD001,5.4,OP1005,45,2.5,SITE01,"Chennai, TN",16.0246,78.13066,Digging,2025-01-25 22:45:00,2025-01-25 23:44:24,59.4,Rain,26.7,Moderate,Rocky,1858.2,3.34,3.37,14,2925.5,410,12,2.74,97,2239.5,0,1,Fastened,No,No,0,100,No
174,2025-01-26 00:42:00,Night,Wheel Loader,WLD001,3.3,OP1009,50,3.3,SITE06,"Pune, MH",10.58373,77.30401,Demolition,2025-01-26 00:42:00,2025-01-26 01:21:18,39.3,Rain,20.6,Moderate,Flat,1882.7,3.26,4.98,9,2372.6,109.3,11,2.01,84.7,2245.5,0,1,Fastened,No,No,0,100,No
175,2025-01-26 03:57:00,Night,Wheel Loader,WLD003,6,OP1005,45,2.5,SITE05,"Hyderabad, TS",8.37232,77.66935,Grading,2025-01-26 03:57:00,2025-01-26 04:38:24,41.4,Rain,24.6,Moderate,Sloped,4868.2,4.16,6.03,8,2277.1,374.4,7,4.29,85.7,2367.6,0,0,Fastened,No,No,0,100,No
176,2025-01-26 10:17:00,Morning,Backhoe Loader,BHL001,1.6,OP1038,26,10.7,SITE06,"Pune, MH",10.57395,77.30782,Trenching,2025-01-26 10:17:00,2025-01-26 11:07:36,50.6,Clear,33.6,Good,Muddy,4497.4,3.26,3.87,11,1094.3,191.4,57,4.13,86.5,3068.1,0,0,Fastened,No,No,1,83.9,No
177,2025-01-26 11:00:00,Morning,Excavator,EXC001,11.9,OP1010,53,10.2,SITE05,"Hyderabad, TS",8.36785,77.67532,Material Transport,2025-01-26 11:00:00,2025-01-26 11:44:42,44.7,Clear,29.8,Good,Uneven,3177.7,2.61,3.5,12,1278.2,292.7,52,1.79,98.2,2506.8,1,1,Fastened,No,Yes,1,87.6,No
178,2025-01-26 17:37:00,Afternoon,Bulldozer,BDZ001,11,OP1030,48,15.2,SITE06,"Pune, MH",10.5707,77.30714,Leveling,2025-01-26 17:37:00,2025-01-26 17:48:12,11.2,Dust Storm,35.8,Poor,Uneven,4129.7,5.79,31.02,9,1870.6,440.4,32,1.75,86.9,2469.6,0,1,Fastened,No,No,2,93.2,No
179,2025-01-26 18:24:00,Afternoon,Motor Grader,MGR001,9.1,OP1039,30,5.4,SITE05,"Hyderabad, TS",8.37348,77.67039,Digging,2025-01-26 18:24:00,2025-01-26 19:08:54,44.9,Clear,25.8,Good,Flat,2227.8,4.27,5.71,9,2063.1,441.7,7,2.23,86.4,2347.2,1,0,Fastened,No,No,0,100,No
180,2025-01-26 19:45:00,Afternoon,Bulldozer,BDZ003,0.6,OP1037,22,3.3,SITE03,"Vellore, TN",15.61397,79.19653,Loading,2025-01-26 19:45:00,2025-01-26 20:41:36,56.6,Dust Storm,30.1,Poor,Muddy,3134.7,0.63,0.67,10,1569.6,328.4,27,1.74,82.5,1949,0,0,Unfastened,No,No,2,81.9,Yes
181,2025-01-27 04:32:00,Night,Excavator,EXC001,0.9,OP1039,30,5.4,SITE04,"Bengaluru, KA",14.70689,75.94728,Material Transport,2025-01-27 04:32:00,2025-01-27 05:33:30,61.5,Cloudy,28.4,Good,Flat,3123,4.74,4.62,8,1448.1,433.3,20,1.22,103.4,2600.1,2,1,Fastened,Yes,No,0,99.6,No
182,2025-01-27 11:12:00,Morning,Wheel Loader,WLD004,14,OP1028,46,1.4,SITE01,"Chennai, TN",16.01745,78.11493,Trenching,2025-01-27 11:12:00,2025-01-27 12:34:42,82.7,Clear,26.7,Good,Muddy,2840.5,2.63,1.91,11,2074.4,165.2,9,4.98,101.3,2055.1,1,1,Fastened,No,No,0,100,No
183,2025-01-28 00:55:00,Night,Excavator,EXC001,1.7,OP1007,24,16.9,SITE06,"Pune, MH",10.57101,77.30857,Material Transport,2025-01-28 00:55:00,2025-01-28 01:12:30,17.5,Clear,24.9,Good,Uneven,4261,6.22,21.33,13,1204.3,411.3,20,2.34,108.1,2722.7,2,0,Fastened,No,No,0,100,No
184,2025-01-28 04:40:00,Night,Excavator,EXC001,3.7,OP1037,22,3.3,SITE06,"Pune, MH",10.57784,77.30652,Leveling,2025-01-28 04:40:00,2025-01-28 05:08:42,28.7,Fog,15.7,Poor,Flat,3052.2,4.67,9.76,14,1375,365,52,1.72,90.6,2565.8,2,0,Fastened,No,No,0,90.8,No
185,2025-01-28 09:29:00,Morning,Wheel Loader,WLD004,6.7,OP1029,39,3.8,SITE01,"Chennai, TN",16.02796,78.12184,Material Transport,2025-01-28 09:29:00,2025-01-28 10:09:12,40.2,Extreme Heat,44.5,Good,Muddy,3527.7,2.33,3.48,10,2067.8,401.6,10,3.61,93,2339.2,0,0,Fastened,Yes,No,0,100,No
186,2025-01-28 09:39:00,Morning,Wheel Loader,WLD002,2.1,OP1040,25,14.9,SITE06,"Pune, MH",10.57979,77.31986,Material Transport,2025-01-28 09:39:00,2025-01-28 10:22:18,43.3,Cloudy,31.9,Good,Sloped,4408.3,5.1,7.07,8,2371.5,174.6,19,4.06,95.4,2867.6,2,2,Unfastened,No,No,0,85.1,Yes
187,2025-01-28 11:43:00,Morning,Backhoe Loader,BHL001,3.5,OP1017,30,12.4,SITE06,"Pune, MH",10.56905,77.31583,Loading,2025-01-28 11:43:00,2025-01-28 12:27:12,44.2,Clear,27.7,Good,Uneven,4235,2.63,3.57,7,2630.5,456,48,2.33,86,2717.3,1,1,Fastened,Yes,Yes,0,84.4,No
188,2025-01-28 18:01:00,Afternoon,Excavator,EXC002,9.1,OP1025,52,17.2,SITE08,"Vizag, AP",8.7035,75.66114,Leveling,2025-01-28 18:01:00,2025-01-28 18:32:24,31.4,Cloudy,29.1,Good,Flat,2874.2,0.99,1.89,8,1919.9,343.4,13,3.86,80.8,2206.8,0,0,Fastened,No,No,0,100,No
189,2025-01-28 19:51:00,Afternoon,Backhoe Loader,BHL003,14.1,OP1028,46,1.4,SITE02,"Coimbatore, TN",14.78082,81.9368,Material Transport,2025-01-28 19:51:00,2025-01-28 20:25:54,34.9,Clear,35,Good,Uneven,2999.2,4.84,8.32,6,1685.8,370.8,33,4.68,85.4,2546.6,1,0,Fastened,Yes,No,1,89.9,No
190,2025-01-28 22:08:00,Night,Motor Grader,MGR001,5.5,OP1026,51,4.7,SITE06,"Pune, MH",10.57581,77.30861,Leveling,2025-01-28 22:08:00,2025-01-28 23:22:36,74.6,Extreme Heat,42.5,Good,Muddy,4296.8,4.73,3.8,6,1477.5,316.5,7,1.42,98,2411.2,0,0,Unfastened,No,No,2,100,No
191,2025-01-29 00:01:00,Night,Wheel Loader,WLD001,11.3,OP1037,22,3.3,SITE06,"Pune, MH",10.57818,77.30181,Leveling,2025-01-29 00:01:00,2025-01-29 01:25:24,84.4,Cloudy,22.3,Good,Muddy,2072.9,4.15,2.95,12,1716.4,171.7,26,2.18,92.8,2237.7,0,0,Fastened,No,No,9,94.2,No
192,2025-01-29 08:03:00,Morning,Wheel Loader,WLD004,11.4,OP1022,28,8.1,SITE06,"Pune, MH",10.58477,77.31727,Demolition,2025-01-29 08:03:00,2025-01-29 09:17:06,74.1,Rain,26.4,Moderate,Rocky,3679.5,4.92,3.98,6,2354.6,334.1,4,2.75,83.5,2547.6,1,1,Fastened,No,No,0,100,No
193,2025-01-29 08:32:00,Morning,Excavator,EXC002,11.5,OP1022,28,8.1,SITE06,"Pune, MH",10.58005,77.30437,Loading,2025-01-29 08:32:00,2025-01-29 09:11:48,39.8,Clear,25.9,Good,Flat,1793.4,3.58,5.4,9,2379.9,451.9,42,2.12,79.1,2285.4,0,0,Fastened,No,Yes,3,87.4,No
194,2025-01-29 09:44:00,Morning,Excavator,EXC002,10.2,OP1032,51,21.3,SITE02,"Coimbatore, TN",14.78344,81.94395,Material Transport,2025-01-29 09:44:00,2025-01-29 10:24:48,40.8,Clear,35.3,Good,Uneven,2495.5,5.85,8.6,12,1624,379.1,29,3.33,85.4,2798.9,0,0,Fastened,No,No,0,99.9,No
195,2025-01-29 12:48:00,Morning,Wheel Loader,WLD001,12.2,OP1011,37,8.5,SITE07,"Nagpur, MH",18.24519,75.0362,Leveling,2025-01-29 12:48:00,2025-01-29 13:11:12,23.2,Extreme Heat,43.8,Good,Flat,3980,4.06,10.5,9,2004.4,374.7,12,1.59,92.5,2065.6,0,0,Fastened,Yes,No,0,100,No
196,2025-01-29 13:26:00,Morning,Motor Grader,MGR001,10.3,OP1037,22,3.3,SITE02,"Coimbatore, TN",14.78157,81.95306,Trenching,2025-01-29 13:26:00,2025-01-29 13:41:36,15.6,Clear,25.6,Good,Sloped,1930.4,7.4,28.46,3,1320,265.3,0,3.01,85.3,2800.8,0,1,Fastened,No,No,1,100,No
197,2025-01-29 15:49:00,Afternoon,Excavator,EXC004,9.2,OP1028,46,1.4,SITE06,"Pune, MH",10.57402,77.31647,Trenching,2025-01-29 15:49:00,2025-01-29 16:16:00,27,Rain,25.5,Moderate,Flat,4171,7.35,16.33,4,1652.7,472.3,10,3.83,94.5,2468.1,0,0,Fastened,No,No,0,99.8,No
198,2025-01-29 21:23:00,Afternoon,Wheel Loader,WLD001,1.5,OP1035,40,10.6,SITE03,"Vellore, TN",15.61943,79.20648,Loading,2025-01-29 21:23:00,2025-01-29 22:08:24,45.4,Cloudy,23,Good,Muddy,4205.5,3.07,4.06,11,2083.2,252.5,4,1.96,85.6,2509.6,2,0,Fastened,No,No,1,100,No
199,2025-01-30 06:33:00,Morning,Motor Grader,MGR002,1.1,OP1028,46,1.4,SITE06,"Pune, MH",10.57917,77.30713,Leveling,2025-01-30 06:33:00,2025-01-30 07:25:36,52.6,Dust Storm,30.8,Poor,Muddy,2811.3,9.18,10.47,10,2424.8,310.9,4,3.92,85.2,2527.4,0,0,Fastened,No,No,2,100,No
200,2025-01-30 10:13:00,Morning,Backhoe Loader,BHL001,10.1,OP1034,38,8.5,SITE07,"Nagpur, MH",18.23339,75.04571,Grading,2025-01-30 10:13:00,2025-01-30 11:13:54,60.9,Clear,28.9,Good,Flat,2748.2,4.8,4.73,6,1856.9,219.1,43,4.37,88.2,2676.6,0,1,Fastened,No,No,0,85.7,No
201,2025-01-30 11:01:00,Morning,Wheel Loader,WLD002,8.3,OP1039,30,5.4,SITE03,"Vellore, TN",15.6191,79.19622,Material Transport,2025-01-30 11:01:00,2025-01-30 11:37:54,36.9,Clear,25.6,Good,Rocky,2865.5,10.08,16.39,6,872.5,551,54,1.76,88.5,2741.8,0,0,Fastened,Yes,No,0,80.2,No
202,2025-01-30 20:15:00,Afternoon,Backhoe Loader,BHL003,9.3,OP1011,37,8.5,SITE06,"Pune, MH",10.57491,77.3138,Loading,2025-01-30 20:15:00,2025-01-30 20:35:36,20.6,Fog,19,Poor,Sloped,2708.7,2.95,8.59,8,2063.3,293.9,11,1.54,91,2857.2,1,0,Fastened,No,No,2,100,No
203,2025-01-30 22:09:00,Night,Wheel Loader,WLD002,5.1,OP1023,52,21.4,SITE05,"Hyderabad, TS",8.37012,77.67415,Trenching,2025-01-30 22:09:00,2025-01-30 22:43:36,34.6,Rain,21.8,Moderate,Rocky,4157.4,3.33,5.77,12,2014.8,459.9,37,3.93,82.4,2532.6,0,0,Fastened,No,No,2,94.3,No
204,2025-01-30 23:13:00,Night,Bulldozer,BDZ001,3.6,OP1019,45,18.3,SITE04,"Bengaluru, KA",14.70689,75.9614,Material Transport,2025-01-30 23:13:00,2025-01-30 23:51:54,38.9,Cloudy,25.2,Good,Uneven,3562.1,5.44,8.39,9,1234.7,181.8,16,2.65,86.2,2345.7,1,0,Fastened,No,No,2,86.2,Yes
205,2025-01-31 00:07:00,Night,Wheel Loader,WLD001,2.4,OP1007,24,16.9,SITE04,"Bengaluru, KA",14.70728,75.95461,Grading,2025-01-31 00:07:00,2025-01-31 00:30:00,23,Clear,27.4,Good,Rocky,2278.6,2.92,7.62,21,1356,93.6,10,3.38,102.8,2628.7,0,0,Fastened,No,No,1,100,No
206,2025-01-31 04:16:00,Night,Bulldozer,BDZ001,14.7,OP1038,26,10.7,SITE01,"Chennai, TN",16.02296,78.11882,Material Transport,2025-01-31 04:16:00,2025-01-31 04:29:30,13.5,Rain,24.1,Moderate,Rocky,3927.9,6.68,29.69,8,471.2,450.5,17,2.14,85,2427.8,1,0,Fastened,No,Yes,1,100,No
207,2025-01-31 07:28:00,Morning,Bulldozer,BDZ003,2.4,OP1039,30,5.4,SITE05,"Hyderabad, TS",8.37428,77.67929,Grading,2025-01-31 07:28:00,2025-01-31 07:56:42,28.7,Clear,32.6,Good,Uneven,2264,3.3,6.9,4,1847.2,432.9,122,3.93,84.7,2898.8,1,1,Fastened,No,No,0,43.8,No
208,2025-01-31 15:04:00,Afternoon,Motor Grader,MGR001,6.3,OP1037,22,3.3,SITE06,"Pune, MH",10.57584,77.31493,Demolition,2025-01-31 15:04:00,2025-01-31 16:06:48,62.8,Extreme Heat,45.8,Good,Muddy,1581.3,5.17,4.94,17,2683.2,367.8,17,2.7,98.8,2308.2,0,0,Fastened,Yes,No,2,100,No
209,2025-01-31 20:37:00,Afternoon,Excavator,EXC003,11.1,OP1006,48,21.5,SITE07,"Nagpur, MH",18.23294,75.03523,Leveling,2025-01-31 20:37:00,2025-01-31 20:53:48,16.8,Clear,34.1,Good,Uneven,2219.9,5.38,19.21,6,1135.7,443.7,12,4.48,93.5,2318.2,0,0,Fastened,No,No,3,98.8,No
210,2025-02-01 01:16:00,Night,Backhoe Loader,BHL002,3.7,OP1001,57,17.1,SITE01,"Chennai, TN",16.02254,78.12147,Trenching,2025-02-01 01:16:00,2025-02-01 02:13:06,57.1,Cloudy,30.4,Good,Flat,3082.8,3.01,3.16,8,1985.5,476.9,26,3.05,99.6,2406.3,1,0,Fastened,No,No,1,95.8,No
211,2025-02-01 04:56:00,Night,Bulldozer,BDZ003,6.6,OP1038,26,10.7,SITE01,"Chennai, TN",16.02691,78.11901,Grading,2025-02-01 04:56:00,2025-02-01 06:01:00,65,Rain,24.8,Moderate,Uneven,2258,2.18,2.01,9,2125.6,367.3,4,4.44,89.6,2322.5,1,0,Fastened,No,No,1,100,No
212,2025-02-01 08:26:00,Morning,Excavator,EXC004,3.6,OP1017,30,12.4,SITE06,"Pune, MH",10.57621,77.3186,Demolition,2025-02-01 08:26:00,2025-02-01 09:27:42,61.7,Cloudy,23.1,Good,Flat,4377.4,2.52,2.45,5,1868,557.2,5,3.74,97.1,2609.7,0,0,Unfastened,No,Yes,11,94.7,No
213,2025-02-01 08:43:00,Morning,Wheel Loader,WLD004,2,OP1040,25,14.9,SITE07,"Nagpur, MH",18.23914,75.03629,Material Transport,2025-02-01 08:43:00,2025-02-01 09:15:54,32.9,Cloudy,23.6,Good,Rocky,4425.9,3.93,7.17,8,2219.7,230.8,18,2.29,97.7,2642.8,0,1,Fastened,No,Yes,4,97.4,No
214,2025-02-01 15:04:00,Afternoon,Backhoe Loader,BHL002,3.3,OP1022,28,8.1,SITE03,"Vellore, TN",15.60831,79.19444,Material Transport,2025-02-01 15:04:00,2025-02-01 15:58:48,54.8,Cloudy,30.6,Good,Uneven,2803.9,8.39,9.19,11,1622.9,437.9,21,2.75,89.4,2070,0,1,Fastened,No,No,0,100,No
215,2025-02-02 03:37:00,Night,Bulldozer,BDZ001,4.8,OP1003,27,19,SITE02,"Coimbatore, TN",14.79097,81.9528,Digging,2025-02-02 03:37:00,2025-02-02 04:12:12,35.2,Rain,21.5,Moderate,Uneven,3637.9,6.64,11.32,8,2637.7,141.6,8,1.39,100.8,2623,0,0,Fastened,No,No,0,100,No
216,2025-02-02 09:51:00,Morning,Backhoe Loader,BHL001,11.2,OP1005,45,2.5,SITE08,"Vizag, AP",8.70231,75.65941,Leveling,2025-02-02 09:51:00,2025-02-02 10:54:42,63.7,Clear,34.1,Good,Flat,2543.4,3.24,3.05,7,2190.4,293.5,14,2.4,90.6,2773,2,2,Fastened,No,Yes,14,75.2,Yes
217,2025-02-02 10:52:00,Morning,Excavator,EXC004,12.8,OP1039,30,5.4,SITE06,"Pune, MH",10.56748,77.31748,Loading,2025-02-02 10:52:00,2025-02-02 11:21:30,29.5,Cloudy,25.2,Good,Sloped,4251.8,1.65,3.36,9,1693.6,451.9,5,3.79,92.8,2420.7,1,0,Fastened,No,No,0,100,No
218,2025-02-02 12:38:00,Morning,Wheel Loader,WLD004,5.7,OP1003,27,19,SITE03,"Vellore, TN",15.61832,79.19041,Loading,2025-02-02 12:38:00,2025-02-02 14:04:06,86.1,Rain,21.4,Moderate,Rocky,2621.4,2.42,1.69,7,450.1,343.3,32,3.78,96.4,2323.1,0,1,Fastened,No,No,2,90.8,No
219,2025-02-02 14:15:00,Afternoon,Wheel Loader,WLD001,11.9,OP1036,43,4.6,SITE08,"Vizag, AP",8.70019,75.66285,Demolition,2025-02-02 14:15:00,2025-02-02 15:14:42,59.7,Rain,22.3,Moderate,Uneven,4271.9,3.08,3.1,13,448.9,1.9,2,4.42,90.5,2223.2,0,0,Fastened,No,Yes,2,100,No
220,2025-02-02 15:36:00,Afternoon,Backhoe Loader,BHL001,10.6,OP1008,33,17.4,SITE08,"Vizag, AP",8.70214,75.65344,Grading,2025-02-02 15:36:00,2025-02-02 16:04:06,28.1,Rain,23.8,Moderate,Rocky,3341.8,7.26,15.5,9,2291.9,152.3,39,2.84,94.4,2456.1,1,0,Fastened,Yes,No,0,76.3,Yes
221,2025-02-02 20:30:00,Afternoon,Wheel Loader,WLD001,13,OP1015,56,10,SITE03,"Vellore, TN",15.60808,79.19469,Trenching,2025-02-02 20:30:00,2025-02-02 21:09:24,39.4,Extreme Heat,45.7,Good,Sloped,4576.3,6.08,9.26,15,1961.5,353.5,33,2.33,95.3,2293.2,0,0,Unfastened,No,No,1,100,No
222,2025-02-03 07:14:00,Morning,Excavator,EXC002,6.6,OP1001,57,17.1,SITE02,"Coimbatore, TN",14.77592,81.9418,Digging,2025-02-03 07:14:00,2025-02-03 08:11:54,57.9,Extreme Heat,43.9,Good,Muddy,4106.8,0.3,0.31,8,2078.5,274.1,4,2.08,90.9,2240.8,1,0,Fastened,No,No,0,100,No
223,2025-02-03 15:30:00,Afternoon,Bulldozer,BDZ003,8.9,OP1036,43,4.6,SITE02,"Coimbatore, TN",14.79188,81.94386,Trenching,2025-02-03 15:30:00,2025-02-03 16:14:48,44.8,Clear,26.4,Good,Rocky,1903,1.68,2.25,12,1339.7,340.2,8,3.76,98.1,2255,0,0,Unfastened,No,No,4,92.2,Yes
224,2025-02-03 17:15:00,Afternoon,Wheel Loader,WLD002,6.9,OP1018,47,1.9,SITE03,"Vellore, TN",15.62574,79.20221,Leveling,2025-02-03 17:15:00,2025-02-03 18:04:48,49.8,Rain,23.2,Moderate,Uneven,3088.9,5.21,6.28,8,1158,136.6,39,3.15,91.2,2521,1,0,Fastened,No,No,0,90.1,No
225,2025-02-03 21:58:00,Afternoon,Bulldozer,BDZ003,11.2,OP1022,28,8.1,SITE03,"Vellore, TN",15.60824,79.19511,Trenching,2025-02-03 21:58:00,2025-02-03 22:17:42,19.7,Clear,28.8,Good,Uneven,2799.3,2.02,6.15,11,1257.3,215.1,35,3.69,90,2584.7,1,1,Fastened,Yes,No,0,95.7,No
226,2025-02-04 09:26:00,Morning,Wheel Loader,WLD003,7.6,OP1025,52,17.2,SITE01,"Chennai, TN",16.01882,78.13398,Material Transport,2025-02-04 09:26:00,2025-02-04 10:14:42,48.7,Dust Storm,31.5,Poor,Uneven,2404.7,4.91,6.05,8,2655.5,103.7,4,1.97,92.6,2197.9,1,0,Fastened,No,No,0,100,No
227,2025-02-04 11:28:00,Morning,Wheel Loader,WLD004,10,OP1002,38,9.9,SITE08,"Vizag, AP",8.69625,75.65561,Grading,2025-02-04 11:28:00,2025-02-04 12:08:24,40.4,Fog,17.7,Poor,Flat,1905.6,4.58,6.8,5,1553.4,351.6,65,3.02,106.5,2419,1,0,Fastened,No,No,0,73.5,No
228,2025-02-04 14:50:00,Afternoon,Backhoe Loader,BHL001,4.3,OP1015,56,10,SITE03,"Vellore, TN",15.60769,79.19052,Material Transport,2025-02-04 14:50:00,2025-02-04 15:22:42,32.7,Clear,34.8,Good,Flat,3345.5,4.29,7.87,2,1240.2,159.2,14,3.76,99.1,2539.7,1,1,Unfastened,No,No,1,94.6,No
229,2025-02-04 20:27:00,Afternoon,Wheel Loader,WLD004,12.7,OP1017,30,12.4,SITE05,"Hyderabad, TS",8.36448,77.67946,Leveling,2025-02-04 20:27:00,2025-02-04 21:23:30,56.5,Clear,25.5,Good,Rocky,3334.5,3.09,3.28,11,1373.1,236.8,1,3.87,82.7,2312.2,2,0,Unfastened,No,Yes,0,100,No
230,2025-02-05 13:29:00,Morning,Backhoe Loader,BHL002,6.6,OP1035,40,10.6,SITE08,"Vizag, AP",8.69328,75.66795,Loading,2025-02-05 13:29:00,2025-02-05 13:51:00,22,Clear,34.3,Good,Uneven,3465.4,6.65,18.14,4,2667.6,414.5,2,2.79,92.2,2421.7,0,0,Fastened,No,No,1,100,No
231,2025-02-05 14:10:00,Afternoon,Bulldozer,BDZ001,3.1,OP1039,30,5.4,SITE07,"Nagpur, MH",18.25013,75.0378,Trenching,2025-02-05 14:10:00,2025-02-05 14:52:12,42.2,Cloudy,30,Good,Uneven,3553.3,8.3,11.8,9,1440.5,197.6,15,2.5,86.9,2211.1,0,1,Fastened,No,No,3,100,No
232,2025-02-06 00:02:00,Night,Wheel Loader,WLD001,3.2,OP1035,40,10.6,SITE07,"Nagpur, MH",18.23582,75.03135,Demolition,2025-02-06 00:02:00,2025-02-06 00:10:42,8.7,Clear,35.7,Good,Rocky,4204.9,6.99,48.21,11,2454.4,419.1,8,4.48,101.3,2359.7,1,0,Unfastened,No,Yes,1,93.4,Yes
233,2025-02-06 01:09:00,Night,Wheel Loader,WLD003,1.3,OP1022,28,8.1,SITE02,"Coimbatore, TN",14.78798,81.94168,Leveling,2025-02-06 01:09:00,2025-02-06 01:50:00,41,Fog,20.6,Poor,Muddy,1617.2,3.94,5.77,10,2485.6,97.6,3,1.4,98.8,2643.2,2,0,Fastened,Yes,No,2,100,No
234,2025-02-06 10:27:00,Morning,Wheel Loader,WLD003,14.9,OP1033,42,7.5,SITE05,"Hyderabad, TS",8.36205,77.68242,Trenching,2025-02-06 10:27:00,2025-02-06 11:05:18,38.3,Clear,29.8,Good,Muddy,2665.3,2.54,3.98,9,2681.6,286.5,10,4.1,95.1,2510.2,0,0,Fastened,No,No,0,100,No
235,2025-02-06 12:01:00,Morning,Excavator,EXC002,12.1,OP1021,53,16.8,SITE02,"Coimbatore, TN",14.77545,81.95408,Loading,2025-02-06 12:01:00,2025-02-06 12:46:42,45.7,Clear,27.9,Good,Uneven,2709.4,5.72,7.51,7,1372.8,144.8,1,1.7,83.5,2269.2,0,0,Fastened,No,No,4,100,No
236,2025-02-06 12:07:00,Morning,Excavator,EXC004,11.4,OP1035,40,10.6,SITE07,"Nagpur, MH",18.24317,75.04973,Digging,2025-02-06 12:07:00,2025-02-06 12:20:00,13,Clear,32.3,Good,Flat,3163.6,5.58,25.75,10,1359.4,336.7,5,2.86,92.6,2823.2,0,0,Fastened,No,No,0,100,No
237,2025-02-06 18:49:00,Afternoon,Bulldozer,BDZ003,3.7,OP1016,32,5.4,SITE02,"Coimbatore, TN",14.78667,81.95323,Material Transport,2025-02-06 18:49:00,2025-02-06 19:45:48,56.8,Rain,24,Moderate,Muddy,4025.8,5.72,6.04,13,1770.5,205.3,78,4.49,82.1,2646.1,1,0,Fastened,No,No,0,76.6,No
238,2025-02-06 22:19:00,Night,Wheel Loader,WLD001,5.4,OP1018,47,1.9,SITE05,"Hyderabad, TS",8.37372,77.67899,Demolition,2025-02-06 22:19:00,2025-02-06 23:23:06,64.1,Cloudy,24.2,Good,Uneven,3609.3,4.52,4.23,9,1016.4,297.7,47,3.27,82.7,2159.8,0,0,Fastened,No,No,0,87.3,No
239,2025-02-06 23:18:00,Night,Excavator,EXC002,14.5,OP1031,31,16.5,SITE08,"Vizag, AP",8.69959,75.66528,Leveling,2025-02-06 23:18:00,2025-02-07 00:02:42,44.7,Clear,33.4,Good,Muddy,4225,4.36,5.85,8,2816.5,323.7,3,3.26,86,2525.6,0,0,Fastened,No,Yes,4,100,No
240,2025-02-06 23:36:00,Night,Wheel Loader,WLD003,10.2,OP1021,53,16.8,SITE03,"Vellore, TN",15.62446,79.19063,Leveling,2025-02-06 23:36:00,2025-02-07 00:12:00,36,Rain,25.9,Moderate,Rocky,2971,5.69,9.48,7,1458.6,367.9,17,2.76,87.9,2274.8,0,0,Unfastened,No,No,3,82.5,Yes
241,2025-02-07 06:52:00,Morning,Excavator,EXC005,5.2,OP1014,36,18.2,SITE07,"Nagpur, MH",18.24994,75.03501,Material Transport,2025-02-07 06:52:00,2025-02-07 06:57:00,5,Clear,29.3,Good,Muddy,4206.6,3.21,32.1,7,1828.2,503.9,69,1.32,91.1,2585,1,0,Fastened,No,No,1,73.1,No
242,2025-02-07 07:49:00,Morning,Wheel Loader,WLD001,13.2,OP1016,32,5.4,SITE06,"Pune, MH",10.58448,77.30147,Material Transport,2025-02-07 07:49:00,2025-02-07 08:21:54,32.9,Extreme Heat,38.6,Good,Uneven,4675.2,2.87,5.23,7,2092.8,297.8,18,3.48,93.1,2568.6,2,0,Fastened,No,No,3,97,No
243,2025-02-07 12:06:00,Morning,Bulldozer,BDZ002,12.4,OP1032,51,21.3,SITE04,"Bengaluru, KA",14.70345,75.94687,Grading,2025-02-07 12:06:00,2025-02-07 12:39:48,33.8,Clear,30.6,Good,Rocky,3068.8,6.43,11.41,8,2128.9,97.7,6,1.07,84.4,1845.1,1,0,Fastened,No,No,0,100,No
244,2025-02-07 19:23:00,Afternoon,Excavator,EXC001,9.9,OP1037,22,3.3,SITE07,"Nagpur, MH",18.23161,75.05006,Digging,2025-02-07 19:23:00,2025-02-07 20:36:00,73,Cloudy,29.9,Good,Uneven,4060.8,3.83,3.15,8,1820.8,606.7,26,3.89,104.7,2350.9,0,0,Fastened,No,No,0,96.6,No
245,2025-02-08 06:51:00,Morning,Excavator,EXC003,6.2,OP1040,25,14.9,SITE01,"Chennai, TN",16.01863,78.12273,Grading,2025-02-08 06:51:00,2025-02-08 07:43:06,52.1,Cloudy,28.9,Good,Flat,2916.7,3.73,4.3,15,2039.6,284.8,13,2.17,103,2523.2,0,0,Fastened,No,No,2,100,No
246,2025-02-08 10:15:00,Morning,Excavator,EXC004,11.6,OP1026,51,4.7,SITE05,"Hyderabad, TS",8.37131,77.67812,Grading,2025-02-08 10:15:00,2025-02-08 10:27:12,12.2,Clear,35.9,Good,Uneven,3944.8,5.65,27.79,8,966.3,400.6,10,2.63,93.6,2546.4,1,0,Fastened,No,No,2,100,No
247,2025-02-08 11:38:00,Morning,Excavator,EXC004,8.3,OP1001,57,17.1,SITE05,"Hyderabad, TS",8.36322,77.67744,Digging,2025-02-08 11:38:00,2025-02-08 12:50:30,72.5,Clear,31.5,Good,Uneven,1854,3.22,2.66,7,1416.5,443.1,5,4.51,90.1,2610.9,0,2,Fastened,No,No,0,100,No
248,2025-02-08 15:55:00,Afternoon,Wheel Loader,WLD001,3.2,OP1036,43,4.6,SITE04,"Bengaluru, KA",14.70432,75.94762,Trenching,2025-02-08 15:55:00,2025-02-08 16:12:24,17.4,Clear,28.7,Good,Uneven,3504,1.91,6.59,4,3039.1,241.1,1,4.34,98.2,2425.1,0,0,Fastened,No,No,0,100,No
249,2025-02-08 18:46:00,Afternoon,Excavator,EXC001,7.4,OP1008,33,17.4,SITE06,"Pune, MH",10.58224,77.31049,Leveling,2025-02-08 18:46:00,2025-02-08 19:08:12,22.2,Rain,22,Moderate,Muddy,2969.8,4.85,13.11,11,3453.4,398.8,1,4.11,90,2623.8,0,1,Unfastened,Yes,Yes,8,100,No
250,2025-02-08 21:24:00,Afternoon,Wheel Loader,WLD002,9.7,OP1030,48,15.2,SITE05,"Hyderabad, TS",8.37713,77.68222,Grading,2025-02-08 21:24:00,2025-02-08 22:13:18,49.3,Extreme Heat,39.8,Good,Sloped,3985.1,6.53,7.95,13,997,250.6,5,2.17,88.8,2466.1,0,0,Unfastened,No,No,1,100,No
251,2025-02-08 22:55:00,Night,Excavator,EXC002,14.7,OP1001,57,17.1,SITE03,"Vellore, TN",15.61303,79.20358,Leveling,2025-02-08 22:55:00,2025-02-08 23:37:06,42.1,Extreme Heat,45.1,Good,Muddy,4671.6,2.39,3.41,6,2029.2,0,4,3.4,101.3,2124.1,1,0,Fastened,No,No,3,100,No
252,2025-02-09 07:19:00,Morning,Backhoe Loader,BHL001,0.7,OP1009,50,3.3,SITE05,"Hyderabad, TS",8.37922,77.66882,Material Transport,2025-02-09 07:19:00,2025-02-09 08:06:36,47.6,Clear,35.7,Good,Flat,2174.7,5.27,6.64,12,1759.7,224,35,4.1,91.8,2720.5,0,0,Fastened,No,Yes,1,96.1,No
253,2025-02-09 07:30:00,Morning,Bulldozer,BDZ003,13,OP1002,38,9.9,SITE02,"Coimbatore, TN",14.78089,81.95059,Digging,2025-02-09 07:30:00,2025-02-09 07:35:00,5,Clear,28.2,Good,Flat,4153.3,3.8,38,4,385,607,9,3.75,78.6,2525.4,1,0,Fastened,No,No,0,100,No
254,2025-02-09 09:14:00,Morning,Wheel Loader,WLD002,13.4,OP1035,40,10.6,SITE02,"Coimbatore, TN",14.79272,81.94271,Loading,2025-02-09 09:14:00,2025-02-09 10:13:00,59,Clear,27.8,Good,Uneven,4256.4,6.13,6.23,4,1261.9,235.2,3,2.54,91.7,2564.7,0,0,Fastened,No,Yes,2,100,No
255,2025-02-09 10:29:00,Morning,Wheel Loader,WLD002,13.8,OP1025,52,17.2,SITE06,"Pune, MH",10.58132,77.30697,Leveling,2025-02-09 10:29:00,2025-02-09 11:09:00,40,Extreme Heat,44.6,Good,Flat,2677.6,2.67,4,7,1729.4,176.4,23,1.54,95.2,2011.9,0,0,Fastened,No,No,0,96.9,No
256,2025-02-09 11:12:00,Morning,Wheel Loader,WLD003,10.8,OP1023,52,21.4,SITE05,"Hyderabad, TS",8.36828,77.68188,Loading,2025-02-09 11:12:00,2025-02-09 12:01:12,49.2,Clear,31,Good,Uneven,4665.2,3.72,4.54,12,1798.5,396.4,29,3.46,84.1,2383.5,1,1,Fastened,No,Yes,5,95.9,No
257,2025-02-09 15:38:00,Afternoon,Bulldozer,BDZ002,3.7,OP1002,38,9.9,SITE07,"Nagpur, MH",18.23638,75.0331,Leveling,2025-02-09 15:38:00,2025-02-09 16:37:48,59.8,Clear,34.9,Good,Flat,4709.8,6.26,6.28,8,2358.5,533.9,8,3.84,95.5,2281.1,0,0,Fastened,No,No,2,100,No
258,2025-02-09 16:34:00,Afternoon,Excavator,EXC005,15,OP1015,56,10,SITE04,"Bengaluru, KA",14.71867,75.95146,Leveling,2025-02-09 16:34:00,2025-02-09 17:21:36,47.6,Cloudy,24.9,Good,Flat,4814.7,4.35,5.48,7,1070.8,308.4,21,4.73,96,2350.4,2,0,Fastened,No,No,4,94.7,No
259,2025-02-09 21:02:00,Afternoon,Excavator,EXC004,5.9,OP1007,24,16.9,SITE08,"Vizag, AP",8.69567,75.64961,Leveling,2025-02-09 21:02:00,2025-02-09 22:01:48,59.8,Clear,30.9,Good,Flat,3408.9,2.31,2.32,11,755.3,473.6,57,3.46,91.3,2191.1,0,0,Fastened,No,No,1,83.9,No
260,2025-02-09 21:06:00,Afternoon,Bulldozer,BDZ001,14.6,OP1027,51,10.5,SITE02,"Coimbatore, TN",14.77514,81.93638,Material Transport,2025-02-09 21:06:00,2025-02-09 21:36:54,30.9,Rain,25.1,Moderate,Uneven,2653.8,8.32,16.16,5,1798.6,479.6,49,2.82,87.9,2762,0,0,Fastened,No,No,0,66.5,Yes
261,2025-02-09 23:49:00,Night,Excavator,EXC003,0.7,OP1014,36,18.2,SITE05,"Hyderabad, TS",8.36093,77.67446,Leveling,2025-02-09 23:49:00,2025-02-10 00:30:00,41,Clear,32.6,Good,Uneven,4038.5,3.8,5.56,7,720.8,344.1,98,4.76,90,2446.4,1,1,Fastened,No,No,1,58.6,No
262,2025-02-10 00:36:00,Night,Backhoe Loader,BHL001,14.6,OP1016,32,5.4,SITE06,"Pune, MH",10.57255,77.31394,Trenching,2025-02-10 00:36:00,2025-02-10 01:30:18,54.3,Extreme Heat,41.7,Good,Sloped,2483.8,4.78,5.28,8,718,147.7,27,4.94,89.8,2021.8,1,2,Fastened,No,Yes,16,83.3,No
263,2025-02-10 07:04:00,Morning,Bulldozer,BDZ002,14.1,OP1011,37,8.5,SITE01,"Chennai, TN",16.02225,78.12162,Loading,2025-02-10 07:04:00,2025-02-10 07:54:36,50.6,Rain,21.8,Moderate,Flat,2553.4,4.39,5.21,6,1444.2,578.8,31,2.53,88.1,2620,0,1,Fastened,No,No,3,89.3,No
264,2025-02-10 08:36:00,Morning,Excavator,EXC005,11.6,OP1011,37,8.5,SITE01,"Chennai, TN",16.01094,78.1314,Demolition,2025-02-10 08:36:00,2025-02-10 09:09:42,33.7,Clear,31.1,Good,Flat,3820.2,3.17,5.64,8,1138.7,336.5,5,3.4,104.6,2722.9,1,3,Fastened,No,No,0,92.1,Yes
265,2025-02-10 11:38:00,Morning,Wheel Loader,WLD001,4.7,OP1011,37,8.5,SITE06,"Pune, MH",10.58405,77.31364,Digging,2025-02-10 11:38:00,2025-02-10 12:26:18,48.3,Cloudy,25,Good,Flat,3766.5,2.69,3.34,11,1088.3,110.5,94,2.81,86.8,1860.9,0,1,Fastened,No,No,0,66.2,No
266,2025-02-10 14:26:00,Afternoon,Motor Grader,MGR001,13.4,OP1038,26,10.7,SITE04,"Bengaluru, KA",14.70257,75.94998,Trenching,2025-02-10 14:26:00,2025-02-10 15:23:12,57.2,Cloudy,30.9,Good,Uneven,3585.1,4.55,4.77,10,1498,370.4,4,1.76,86.9,2639.4,1,0,Unfastened,No,Yes,8,100,No
267,2025-02-10 14:30:00,Afternoon,Bulldozer,BDZ001,6.7,OP1034,38,8.5,SITE07,"Nagpur, MH",18.23479,75.0424,Demolition,2025-02-10 14:30:00,2025-02-10 15:16:12,46.2,Clear,29.5,Good,Uneven,1603.2,6.59,8.56,5,1360.2,626.5,7,2.41,103.8,2499.8,0,0,Fastened,No,No,2,100,No
268,2025-02-10 22:35:00,Night,Bulldozer,BDZ002,14.9,OP1014,36,18.2,SITE05,"Hyderabad, TS",8.37277,77.66836,Demolition,2025-02-10 22:35:00,2025-02-10 23:39:00,64,Clear,32.3,Good,Flat,2455.3,3.64,3.41,9,2397,403.8,10,3.71,96.7,2173.5,0,0,Fastened,No,No,0,100,No
269,2025-02-11 01:03:00,Night,Wheel Loader,WLD003,5.3,OP1015,56,10,SITE02,"Coimbatore, TN",14.78639,81.93654,Leveling,2025-02-11 01:03:00,2025-02-11 01:29:00,26,Clear,28.6,Good,Flat,1854.2,4.19,9.67,10,2932.7,224.5,3,2.28,92,2753.8,0,1,Fastened,No,No,0,100,No
270,2025-02-11 02:34:00,Night,Motor Grader,MGR002,14.6,OP1017,30,12.4,SITE06,"Pune, MH",10.57179,77.30192,Material Transport,2025-02-11 02:34:00,2025-02-11 03:01:24,27.4,Cloudy,29.2,Good,Muddy,3922.6,4.46,9.77,7,804.4,352.3,31,0.98,84.3,2674.9,1,0,Fastened,No,No,2,91.3,No
271,2025-02-11 03:23:00,Night,Wheel Loader,WLD002,11.4,OP1038,26,10.7,SITE02,"Coimbatore, TN",14.78222,81.93903,Trenching,2025-02-11 03:23:00,2025-02-11 04:15:12,52.2,Cloudy,30.5,Good,Rocky,4387,9.2,10.57,6,1627.3,424.1,28,3.2,97.4,2406.4,1,0,Fastened,No,Yes,1,92.4,No
272,2025-02-11 09:13:00,Morning,Backhoe Loader,BHL002,12.3,OP1001,57,17.1,SITE07,"Nagpur, MH",18.24991,75.03752,Leveling,2025-02-11 09:13:00,2025-02-11 09:54:30,41.5,Clear,26.3,Good,Flat,3119.2,6.2,8.96,9,1804.8,78.1,24,2.82,87.2,2571.4,1,0,Fastened,No,No,0,98.8,No
273,2025-02-11 13:43:00,Morning,Bulldozer,BDZ001,14.3,OP1033,42,7.5,SITE01,"Chennai, TN",16.01773,78.12635,Grading,2025-02-11 13:43:00,2025-02-11 14:37:18,54.3,Cloudy,25.5,Good,Uneven,4601.3,1.26,1.39,10,1507.7,264.8,3,3.23,87.8,2409.6,1,0,Fastened,No,Yes,8,100,No
274,2025-02-11 19:15:00,Afternoon,Backhoe Loader,BHL002,12.4,OP1010,53,10.2,SITE08,"Vizag, AP",8.69606,75.65998,Demolition,2025-02-11 19:15:00,2025-02-11 19:25:54,10.9,Clear,24.5,Good,Rocky,3599.3,7.07,38.92,9,2537.4,452.8,14,3.63,89,2495.5,0,1,Fastened,No,No,1,100,No
275,2025-02-11 23:03:00,Night,Bulldozer,BDZ002,13.1,OP1028,46,1.4,SITE04,"Bengaluru, KA",14.71968,75.95555,Material Transport,2025-02-11 23:03:00,2025-02-11 23:48:48,45.8,Dust Storm,34.5,Poor,Rocky,3323,1.92,2.52,6,1777.3,641.1,1,3.46,86.3,2399.9,0,0,Fastened,No,No,0,100,No
276,2025-02-11 23:12:00,Night,Bulldozer,BDZ001,4.2,OP1036,43,4.6,SITE03,"Vellore, TN",15.61064,79.19022,Digging,2025-02-11 23:12:00,2025-02-11 23:55:06,43.1,Cloudy,24.6,Good,Uneven,1887.4,3.12,4.34,9,777.6,288.7,26,2.25,94.9,2112.2,0,1,Fastened,No,No,0,97.8,No
277,2025-02-12 00:08:00,Night,Bulldozer,BDZ001,14.7,OP1037,22,3.3,SITE04,"Bengaluru, KA",14.70685,75.94575,Material Transport,2025-02-12 00:08:00,2025-02-12 00:41:18,33.3,Clear,29.7,Good,Muddy,2918.1,0.93,1.68,10,2060.4,404,15,4.56,88.4,2665.2,1,0,Fastened,No,No,2,100,No
278,2025-02-12 01:29:00,Night,Bulldozer,BDZ002,12.3,OP1005,45,2.5,SITE08,"Vizag, AP",8.69292,75.6544,Leveling,2025-02-12 01:29:00,2025-02-12 01:49:36,20.6,Rain,24.1,Moderate,Rocky,2067.1,5.22,15.2,4,1415.4,427,54,3.04,89.4,2867.4,0,0,Fastened,No,No,2,76.2,No
279,2025-02-12 06:24:00,Morning,Motor Grader,MGR001,4.1,OP1036,43,4.6,SITE04,"Bengaluru, KA",14.71028,75.95324,Leveling,2025-02-12 06:24:00,2025-02-12 06:29:00,5,Cloudy,25.9,Good,Flat,2670.2,8.31,83.1,13,2558.4,344.7,15,3.48,103.6,2692.1,0,0,Unfastened,No,No,2,100,No
280,2025-02-12 06:29:00,Morning,Excavator,EXC001,13.3,OP1004,53,15.5,SITE02,"Coimbatore, TN",14.78966,81.94812,Trenching,2025-02-12 06:29:00,2025-02-12 07:15:24,46.4,Extreme Heat,45.7,Good,Flat,1588,5.14,6.65,10,1553,208.5,19,2.46,91,2334.1,0,0,Unfastened,No,No,1,100,No
281,2025-02-12 06:34:00,Morning,Excavator,EXC002,6.1,OP1033,42,7.5,SITE06,"Pune, MH",10.57645,77.30604,Trenching,2025-02-12 06:34:00,2025-02-12 06:55:12,21.2,Clear,35,Good,Flat,4417.1,2.64,7.47,8,1307.2,428.4,8,3.37,91.9,2520.5,0,0,Fastened,Yes,No,0,100,No
282,2025-02-12 13:59:00,Morning,Excavator,EXC002,3,OP1004,53,15.5,SITE04,"Bengaluru, KA",14.71676,75.94281,Demolition,2025-02-12 13:59:00,2025-02-12 14:13:00,14,Extreme Heat,42.2,Good,Flat,4300.6,5.44,23.31,12,807.6,382.2,7,1.03,99.7,2540.4,2,1,Fastened,No,No,0,100,No
283,2025-02-12 16:59:00,Afternoon,Motor Grader,MGR002,5.8,OP1029,39,3.8,SITE06,"Pune, MH",10.57436,77.31572,Trenching,2025-02-12 16:59:00,2025-02-12 17:54:18,55.3,Clear,25.5,Good,Flat,2210.2,4.87,5.28,8,2100.5,414.4,43,4.98,82,2205.3,0,0,Fastened,No,No,1,87.3,No
284,2025-02-12 19:11:00,Afternoon,Bulldozer,BDZ001,5.3,OP1018,47,1.9,SITE07,"Nagpur, MH",18.24311,75.04931,Material Transport,2025-02-12 19:11:00,2025-02-12 19:41:30,30.5,Cloudy,26.2,Good,Uneven,2925.8,4.99,9.82,9,2088.3,455.7,47,3.25,99.8,2252.4,0,0,Unfastened,Yes,No,0,87.3,No
285,2025-02-12 19:31:00,Afternoon,Excavator,EXC003,4,OP1030,48,15.2,SITE04,"Bengaluru, KA",14.70191,75.95507,Digging,2025-02-12 19:31:00,2025-02-12 20:05:36,34.6,Clear,32.1,Good,Muddy,4965.5,3.52,6.1,8,3256,237.5,6,3.76,93.5,2336.3,0,0,Fastened,No,No,2,100,No
286,2025-02-12 22:41:00,Night,Wheel Loader,WLD004,10.2,OP1039,30,5.4,SITE02,"Coimbatore, TN",14.79089,81.93802,Trenching,2025-02-12 22:41:00,2025-02-12 23:19:36,38.6,Clear,30.4,Good,Muddy,4114.9,6.17,9.59,9,2383,387.8,25,2.96,92.5,2642.3,0,1,Fastened,No,No,2,96.7,No
287,2025-02-12 22:59:00,Night,Excavator,EXC004,11.8,OP1013,53,14.3,SITE06,"Pune, MH",10.56993,77.3147,Loading,2025-02-12 22:59:00,2025-02-12 23:37:36,38.6,Clear,32.3,Good,Flat,4256.8,6.75,10.49,10,1860.2,457.5,38,4.18,93,2381.3,0,0,Fastened,No,No,1,92.2,No
288,2025-02-13 02:42:00,Night,Wheel Loader,WLD002,7.9,OP1021,53,16.8,SITE04,"Bengaluru, KA",14.71957,75.96028,Demolition,2025-02-13 02:42:00,2025-02-13 03:17:18,35.3,Clear,35.4,Good,Sloped,2788.7,7.41,12.59,14,2515.1,11.6,59,1.76,91.8,2453.3,1,1,Unfastened,No,No,1,86.5,No
289,2025-02-13 03:17:00,Night,Excavator,EXC002,11.9,OP1007,24,16.9,SITE08,"Vizag, AP",8.69716,75.66449,Grading,2025-02-13 03:17:00,2025-02-13 03:41:54,24.9,Rain,23.5,Moderate,Flat,2618.2,2.78,6.7,3,1574,237.3,16,3.36,94.6,2528.6,0,0,Fastened,No,No,1,94.8,No
290,2025-02-13 08:31:00,Morning,Wheel Loader,WLD001,13.1,OP1030,48,15.2,SITE07,"Nagpur, MH",18.23946,75.05003,Grading,2025-02-13 08:31:00,2025-02-13 08:42:30,11.5,Dust Storm,33.8,Poor,Flat,3174.2,4.43,23.11,5,1083.4,342.7,3,3.33,107.2,2611.4,1,1,Fastened,No,No,0,100,No
291,2025-02-13 13:34:00,Morning,Bulldozer,BDZ003,11,OP1006,48,21.5,SITE02,"Coimbatore, TN",14.78385,81.94714,Leveling,2025-02-13 13:34:00,2025-02-13 14:39:54,65.9,Clear,35.8,Good,Uneven,4428.1,4.02,3.66,9,1341.4,118.8,18,2.07,94.5,1908.4,1,1,Fastened,No,No,4,98.6,No
292,2025-02-13 15:45:00,Afternoon,Wheel Loader,WLD001,5.5,OP1029,39,3.8,SITE05,"Hyderabad, TS",8.36119,77.68455,Digging,2025-02-13 15:45:00,2025-02-13 16:20:30,35.5,Clear,34,Good,Uneven,2259.5,2.37,4.01,10,2067.8,151.1,25,3.92,95.7,2756.9,0,0,Fastened,No,No,3,97.1,No
293,2025-02-13 16:47:00,Afternoon,Backhoe Loader,BHL002,8.6,OP1040,25,14.9,SITE07,"Nagpur, MH",18.23161,75.04019,Leveling,2025-02-13 16:47:00,2025-02-13 17:45:48,58.8,Rain,24.6,Moderate,Muddy,2911,4.16,4.24,8,2202,406.8,45,2.05,85.9,2461.5,0,1,Fastened,No,No,1,86.3,No
294,2025-02-13 18:36:00,Afternoon,Bulldozer,BDZ003,14.5,OP1040,25,14.9,SITE02,"Coimbatore, TN",14.79082,81.94876,Grading,2025-02-13 18:36:00,2025-02-13 19:25:54,49.9,Clear,27.5,Good,Uneven,3574.2,6.66,8.01,9,2411,620.6,35,5.82,86.5,2587.5,1,1,Fastened,No,No,2,91.7,No
295,2025-02-13 19:06:00,Afternoon,Bulldozer,BDZ001,11.1,OP1019,45,18.3,SITE03,"Vellore, TN",15.6154,79.20021,Demolition,2025-02-13 19:06:00,2025-02-13 19:18:48,12.8,Clear,33.5,Good,Sloped,3279.2,5.41,25.36,10,993.7,513.6,40,3.12,80.7,2532.5,0,0,Unfastened,No,No,0,77,Yes
296,2025-02-14 02:53:00,Night,Excavator,EXC003,2,OP1013,53,14.3,SITE01,"Chennai, TN",16.02236,78.12184,Digging,2025-02-14 02:53:00,2025-02-14 03:15:36,22.6,Clear,27.9,Good,Uneven,1721.7,2.28,6.05,13,1007.3,504.1,2,2.43,90.5,2557.5,0,0,Fastened,No,No,0,100,No
297,2025-02-14 04:11:00,Night,Bulldozer,BDZ003,10.6,OP1032,51,21.3,SITE08,"Vizag, AP",8.70474,75.66698,Trenching,2025-02-14 04:11:00,2025-02-14 05:07:12,56.2,Cloudy,29.5,Good,Rocky,4468.9,4.82,5.15,9,2373.8,390.5,66,4.22,93.5,2677.9,0,0,Fastened,No,No,0,77.8,No
298,2025-02-14 04:48:00,Night,Backhoe Loader,BHL002,5.1,OP1011,37,8.5,SITE04,"Bengaluru, KA",14.72021,75.9567,Trenching,2025-02-14 04:48:00,2025-02-14 06:26:42,98.7,Extreme Heat,44.4,Good,Flat,2744.2,5.8,3.53,3,1949.7,143,8,4.33,97.5,2297.3,0,1,Fastened,Yes,No,1,98.8,No
299,2025-02-14 10:27:00,Morning,Wheel Loader,WLD004,10.3,OP1036,43,4.6,SITE01,"Chennai, TN",16.02698,78.1244,Grading,2025-02-14 10:27:00,2025-02-14 11:19:54,52.9,Clear,31,Good,Uneven,3733.6,6.24,7.08,8,1412.3,532.4,2,3.46,98.9,2370.4,1,0,Fastened,No,No,3,100,No
300,2025-02-14 13:15:00,Morning,Excavator,EXC002,11.6,OP1038,26,10.7,SITE04,"Bengaluru, KA",14.71854,75.94887,Material Transport,2025-02-14 13:15:00,2025-02-14 13:34:54,19.9,Cloudy,30.1,Good,Sloped,4566.8,7.85,23.67,10,1901.7,473.8,0,4.57,102.3,1910.4,0,0,Fastened,No,No,4,93.8,Yes
301,2025-02-14 15:13:00,Afternoon,Excavator,EXC002,10.7,OP1040,25,14.9,SITE07,"Nagpur, MH",18.23877,75.04765,Demolition,2025-02-14 15:13:00,2025-02-14 15:18:00,5,Clear,25,Good,Flat,4799.7,4.67,46.7,8,570.5,447.4,106,2.97,82.3,2405,1,0,Unfastened,No,No,0,56.6,No
302,2025-02-14 17:08:00,Afternoon,Wheel Loader,WLD001,11.3,OP1033,42,7.5,SITE08,"Vizag, AP",8.69723,75.66245,Leveling,2025-02-14 17:08:00,2025-02-14 18:05:00,57,Rain,22.3,Moderate,Flat,2414.5,3.05,3.21,8,1925.7,277.8,107,1.04,101.6,1991.2,0,1,Fastened,Yes,No,0,56.1,No
303,2025-02-14 17:31:00,Afternoon,Backhoe Loader,BHL001,9.5,OP1016,32,5.4,SITE02,"Coimbatore, TN",14.78303,81.95114,Trenching,2025-02-14 17:31:00,2025-02-14 18:23:54,52.9,Clear,32.9,Good,Flat,2492.9,2.99,3.39,14,2183.4,349.3,27,3.98,98.7,2583.5,1,0,Fastened,No,No,0,100,No
304,2025-02-14 17:42:00,Afternoon,Wheel Loader,WLD002,0.6,OP1008,33,17.4,SITE08,"Vizag, AP",8.70005,75.64933,Leveling,2025-02-14 17:42:00,2025-02-14 18:35:36,53.6,Fog,19.2,Poor,Muddy,1754.4,6.45,7.22,10,781.1,408.4,49,1.77,96.1,2605.6,0,1,Fastened,No,No,0,87.5,No
305,2025-02-15 05:18:00,Night,Bulldozer,BDZ003,1.6,OP1040,25,14.9,SITE06,"Pune, MH",10.58066,77.3092,Digging,2025-02-15 05:18:00,2025-02-15 06:28:30,70.5,Clear,32.9,Good,Sloped,2233.5,7.38,6.28,10,2221.1,340.1,10,3.48,88.8,2766.2,1,0,Fastened,No,No,2,100,No
306,2025-02-15 07:03:00,Morning,Bulldozer,BDZ001,12.6,OP1025,52,17.2,SITE06,"Pune, MH",10.56863,77.30535,Grading,2025-02-15 07:03:00,2025-02-15 07:46:36,43.6,Fog,20.8,Poor,Flat,1546.4,3.31,4.56,12,1282.8,184.6,18,4.25,89.8,2449.8,0,0,Fastened,No,No,0,100,No
307,2025-02-15 09:05:00,Morning,Excavator,EXC001,11.3,OP1010,53,10.2,SITE07,"Nagpur, MH",18.23929,75.04066,Digging,2025-02-15 09:05:00,2025-02-15 09:59:06,54.1,Clear,33.5,Good,Flat,1970.2,2.45,2.72,12,1301.9,408.9,2,0.77,94.5,2252.5,0,0,Fastened,No,No,2,100,No
308,2025-02-15 12:56:00,Morning,Wheel Loader,WLD001,1.8,OP1018,47,1.9,SITE01,"Chennai, TN",16.02917,78.12993,Demolition,2025-02-15 12:56:00,2025-02-15 13:50:30,54.5,Clear,36,Good,Muddy,3775.4,6.25,6.88,6,1729.5,155.5,19,4.4,100,2434.8,1,2,Fastened,No,No,3,95.3,No
309,2025-02-15 17:56:00,Afternoon,Excavator,EXC001,1.5,OP1010,53,10.2,SITE05,"Hyderabad, TS",8.37396,77.67805,Loading,2025-02-15 17:56:00,2025-02-15 19:05:30,69.5,Cloudy,23.1,Good,Muddy,2226.9,6.71,5.79,9,1659.2,482.4,14,4.25,98.7,2725.8,0,0,Fastened,No,No,0,100,No
310,2025-02-15 20:37:00,Afternoon,Backhoe Loader,BHL001,7.5,OP1019,45,18.3,SITE04,"Bengaluru, KA",14.71017,75.9476,Grading,2025-02-15 20:37:00,2025-02-15 21:15:24,38.4,Clear,24.4,Good,Uneven,4286.5,4.45,6.95,4,2164.3,565,25,5.57,89.4,2160.7,0,0,Unfastened,No,Yes,4,89.1,No
311,2025-02-16 03:25:00,Night,Backhoe Loader,BHL002,3.5,OP1001,57,17.1,SITE02,"Coimbatore, TN",14.77356,81.94736,Grading,2025-02-16 03:25:00,2025-02-16 04:47:24,82.4,Cloudy,28.9,Good,Flat,2750.8,6.85,4.99,9,2645,584.6,11,3.84,90.3,2437.8,0,0,Fastened,No,No,0,100,No
312,2025-02-16 06:25:00,Morning,Bulldozer,BDZ002,6.8,OP1038,26,10.7,SITE07,"Nagpur, MH",18.24056,75.05036,Grading,2025-02-16 06:25:00,2025-02-16 07:04:42,39.7,Fog,17.5,Poor,Rocky,3592.8,4.77,7.21,9,1141,268.4,1,1.84,84.2,2711.8,1,0,Fastened,No,No,0,100,No
313,2025-02-16 08:23:00,Morning,Excavator,EXC005,14.5,OP1034,38,8.5,SITE03,"Vellore, TN",15.62403,79.19325,Leveling,2025-02-16 08:23:00,2025-02-16 09:35:24,72.4,Cloudy,26.2,Good,Sloped,3459.4,3.61,2.99,10,2141.4,183.5,29,1.86,93,2575.9,0,0,Fastened,No,No,0,97.5,No
314,2025-02-16 11:47:00,Morning,Excavator,EXC004,5.8,OP1032,51,21.3,SITE04,"Bengaluru, KA",14.70756,75.95435,Leveling,2025-02-16 11:47:00,2025-02-16 12:42:30,55.5,Clear,31.5,Good,Muddy,4742.4,7.9,8.54,12,1052,239.9,6,5.74,81.1,2496.7,1,0,Fastened,No,No,5,100,No
315,2025-02-16 12:21:00,Morning,Wheel Loader,WLD001,2.3,OP1015,56,10,SITE01,"Chennai, TN",16.0173,78.12609,Trenching,2025-02-16 12:21:00,2025-02-16 12:47:48,26.8,Clear,35.9,Good,Uneven,4112,4.74,10.61,6,1818.7,291.5,23,2.13,90.7,2385,0,1,Fastened,No,No,1,94.9,No
316,2025-02-16 16:41:00,Afternoon,Wheel Loader,WLD001,10.9,OP1039,30,5.4,SITE02,"Coimbatore, TN",14.77481,81.95152,Digging,2025-02-16 16:41:00,2025-02-16 17:23:24,42.4,Cloudy,31,Good,Flat,3854.7,7.16,10.13,11,1129.1,326.3,8,4.64,89.1,2441.5,1,1,Fastened,No,No,2,100,No
317,2025-02-16 19:39:00,Afternoon,Excavator,EXC002,13.5,OP1035,40,10.6,SITE03,"Vellore, TN",15.61211,79.18852,Demolition,2025-02-16 19:39:00,2025-02-16 20:00:24,21.4,Clear,34.1,Good,Muddy,2217.2,5.31,14.89,10,1330.6,483.3,22,2.84,88.3,2752,0,0,Fastened,No,No,3,98.6,No
318,2025-02-17 03:17:00,Night,Wheel Loader,WLD004,1.8,OP1031,31,16.5,SITE04,"Bengaluru, KA",14.70487,75.95891,Leveling,2025-02-17 03:17:00,2025-02-17 04:08:42,51.7,Clear,28.2,Good,Muddy,4751.2,6.17,7.16,8,1061.3,327.1,14,3.41,103.4,2127.5,1,1,Fastened,No,No,0,100,No
319,2025-02-17 07:49:00,Morning,Wheel Loader,WLD004,10.7,OP1007,24,16.9,SITE07,"Nagpur, MH",18.23489,75.03979,Grading,2025-02-17 07:49:00,2025-02-17 08:41:54,52.9,Extreme Heat,40,Good,Flat,1690.1,6.75,7.66,4,2999.1,310.3,3,4.61,90.7,2418.8,1,0,Fastened,No,Yes,10,95.3,No
320,2025-02-18 01:41:00,Night,Wheel Loader,WLD003,2.7,OP1015,56,10,SITE02,"Coimbatore, TN",14.79268,81.95159,Demolition,2025-02-18 01:41:00,2025-02-18 02:31:42,50.7,Cloudy,24.1,Good,Rocky,1985.8,2.1,2.49,7,1189.3,214.9,9,4.8,92.8,2126.5,0,0,Unfastened,No,No,0,100,No
321,2025-02-18 04:56:00,Night,Bulldozer,BDZ003,6.9,OP1031,31,16.5,SITE06,"Pune, MH",10.58179,77.32014,Leveling,2025-02-18 04:56:00,2025-02-18 05:55:24,59.4,Cloudy,25.6,Good,Flat,1518.1,4.95,5,5,2331.9,393.3,8,3.89,89.6,2511.9,0,0,Fastened,No,No,1,100,No
322,2025-02-18 14:27:00,Afternoon,Excavator,EXC002,12,OP1034,38,8.5,SITE01,"Chennai, TN",16.01553,78.13216,Grading,2025-02-18 14:27:00,2025-02-18 15:42:54,75.9,Cloudy,30.3,Good,Flat,3546.5,4.54,3.59,10,1323.4,338.5,8,2.81,95.5,2278.1,0,0,Unfastened,No,No,0,93,Yes
323,2025-02-18 14:31:00,Afternoon,Excavator,EXC005,9.8,OP1026,51,4.7,SITE08,"Vizag, AP",8.6909,75.66664,Trenching,2025-02-18 14:31:00,2025-02-18 15:18:36,47.6,Cloudy,27.1,Good,Flat,3982.9,3.01,3.79,2,1427.4,296.2,10,4.07,103.1,2276.9,0,2,Fastened,No,No,1,96.6,No
324,2025-02-18 14:43:00,Afternoon,Backhoe Loader,BHL003,1.7,OP1027,51,10.5,SITE07,"Nagpur, MH",18.2487,75.03285,Leveling,2025-02-18 14:43:00,2025-02-18 15:57:06,74.1,Rain,23.6,Moderate,Flat,4378.5,2.01,1.63,10,1764,317.9,4,3.1,84.9,1924.9,1,0,Fastened,No,No,0,100,No
325,2025-02-18 16:42:00,Afternoon,Excavator,EXC005,11.1,OP1023,52,21.4,SITE04,"Bengaluru, KA",14.70784,75.95277,Grading,2025-02-18 16:42:00,2025-02-18 17:21:12,39.2,Extreme Heat,41.5,Good,Flat,2644.1,9.51,14.56,6,1008.3,540.7,17,3.5,92.9,2373.2,0,1,Fastened,No,No,2,97.1,No
326,2025-02-18 16:49:00,Afternoon,Excavator,EXC001,6,OP1032,51,21.3,SITE08,"Vizag, AP",8.70089,75.65563,Digging,2025-02-18 16:49:00,2025-02-18 18:11:24,82.4,Clear,31,Good,Flat,1751.6,4.39,3.2,18,1861.7,381.3,8,3.32,95.5,2403.4,0,0,Fastened,No,No,5,100,No
327,2025-02-18 18:51:00,Afternoon,Backhoe Loader,BHL001,3.2,OP1004,53,15.5,SITE07,"Nagpur, MH",18.23555,75.03148,Digging,2025-02-18 18:51:00,2025-02-18 19:31:36,40.6,Clear,29.4,Good,Flat,3384.4,4.85,7.17,6,2199.5,468.5,9,2.04,96.5,2527.3,0,0,Fastened,No,No,2,100,No
328,2025-02-18 20:10:00,Afternoon,Wheel Loader,WLD002,13.3,OP1036,43,4.6,SITE08,"Vizag, AP",8.70246,75.65286,Loading,2025-02-18 20:10:00,2025-02-18 20:25:00,15,Fog,15.9,Poor,Uneven,2371.2,4.1,16.4,7,1428.4,356.7,32,3.35,93.6,2379.1,1,1,Unfastened,No,No,0,92.4,No
329,2025-02-19 02:46:00,Night,Excavator,EXC004,14.3,OP1036,43,4.6,SITE03,"Vellore, TN",15.61548,79.20596,Trenching,2025-02-19 02:46:00,2025-02-19 04:00:24,74.4,Fog,19.5,Poor,Uneven,3278.5,1.65,1.33,7,1258,540.1,9,4.69,88.1,2790.6,0,1,Fastened,No,Yes,1,100,No
330,2025-02-19 03:25:00,Night,Backhoe Loader,BHL001,14.2,OP1039,30,5.4,SITE02,"Coimbatore, TN",14.78356,81.93882,Demolition,2025-02-19 03:25:00,2025-02-19 04:06:06,41.1,Clear,31,Good,Rocky,3578.7,1.85,2.7,12,1604.8,462.5,50,4.01,88.2,2650.4,2,0,Unfastened,Yes,No,0,74.4,Yes
331,2025-02-19 08:39:00,Morning,Wheel Loader,WLD002,14,OP1038,26,10.7,SITE06,"Pune, MH",10.58241,77.30887,Demolition,2025-02-19 08:39:00,2025-02-19 09:23:48,44.8,Clear,29.5,Good,Flat,4021.4,5.6,7.5,4,1234.4,235.6,1,2.8,98.3,2553.5,1,0,Unfastened,No,No,7,83.7,Yes
332,2025-02-19 08:59:00,Morning,Wheel Loader,WLD004,8.2,OP1015,56,10,SITE06,"Pune, MH",10.57259,77.31461,Material Transport,2025-02-19 08:59:00,2025-02-19 09:31:24,32.4,Clear,35.4,Good,Muddy,4315.4,4.51,8.35,8,856.8,272.3,90,2.46,93.9,2704.2,3,0,Fastened,No,No,3,62.2,No
333,2025-02-19 10:07:00,Morning,Excavator,EXC003,13.7,OP1040,25,14.9,SITE08,"Vizag, AP",8.69627,75.66175,Material Transport,2025-02-19 10:07:00,2025-02-19 10:59:54,52.9,Clear,33.9,Good,Rocky,3590.1,7.02,7.96,8,2656.8,614.5,1,2.58,95.4,2721.3,0,0,Unfastened,No,No,1,100,No
334,2025-02-19 12:50:00,Morning,Backhoe Loader,BHL003,0.6,OP1026,51,4.7,SITE05,"Hyderabad, TS",8.36179,77.68573,Material Transport,2025-02-19 12:50:00,2025-02-19 13:30:18,40.3,Extreme Heat,38.6,Good,Flat,2145.6,8.77,13.06,11,1901.9,382.2,11,2.91,93.1,2444.8,0,0,Fastened,No,No,5,100,No
335,2025-02-19 17:27:00,Afternoon,Wheel Loader,WLD001,4.6,OP1018,47,1.9,SITE01,"Chennai, TN",16.01605,78.12717,Trenching,2025-02-19 17:27:00,2025-02-19 18:09:42,42.7,Extreme Heat,44.8,Good,Uneven,2468.9,4.18,5.87,5,1537.1,303.6,33,2.56,90.2,2459.9,1,0,Unfastened,No,Yes,8,68.1,Yes
336,2025-02-19 18:26:00,Afternoon,Backhoe Loader,BHL001,3.3,OP1031,31,16.5,SITE07,"Nagpur, MH",18.241,75.03554,Grading,2025-02-19 18:26:00,2025-02-19 19:32:54,66.9,Cloudy,24.3,Good,Flat,3229.4,4.3,3.86,7,1442.9,373.1,22,3.8,91.9,2579,0,0,Fastened,No,No,0,97.4,No
337,2025-02-19 22:30:00,Night,Motor Grader,MGR001,11,OP1014,36,18.2,SITE07,"Nagpur, MH",18.23988,75.03501,Trenching,2025-02-19 22:30:00,2025-02-19 23:59:30,89.5,Clear,30.5,Good,Flat,1650.4,5.22,3.5,6,2315.4,465.6,22,1.3,84.4,2680.6,0,0,Unfastened,Yes,No,0,81.2,Yes
338,2025-02-19 22:55:00,Night,Motor Grader,MGR002,7.2,OP1008,33,17.4,SITE02,"Coimbatore, TN",14.776,81.94194,Leveling,2025-02-19 22:55:00,2025-02-19 23:29:12,34.2,Clear,24.7,Good,Rocky,1715.5,1.21,2.12,9,1943.5,84.3,77,2.48,94.3,2438.5,1,1,Fastened,No,No,1,71.5,No
339,2025-02-19 23:58:00,Night,Bulldozer,BDZ002,13,OP1025,52,17.2,SITE01,"Chennai, TN",16.02345,78.13119,Leveling,2025-02-19 23:58:00,2025-02-20 00:32:12,34.2,Clear,32.8,Good,Flat,2510.5,4.72,8.28,11,1312.5,367.6,69,3.8,86,2359.5,0,0,Fastened,No,No,1,62.9,Yes
340,2025-02-20 13:10:00,Morning,Wheel Loader,WLD004,9.8,OP1031,31,16.5,SITE06,"Pune, MH",10.56869,77.31151,Loading,2025-02-20 13:10:00,2025-02-20 14:11:18,61.3,Rain,25.3,Moderate,Flat,4874,6.62,6.48,9,1969.7,556.5,0,3.33,90.4,2519.2,0,3,Fastened,No,No,0,100,No
341,2025-02-20 16:58:00,Afternoon,Backhoe Loader,BHL002,4.6,OP1021,53,16.8,SITE02,"Coimbatore, TN",14.77594,81.93524,Loading,2025-02-20 16:58:00,2025-02-20 18:01:24,63.4,Clear,35,Good,Uneven,2621.6,8.21,7.77,12,2745.6,486.8,19,2.49,87.9,2647.7,0,0,Fastened,No,No,1,100,No
342,2025-02-21 01:17:00,Night,Excavator,EXC002,3.8,OP1036,43,4.6,SITE07,"Nagpur, MH",18.24672,75.04548,Trenching,2025-02-21 01:17:00,2025-02-21 02:02:48,45.8,Clear,30.8,Good,Flat,4511.7,3.76,4.93,6,1491.9,500.3,17,2.97,96.2,2609.4,1,0,Fastened,Yes,No,0,98.7,No
343,2025-02-21 02:03:00,Night,Wheel Loader,WLD001,11.5,OP1038,26,10.7,SITE05,"Hyderabad, TS",8.36294,77.66988,Digging,2025-02-21 02:03:00,2025-02-21 02:58:54,55.9,Fog,19.1,Poor,Uneven,4522.2,7.72,8.29,12,2893.1,497.1,6,4.94,89.2,2373.6,1,0,Fastened,Yes,No,0,100,No
344,2025-02-21 02:08:00,Night,Bulldozer,BDZ001,11,OP1029,39,3.8,SITE03,"Vellore, TN",15.61426,79.19311,Grading,2025-02-21 02:08:00,2025-02-21 02:52:48,44.8,Cloudy,28,Good,Flat,4762.4,6.67,8.93,9,2175.9,472.1,2,2.3,103.7,2224.9,1,0,Fastened,No,No,1,100,No
345,2025-02-21 02:54:00,Night,Excavator,EXC004,11.4,OP1005,45,2.5,SITE02,"Coimbatore, TN",14.7741,81.94029,Digging,2025-02-21 02:54:00,2025-02-21 03:49:42,55.7,Dust Storm,39.2,Poor,Flat,2128.9,6.78,7.3,8,1788,98.8,16,1.05,102.4,2331.7,1,0,Fastened,No,No,0,100,No
346,2025-02-21 04:57:00,Night,Bulldozer,BDZ001,8.5,OP1025,52,17.2,SITE05,"Hyderabad, TS",8.36964,77.68705,Loading,2025-02-21 04:57:00,2025-02-21 05:44:54,47.9,Clear,35.6,Good,Muddy,2916.2,2.74,3.43,10,1726.7,35.2,6,5.18,86.1,2483,0,1,Unfastened,No,No,1,93.2,Yes
347,2025-02-21 07:25:00,Morning,Wheel Loader,WLD002,9.8,OP1039,30,5.4,SITE02,"Coimbatore, TN",14.77945,81.95259,Digging,2025-02-21 07:25:00,2025-02-21 07:58:30,33.5,Extreme Heat,39.1,Good,Muddy,2524.6,3.99,7.15,8,1822.8,447.8,30,0.89,86.5,2529.8,0,0,Fastened,No,No,0,94.6,No
348,2025-02-21 10:53:00,Morning,Bulldozer,BDZ001,3.6,OP1029,39,3.8,SITE01,"Chennai, TN",16.01585,78.12336,Digging,2025-02-21 10:53:00,2025-02-21 11:56:54,63.9,Clear,35.6,Good,Sloped,3252.2,4.78,4.49,6,1989.5,346.4,5,0.62,90.7,2588.6,1,1,Fastened,No,No,0,100,No
349,2025-02-21 11:28:00,Morning,Bulldozer,BDZ001,14.8,OP1035,40,10.6,SITE04,"Bengaluru, KA",14.71045,75.94492,Demolition,2025-02-21 11:28:00,2025-02-21 12:42:54,74.9,Clear,30.1,Good,Flat,2093.1,4.89,3.92,11,2054.1,322.2,106,1.18,95,2394.3,2,0,Fastened,No,No,0,60.2,No
350,2025-02-21 22:07:00,Night,Excavator,EXC003,4.3,OP1032,51,21.3,SITE06,"Pune, MH",10.58395,77.30568,Demolition,2025-02-21 22:07:00,2025-02-21 22:43:24,36.4,Clear,33.8,Good,Uneven,3009.6,7.42,12.23,7,2652,125.2,13,4.25,96.2,2738.4,0,0,Fastened,No,Yes,16,89.1,No
351,2025-02-21 23:49:00,Night,Bulldozer,BDZ003,7.5,OP1031,31,16.5,SITE03,"Vellore, TN",15.60981,79.19982,Demolition,2025-02-21 23:49:00,2025-02-22 00:07:48,18.8,Cloudy,30.3,Good,Uneven,4825.1,4.1,13.09,12,810.6,419.1,32,3.22,84.3,2694.3,1,0,Unfastened,Yes,No,0,98.4,No
352,2025-02-22 03:05:00,Night,Backhoe Loader,BHL002,2.9,OP1004,53,15.5,SITE01,"Chennai, TN",16.02877,78.12099,Trenching,2025-02-22 03:05:00,2025-02-22 03:59:42,54.7,Rain,20.9,Moderate,Muddy,3375.2,3.62,3.97,8,2203.2,205.5,61,2.36,94.6,2304.3,0,0,Unfastened,Yes,Yes,6,59.3,Yes
353,2025-02-22 05:21:00,Night,Backhoe Loader,BHL001,1.7,OP1025,52,17.2,SITE08,"Vizag, AP",8.70939,75.65968,Demolition,2025-02-22 05:21:00,2025-02-22 05:49:30,28.5,Clear,27.5,Good,Flat,3344.7,6.43,13.54,9,1981.7,458.2,7,4.61,98.8,2240.9,1,0,Unfastened,No,No,0,100,No
354,2025-02-22 11:35:00,Morning,Bulldozer,BDZ003,12.2,OP1024,21,19.7,SITE08,"Vizag, AP",8.69446,75.65239,Material Transport,2025-02-22 11:35:00,2025-02-22 12:15:24,40.4,Extreme Heat,45.4,Good,Muddy,3701,4.67,6.94,8,1397.3,157.9,9,4.21,96.8,2516.6,1,0,Fastened,No,No,2,100,No
355,2025-02-22 13:09:00,Morning,Bulldozer,BDZ002,10.9,OP1016,32,5.4,SITE06,"Pune, MH",10.58275,77.30125,Digging,2025-02-22 13:09:00,2025-02-22 13:52:54,43.9,Extreme Heat,42.9,Good,Rocky,3303.8,5.65,7.72,5,1901.7,161.9,8,2.34,79.6,2535.1,0,0,Fastened,Yes,No,0,100,No
356,2025-02-22 13:43:00,Morning,Bulldozer,BDZ001,12.2,OP1027,51,10.5,SITE05,"Hyderabad, TS",8.37304,77.66748,Demolition,2025-02-22 13:43:00,2025-02-22 14:10:24,27.4,Clear,25.5,Good,Flat,3039.9,3.92,8.58,10,1749.5,461.7,18,2.81,90.6,2870.6,0,0,Unfastened,No,No,7,97.4,No
357,2025-02-22 14:51:00,Afternoon,Excavator,EXC002,10.2,OP1013,53,14.3,SITE08,"Vizag, AP",8.70459,75.65683,Material Transport,2025-02-22 14:51:00,2025-02-22 15:30:06,39.1,Fog,15.7,Poor,Flat,4026.8,6.89,10.57,5,1781.8,540.1,8,4.97,91.3,2669.2,0,1,Fastened,No,No,0,100,No
358,2025-02-22 17:18:00,Afternoon,Wheel Loader,WLD001,6.7,OP1007,24,16.9,SITE08,"Vizag, AP",8.6934,75.66126,Material Transport,2025-02-22 17:18:00,2025-02-22 18:45:12,87.2,Clear,30.9,Good,Sloped,2045.8,5.36,3.69,12,1963.5,336.1,9,2.13,95.3,2474.4,0,0,Fastened,No,No,0,100,No
359,2025-02-23 06:40:00,Morning,Excavator,EXC004,7.8,OP1018,47,1.9,SITE04,"Bengaluru, KA",14.70535,75.94449,Digging,2025-02-23 06:40:00,2025-02-23 07:09:18,29.3,Rain,23,Moderate,Uneven,4679.8,6.22,12.74,8,2241.8,175.4,8,3.48,88.2,2116.6,0,0,Fastened,No,No,2,100,No
360,2025-02-23 10:54:00,Morning,Bulldozer,BDZ002,0.9,OP1002,38,9.9,SITE08,"Vizag, AP",8.70271,75.66117,Material Transport,2025-02-23 10:54:00,2025-02-23 11:47:18,53.3,Rain,23.5,Moderate,Rocky,2957.8,5.53,6.23,6,2044.1,293.9,61,4.04,88.1,2553.2,0,1,Unfastened,No,No,0,76.7,No
361,2025-02-23 15:18:00,Afternoon,Backhoe Loader,BHL002,9,OP1015,56,10,SITE08,"Vizag, AP",8.69042,75.66023,Material Transport,2025-02-23 15:18:00,2025-02-23 16:22:00,64,Clear,31.3,Good,Flat,4308.8,5.38,5.04,8,1101.9,246.6,7,4.28,96.6,2661.3,0,1,Fastened,No,Yes,10,98.1,No
362,2025-02-23 21:54:00,Afternoon,Motor Grader,MGR002,7.6,OP1004,53,15.5,SITE04,"Bengaluru, KA",14.70497,75.95973,Trenching,2025-02-23 21:54:00,2025-02-23 22:47:30,53.5,Extreme Heat,43.2,Good,Uneven,3154.4,6.98,7.83,10,1531.5,115.8,0,4.36,102.7,2262.8,1,0,Fastened,No,No,1,100,No
363,2025-02-24 00:55:00,Night,Excavator,EXC005,2.8,OP1001,57,17.1,SITE03,"Vellore, TN",15.60825,79.18777,Grading,2025-02-24 00:55:00,2025-02-24 01:17:06,22.1,Cloudy,23.1,Good,Uneven,3613.8,6.79,18.43,7,2041.9,99.9,2,2.31,104.1,2427.5,1,0,Fastened,No,No,2,100,No
364,2025-02-24 01:10:00,Night,Bulldozer,BDZ002,8.9,OP1033,42,7.5,SITE07,"Nagpur, MH",18.23901,75.03813,Grading,2025-02-24 01:10:00,2025-02-24 01:51:30,41.5,Cloudy,25.3,Good,Sloped,4073.7,5.74,8.3,8,1903.3,232.3,71,2.29,75.5,2276.2,1,0,Fastened,No,No,0,59.1,Yes
365,2025-02-24 01:42:00,Night,Excavator,EXC001,2,OP1009,50,3.3,SITE03,"Vellore, TN",15.60787,79.19483,Loading,2025-02-24 01:42:00,2025-02-24 02:54:24,72.4,Fog,20.3,Poor,Uneven,1642.5,8.54,7.08,6,2487.5,335.1,22,2.28,89.3,2686,1,1,Fastened,No,No,2,94.6,No
366,2025-02-24 05:58:00,Night,Motor Grader,MGR002,13,OP1038,26,10.7,SITE05,"Hyderabad, TS",8.37492,77.68429,Leveling,2025-02-24 05:58:00,2025-02-24 06:56:48,58.8,Clear,27.4,Good,Uneven,3736.6,4.32,4.41,13,1931.8,214.9,16,1.55,84.1,2001.7,0,0,Fastened,No,No,0,92.6,Yes
367,2025-02-24 08:05:00,Morning,Motor Grader,MGR001,0.9,OP1003,27,19,SITE07,"Nagpur, MH",18.2311,75.04557,Trenching,2025-02-24 08:05:00,2025-02-24 08:38:00,33,Clear,28.1,Good,Muddy,2723.8,3.73,6.78,10,1143.3,42.3,8,3.34,100.7,2216.8,0,1,Fastened,No,No,2,100,No
368,2025-02-24 08:16:00,Morning,Bulldozer,BDZ003,14.4,OP1039,30,5.4,SITE02,"Coimbatore, TN",14.78055,81.94405,Material Transport,2025-02-24 08:16:00,2025-02-24 09:23:48,67.8,Fog,21.9,Poor,Sloped,3904.5,3.9,3.45,9,1636.1,362.8,22,4.26,93.7,2763.1,0,0,Fastened,No,No,2,98.2,No
369,2025-02-24 08:48:00,Morning,Wheel Loader,WLD001,6.3,OP1015,56,10,SITE01,"Chennai, TN",16.02275,78.13206,Digging,2025-02-24 08:48:00,2025-02-24 09:31:24,43.4,Clear,29.7,Good,Uneven,3653.5,2.69,3.72,8,1944.4,201.2,3,3.45,89.3,2474,1,0,Fastened,No,No,5,100,No
370,2025-02-24 11:45:00,Morning,Motor Grader,MGR001,9.5,OP1002,38,9.9,SITE08,"Vizag, AP",8.69639,75.6587,Grading,2025-02-24 11:45:00,2025-02-24 12:21:00,36,Extreme Heat,39.2,Good,Rocky,4997.5,3.02,5.03,6,28.1,330.4,50,3.94,88,2167.4,1,0,Fastened,No,No,0,82.2,No
371,2025-02-24 15:35:00,Afternoon,Wheel Loader,WLD003,2.1,OP1027,51,10.5,SITE08,"Vizag, AP",8.68999,75.64918,Material Transport,2025-02-24 15:35:00,2025-02-24 16:13:42,38.7,Clear,29.5,Good,Uneven,2103.3,2.32,3.6,8,1583.4,265.4,34,3.15,92.5,2353.1,0,0,Fastened,No,No,0,92.6,No
372,2025-02-24 16:18:00,Afternoon,Excavator,EXC003,2.5,OP1021,53,16.8,SITE02,"Coimbatore, TN",14.7876,81.94948,Material Transport,2025-02-24 16:18:00,2025-02-24 17:23:18,65.3,Clear,32.9,Good,Uneven,4579.1,4.56,4.19,9,1806.5,616.7,7,3.53,93.2,2415.4,0,0,Fastened,No,No,0,100,No
373,2025-02-24 18:06:00,Afternoon,Excavator,EXC002,1.6,OP1001,57,17.1,SITE06,"Pune, MH",10.57779,77.31133,Digging,2025-02-24 18:06:00,2025-02-24 18:32:30,26.5,Rain,20.4,Moderate,Flat,4337.7,0.99,2.24,7,1402.4,463.9,2,2.91,93.1,2643,2,0,Unfastened,No,No,0,100,No
374,2025-02-25 03:45:00,Night,Excavator,EXC002,6.5,OP1013,53,14.3,SITE01,"Chennai, TN",16.02302,78.11939,Digging,2025-02-25 03:45:00,2025-02-25 04:00:18,15.3,Clear,32.4,Good,Sloped,1581.8,3.75,14.71,10,1360.4,306.9,22,5.35,95.4,2569.5,0,1,Fastened,No,No,0,100,No
375,2025-02-25 03:51:00,Night,Excavator,EXC004,10.8,OP1025,52,17.2,SITE01,"Chennai, TN",16.01408,78.12222,Trenching,2025-02-25 03:51:00,2025-02-25 04:46:42,55.7,Clear,30,Good,Muddy,2054.6,5.2,5.6,11,1849.2,273.5,36,3.12,86.7,2464.5,0,0,Fastened,No,Yes,2,93.6,No
376,2025-02-25 07:18:00,Morning,Motor Grader,MGR001,8.3,OP1034,38,8.5,SITE08,"Vizag, AP",8.70014,75.65802,Demolition,2025-02-25 07:18:00,2025-02-25 07:23:00,5,Rain,22.3,Moderate,Rocky,2925.6,7.6,76,9,1853.5,338.8,41,5.84,91.8,2146.7,0,1,Fastened,No,No,1,89.5,No
377,2025-02-25 13:50:00,Morning,Wheel Loader,WLD003,8.2,OP1034,38,8.5,SITE07,"Nagpur, MH",18.24106,75.03472,Digging,2025-02-25 13:50:00,2025-02-25 15:00:00,70,Clear,27,Good,Uneven,3659.8,6.41,5.49,9,1035.9,365.1,0,1.65,89,2212.1,1,0,Fastened,No,No,1,100,No
378,2025-02-26 20:03:00,Afternoon,Excavator,EXC001,2,OP1015,56,10,SITE05,"Hyderabad, TS",8.3725,77.6789,Trenching,2025-02-26 20:03:00,2025-02-26 20:34:30,31.5,Cloudy,28.1,Good,Sloped,2247,5.09,9.7,6,2004.5,369.7,15,3.52,92.6,2582.9,1,1,Unfastened,No,No,0,99.7,No
379,2025-02-26 20:53:00,Afternoon,Backhoe Loader,BHL003,10.7,OP1030,48,15.2,SITE01,"Chennai, TN",16.03035,78.12813,Digging,2025-02-26 20:53:00,2025-02-26 21:30:24,37.4,Clear,25.1,Good,Rocky,2205.4,2.66,4.27,11,1699.7,347.4,15,2.62,82.7,2300.7,0,0,Fastened,No,No,0,100,No
380,2025-02-27 03:02:00,Night,Wheel Loader,WLD001,9,OP1014,36,18.2,SITE04,"Bengaluru, KA",14.70266,75.95515,Loading,2025-02-27 03:02:00,2025-02-27 03:33:54,31.9,Rain,23.4,Moderate,Muddy,3806.3,5.92,11.13,10,1585.3,612.8,0,3.22,86.5,2783.8,0,0,Unfastened,No,No,0,100,No
381,2025-02-27 04:59:00,Night,Bulldozer,BDZ001,9.9,OP1026,51,4.7,SITE08,"Vizag, AP",8.70809,75.66329,Digging,2025-02-27 04:59:00,2025-02-27 05:20:12,21.2,Clear,33,Good,Rocky,1841.4,3.35,9.48,9,1508.8,699.7,9,1.5,90.4,2348.2,0,2,Fastened,No,No,0,100,No
382,2025-02-27 06:57:00,Morning,Excavator,EXC003,8.1,OP1027,51,10.5,SITE01,"Chennai, TN",16.02885,78.13319,Material Transport,2025-02-27 06:57:00,2025-02-27 08:05:18,68.3,Clear,30.2,Good,Sloped,2830.6,4.08,3.58,12,1656.2,77.4,27,1.65,96.3,2277.3,2,0,Fastened,No,No,1,100,No
383,2025-02-27 08:42:00,Morning,Excavator,EXC002,6,OP1037,22,3.3,SITE02,"Coimbatore, TN",14.78719,81.94781,Grading,2025-02-27 08:42:00,2025-02-27 09:27:36,45.6,Rain,20.5,Moderate,Sloped,1628.8,5.6,7.37,5,2537.3,496.3,40,1,101.1,1840.2,0,0,Fastened,No,No,0,86,No
384,2025-02-27 14:45:00,Afternoon,Excavator,EXC001,9.2,OP1018,47,1.9,SITE01,"Chennai, TN",16.02155,78.12707,Digging,2025-02-27 14:45:00,2025-02-27 15:15:36,30.6,Cloudy,30.4,Good,Flat,2787,3.72,7.29,8,1563,139.7,54,3.12,96.2,1904.7,0,0,Fastened,No,No,1,81.8,No
385,2025-02-27 15:16:00,Afternoon,Backhoe Loader,BHL003,4.4,OP1006,48,21.5,SITE06,"Pune, MH",10.58216,77.30792,Demolition,2025-02-27 15:16:00,2025-02-27 16:27:24,71.4,Clear,34.9,Good,Flat,3425.6,7.03,5.91,12,1652.5,288.8,100,3.08,101.4,2411.5,0,0,Unfastened,No,No,0,64.4,No
386,2025-02-27 21:56:00,Afternoon,Bulldozer,BDZ003,12.4,OP1031,31,16.5,SITE04,"Bengaluru, KA",14.71334,75.95855,Trenching,2025-02-27 21:56:00,2025-02-27 23:10:42,74.7,Clear,28.7,Good,Flat,4641.8,1.8,1.45,6,1681.1,673.1,1,3.28,104.6,2372.6,1,0,Fastened,No,No,0,100,No
387,2025-02-27 23:32:00,Night,Backhoe Loader,BHL003,11.6,OP1019,45,18.3,SITE04,"Bengaluru, KA",14.70873,75.94515,Material Transport,2025-02-27 23:32:00,2025-02-28 00:01:24,29.4,Clear,31.1,Good,Uneven,2544.9,4.54,9.27,12,903.5,429.3,4,4.13,89.5,2630,0,0,Unfastened,No,No,9,90.2,Yes
388,2025-02-28 00:37:00,Night,Backhoe Loader,BHL003,10.5,OP1011,37,8.5,SITE02,"Coimbatore, TN",14.78557,81.93609,Trenching,2025-02-28 00:37:00,2025-02-28 01:11:00,34,Clear,25.9,Good,Flat,4880,5.34,9.42,10,942.8,409.2,1,1.94,90.3,2935.3,0,0,Fastened,No,No,4,100,No
389,2025-02-28 05:56:00,Night,Motor Grader,MGR002,7.4,OP1012,52,20.4,SITE03,"Vellore, TN",15.61974,79.18935,Loading,2025-02-28 05:56:00,2025-02-28 06:19:06,23.1,Dust Storm,32.2,Poor,Flat,2297.9,6.67,17.32,6,1044.9,233.3,1,3.19,87.9,2389.4,0,0,Fastened,Yes,No,2,100,No
390,2025-02-28 07:04:00,Morning,Excavator,EXC002,13.2,OP1034,38,8.5,SITE01,"Chennai, TN",16.02934,78.11818,Digging,2025-02-28 07:04:00,2025-02-28 07:36:00,32,Fog,17.9,Poor,Flat,3482.3,5.96,11.18,18,589.1,157.6,48,3.64,82.5,2457,1,1,Fastened,No,No,1,96.8,No
391,2025-02-28 10:57:00,Morning,Bulldozer,BDZ003,1,OP1022,28,8.1,SITE06,"Pune, MH",10.57046,77.30542,Loading,2025-02-28 10:57:00,2025-02-28 11:52:54,55.9,Rain,22,Moderate,Flat,3390.7,7.95,8.53,7,1676.3,384.1,6,1.81,95.7,2247.5,0,0,Fastened,No,No,0,100,No
392,2025-02-28 12:33:00,Morning,Excavator,EXC001,8.7,OP1009,50,3.3,SITE06,"Pune, MH",10.58173,77.30908,Grading,2025-02-28 12:33:00,2025-02-28 13:21:36,48.6,Cloudy,23.1,Good,Uneven,3002.8,3.34,4.12,11,2098.4,297.2,20,3.03,95.6,2228.9,2,0,Fastened,No,No,2,100,No
393,2025-02-28 14:12:00,Afternoon,Bulldozer,BDZ003,14,OP1026,51,4.7,SITE03,"Vellore, TN",15.62018,79.20222,Material Transport,2025-02-28 14:12:00,2025-02-28 15:21:48,69.8,Dust Storm,28.4,Poor,Flat,4957.2,5.49,4.72,9,1361.3,143.8,21,3,106.3,2429,0,0,Fastened,No,No,0,100,No
394,2025-02-28 17:29:00,Afternoon,Excavator,EXC004,9.5,OP1038,26,10.7,SITE08,"Vizag, AP",8.70425,75.66251,Trenching,2025-02-28 17:29:00,2025-02-28 18:38:30,69.5,Clear,35,Good,Sloped,1583.8,3.35,2.89,9,1629.6,257.5,30,2.08,98.1,2728,2,0,Fastened,No,No,0,95.8,No
395,2025-02-28 23:14:00,Night,Excavator,EXC001,7.3,OP1004,53,15.5,SITE02,"Coimbatore, TN",14.78445,81.93638,Grading,2025-02-28 23:14:00,2025-02-28 23:45:30,31.5,Clear,32.8,Good,Rocky,2863.8,3.39,6.46,9,2881.2,576.2,24,3.29,92,2261.7,0,0,Fastened,No,No,1,98,No
396,2025-03-01 03:28:00,Night,Excavator,EXC002,8.1,OP1003,27,19,SITE01,"Chennai, TN",16.02998,78.12791,Trenching,2025-03-01 03:28:00,2025-03-01 03:52:24,24.4,Fog,17,Poor,Muddy,3737.7,4.36,10.72,9,2504.7,0,25,1.63,85.1,2547.8,0,0,Fastened,Yes,No,0,98.3,No
397,2025-03-01 08:51:00,Morning,Motor Grader,MGR002,4.3,OP1013,53,14.3,SITE04,"Bengaluru, KA",14.70883,75.94143,Loading,2025-03-01 08:51:00,2025-03-01 08:56:00,5,Clear,34.4,Good,Rocky,4444.2,4.48,44.8,8,2129.2,373.7,31,0.73,98,2711.3,0,0,Fastened,No,No,0,79.1,Yes
398,2025-03-01 10:39:00,Morning,Wheel Loader,WLD001,11.5,OP1025,52,17.2,SITE03,"Vellore, TN",15.6172,79.20243,Trenching,2025-03-01 10:39:00,2025-03-01 12:05:54,86.9,Clear,35.9,Good,Flat,3714,4.28,2.96,10,946.4,345.5,20,2.37,93.2,2141.7,0,0,Fastened,No,Yes,4,98.8,No
399,2025-03-01 12:48:00,Morning,Excavator,EXC005,14.9,OP1021,53,16.8,SITE02,"Coimbatore, TN",14.79011,81.94795,Digging,2025-03-01 12:48:00,2025-03-01 13:17:24,29.4,Clear,33.4,Good,Muddy,2199.6,4.85,9.9,9,1934.7,59.9,11,6.01,90.5,2511.2,1,0,Unfastened,No,No,3,87.9,Yes
400,2025-03-01 14:50:00,Afternoon,Excavator,EXC001,13.2,OP1008,33,17.4,SITE06,"Pune, MH",10.57182,77.31141,Trenching,2025-03-01 14:50:00,2025-03-01 15:37:18,47.3,Clear,33.6,Good,Uneven,4036.5,1.81,2.3,8,1209.6,565,10,2.94,100.4,2653.5,1,0,Fastened,No,No,0,100,No
401,2025-03-01 15:17:00,Afternoon,Excavator,EXC005,8.3,OP1016,32,5.4,SITE05,"Hyderabad, TS",8.3659,77.67767,Material Transport,2025-03-01 15:17:00,2025-03-01 15:59:30,42.5,Cloudy,26.3,Good,Flat,3460.2,3.39,4.79,9,2319.8,238.7,3,1.94,92.1,2360.2,0,1,Fastened,No,No,1,100,No
402,2025-03-01 15:48:00,Afternoon,Bulldozer,BDZ002,4.4,OP1030,48,15.2,SITE02,"Coimbatore, TN",14.79245,81.94104,Demolition,2025-03-01 15:48:00,2025-03-01 16:39:18,51.3,Extreme Heat,39.3,Good,Flat,1798,8.03,9.39,8,2040.2,213.6,1,2.56,91.4,2638.8,1,0,Fastened,No,No,0,100,No
403,2025-03-01 20:22:00,Afternoon,Excavator,EXC001,8.1,OP1033,42,7.5,SITE05,"Hyderabad, TS",8.3712,77.67714,Material Transport,2025-03-01 20:22:00,2025-03-01 20:55:30,33.5,Clear,25.3,Good,Sloped,1866,5.03,9.01,6,1309.3,503,1,4.13,91.6,2166.4,1,1,Fastened,No,No,3,100,No
404,2025-03-01 20:58:00,Afternoon,Motor Grader,MGR001,13.4,OP1038,26,10.7,SITE02,"Coimbatore, TN",14.77562,81.95431,Leveling,2025-03-01 20:58:00,2025-03-01 21:26:06,28.1,Rain,22,Moderate,Rocky,2824.8,4.7,10.04,10,1895.5,289.8,30,3.85,102.1,2815.5,3,0,Fastened,Yes,No,3,79.6,Yes
405,2025-03-01 22:31:00,Night,Motor Grader,MGR001,3.2,OP1015,56,10,SITE07,"Nagpur, MH",18.24812,75.03836,Trenching,2025-03-01 22:31:00,2025-03-01 23:09:54,38.9,Clear,33.6,Good,Flat,3390,5.75,8.87,6,846.3,433.5,15,2.11,92.2,2507.7,0,0,Unfastened,No,No,0,84.7,Yes
406,2025-03-02 02:14:00,Night,Bulldozer,BDZ003,1,OP1012,52,20.4,SITE02,"Coimbatore, TN",14.78363,81.95097,Demolition,2025-03-02 02:14:00,2025-03-02 03:14:42,60.7,Clear,29.3,Good,Uneven,4884.8,5.52,5.46,8,1954.6,227.1,2,4.81,96.4,2116.2,1,1,Fastened,No,No,3,100,No
407,2025-03-02 05:35:00,Night,Bulldozer,BDZ001,9.3,OP1026,51,4.7,SITE03,"Vellore, TN",15.62317,79.18943,Material Transport,2025-03-02 05:35:00,2025-03-02 06:05:36,30.6,Clear,30.3,Good,Sloped,3991.2,8.92,17.49,8,2130.9,582.4,3,2.63,86.5,2172.9,1,0,Unfastened,No,No,0,100,No
408,2025-03-02 11:20:00,Morning,Backhoe Loader,BHL003,2.9,OP1023,52,21.4,SITE06,"Pune, MH",10.57888,77.31803,Loading,2025-03-02 11:20:00,2025-03-02 12:22:00,62,Rain,22.9,Moderate,Flat,2445,3.05,2.95,9,1074.9,354.7,36,3.7,80.2,2227.5,0,0,Fastened,No,No,0,92.8,No
409,2025-03-02 16:15:00,Afternoon,Wheel Loader,WLD003,9.6,OP1013,53,14.3,SITE01,"Chennai, TN",16.0168,78.12743,Material Transport,2025-03-02 16:15:00,2025-03-02 16:57:00,42,Fog,16.1,Poor,Uneven,1686.5,2.02,2.89,7,2728.7,175.1,5,4.13,98.1,2146.5,2,0,Fastened,No,No,0,100,No
410,2025-03-03 02:42:00,Night,Motor Grader,MGR001,9.6,OP1008,33,17.4,SITE05,"Hyderabad, TS",8.37677,77.67823,Leveling,2025-03-03 02:42:00,2025-03-03 03:20:48,38.8,Extreme Heat,43.5,Good,Uneven,1985.7,5.44,8.41,10,995.6,323.4,15,4.73,94,2031,0,1,Fastened,No,No,0,100,No
411,2025-03-03 07:35:00,Morning,Excavator,EXC002,5,OP1006,48,21.5,SITE02,"Coimbatore, TN",14.77843,81.94856,Material Transport,2025-03-03 07:35:00,2025-03-03 08:17:24,42.4,Rain,23.3,Moderate,Uneven,3799.5,6.57,9.3,7,1611.4,544.4,32,2.33,100.4,2258.3,0,1,Fastened,No,No,0,92.4,No
412,2025-03-03 07:44:00,Morning,Wheel Loader,WLD002,2.7,OP1025,52,17.2,SITE01,"Chennai, TN",16.01833,78.11912,Grading,2025-03-03 07:44:00,2025-03-03 08:47:24,63.4,Clear,28.8,Good,Rocky,2379.5,4.69,4.44,10,1638.8,407.1,28,2.32,85.2,2584.7,1,0,Fastened,No,No,3,95.6,No
413,2025-03-03 09:24:00,Morning,Motor Grader,MGR001,8,OP1033,42,7.5,SITE07,"Nagpur, MH",18.24725,75.03321,Trenching,2025-03-03 09:24:00,2025-03-03 10:42:54,78.9,Cloudy,30.9,Good,Rocky,4462.7,4.1,3.12,13,1246.7,266.2,6,4.68,92.1,2208.1,1,0,Fastened,No,No,0,100,No
414,2025-03-03 10:21:00,Morning,Wheel Loader,WLD003,0.6,OP1028,46,1.4,SITE02,"Coimbatore, TN",14.79123,81.93726,Leveling,2025-03-03 10:21:00,2025-03-03 11:09:12,48.2,Clear,35.4,Good,Uneven,3634.2,7.78,9.68,10,2299.3,474.6,4,1.96,94.1,2438,2,0,Fastened,Yes,No,6,90.2,Yes
415,2025-03-03 11:41:00,Morning,Wheel Loader,WLD004,0.7,OP1025,52,17.2,SITE08,"Vizag, AP",8.70264,75.65597,Grading,2025-03-03 11:41:00,2025-03-03 12:45:30,64.5,Extreme Heat,41,Good,Flat,4804.1,5.07,4.72,7,2162,390.8,60,2.01,89.8,2361.7,0,0,Unfastened,No,No,1,62.6,Yes
416,2025-03-03 18:10:00,Afternoon,Wheel Loader,WLD001,4.8,OP1015,56,10,SITE03,"Vellore, TN",15.62052,79.20341,Material Transport,2025-03-03 18:10:00,2025-03-03 18:59:30,49.5,Rain,21.1,Moderate,Rocky,3848.3,5.64,6.84,8,2407.7,230.5,53,3.19,89.2,2678,0,3,Fastened,No,No,0,83.1,No
417,2025-03-03 19:13:00,Afternoon,Wheel Loader,WLD001,5.7,OP1027,51,10.5,SITE08,"Vizag, AP",8.69357,75.64885,Digging,2025-03-03 19:13:00,2025-03-03 20:06:36,53.6,Dust Storm,28.3,Poor,Uneven,2984.5,5.59,6.26,4,2027.6,211.9,1,1.89,93.8,2666.1,0,0,Fastened,No,No,0,100,No
418,2025-03-03 23:14:00,Night,Bulldozer,BDZ001,6.7,OP1019,45,18.3,SITE08,"Vizag, AP",8.6913,75.65208,Digging,2025-03-03 23:14:00,2025-03-03 23:53:42,39.7,Clear,30.6,Good,Flat,4620.9,6.92,10.46,9,1401.4,618,15,5.02,97.7,2932.5,0,1,Fastened,No,Yes,4,100,No
419,2025-03-04 00:17:00,Night,Excavator,EXC003,5.2,OP1026,51,4.7,SITE02,"Coimbatore, TN",14.79171,81.93845,Loading,2025-03-04 00:17:00,2025-03-04 01:00:00,43,Clear,25.7,Good,Rocky,3283.8,3.77,5.26,9,1561.3,339.4,28,3.81,92.7,2745.2,0,0,Fastened,Yes,No,3,94.4,No
420,2025-03-04 04:48:00,Night,Excavator,EXC001,3.5,OP1036,43,4.6,SITE06,"Pune, MH",10.58257,77.30848,Trenching,2025-03-04 04:48:00,2025-03-04 06:06:06,78.1,Rain,24,Moderate,Rocky,1849.5,4.21,3.23,9,2381.4,486.3,34,3.57,94.5,2023.9,0,0,Fastened,No,No,6,74,Yes
421,2025-03-04 07:17:00,Morning,Excavator,EXC003,5.9,OP1037,22,3.3,SITE08,"Vizag, AP",8.70245,75.65042,Material Transport,2025-03-04 07:17:00,2025-03-04 08:11:18,54.3,Clear,32.4,Good,Uneven,4632.7,4.67,5.16,3,1779.3,177.7,1,4.17,86,2644.4,0,0,Fastened,No,Yes,4,99.9,No
422,2025-03-04 15:28:00,Afternoon,Wheel Loader,WLD004,3.9,OP1034,38,8.5,SITE01,"Chennai, TN",16.02735,78.12302,Material Transport,2025-03-04 15:28:00,2025-03-04 16:05:48,37.8,Rain,22.6,Moderate,Flat,3593.4,7.17,11.38,9,900.2,300.3,21,3.33,94.1,2778,1,0,Fastened,Yes,No,1,99.5,No
423,2025-03-04 15:30:00,Afternoon,Excavator,EXC001,6.2,OP1001,57,17.1,SITE07,"Nagpur, MH",18.23097,75.03461,Trenching,2025-03-04 15:30:00,2025-03-04 16:16:00,46,Fog,16.3,Poor,Uneven,4421.8,6.26,8.17,5,2922,375.3,5,2.34,88.9,2205.3,0,0,Fastened,No,Yes,1,100,No
424,2025-03-04 15:32:00,Afternoon,Excavator,EXC001,8.1,OP1026,51,4.7,SITE04,"Bengaluru, KA",14.70073,75.9534,Demolition,2025-03-04 15:32:00,2025-03-04 16:39:54,67.9,Clear,25.6,Good,Uneven,2197.9,4.6,4.06,10,1098.7,330.9,47,3.76,94.6,2226.1,0,1,Fastened,No,No,0,88.5,No
425,2025-03-04 22:51:00,Night,Motor Grader,MGR002,11.2,OP1001,57,17.1,SITE04,"Bengaluru, KA",14.70657,75.95728,Grading,2025-03-04 22:51:00,2025-03-04 23:18:42,27.7,Cloudy,30.6,Good,Sloped,4871.3,5.66,12.26,8,890,440.6,5,3.73,96.6,2677.5,0,0,Fastened,No,No,0,100,No
426,2025-03-05 01:35:00,Night,Wheel Loader,WLD004,3.7,OP1030,48,15.2,SITE01,"Chennai, TN",16.01642,78.11481,Material Transport,2025-03-05 01:35:00,2025-03-05 02:12:06,37.1,Clear,32.3,Good,Muddy,1574.6,2.91,4.71,7,1542.5,359.1,41,4.04,97.8,2516,0,0,Fastened,Yes,No,5,83.9,No
427,2025-03-05 04:13:00,Night,Backhoe Loader,BHL001,1.9,OP1018,47,1.9,SITE06,"Pune, MH",10.57472,77.30783,Material Transport,2025-03-05 04:13:00,2025-03-05 04:59:54,46.9,Clear,27.8,Good,Muddy,4071.2,8.27,10.58,11,1812.6,398.1,42,1.2,92.8,2497.7,2,0,Fastened,No,No,5,88.2,No
428,2025-03-05 04:46:00,Night,Wheel Loader,WLD002,8.3,OP1026,51,4.7,SITE05,"Hyderabad, TS",8.3633,77.66788,Leveling,2025-03-05 04:46:00,2025-03-05 05:25:30,39.5,Clear,31.8,Good,Muddy,2583.8,6.4,9.72,6,1951.9,685.8,11,2.28,99,2529.6,1,0,Fastened,Yes,No,3,99.3,No
429,2025-03-05 06:20:00,Morning,Excavator,EXC002,7.1,OP1023,52,21.4,SITE08,"Vizag, AP",8.70446,75.66701,Leveling,2025-03-05 06:20:00,2025-03-05 07:13:42,53.7,Clear,24.5,Good,Flat,3036.8,5.46,6.1,10,1539.8,472.9,1,4.03,94,2268.6,1,0,Unfastened,No,No,1,95.7,Yes
430,2025-03-05 10:34:00,Morning,Excavator,EXC002,7.9,OP1018,47,1.9,SITE06,"Pune, MH",10.57706,77.31423,Material Transport,2025-03-05 10:34:00,2025-03-05 11:04:36,30.6,Rain,24.6,Moderate,Rocky,2970.4,7.95,15.59,13,1771.4,427.7,14,4.39,87.4,2429.1,0,1,Fastened,No,No,3,100,No
431,2025-03-05 10:53:00,Morning,Backhoe Loader,BHL002,1.4,OP1005,45,2.5,SITE06,"Pune, MH",10.57925,77.30226,Trenching,2025-03-05 10:53:00,2025-03-05 12:17:36,84.6,Clear,35.1,Good,Muddy,4853.1,6.5,4.61,12,2903,340.3,81,3.5,88.2,2310.7,1,0,Fastened,Yes,No,0,73.9,No
432,2025-03-05 14:58:00,Afternoon,Motor Grader,MGR001,3.5,OP1023,52,21.4,SITE02,"Coimbatore, TN",14.78401,81.94185,Loading,2025-03-05 14:58:00,2025-03-05 15:25:12,27.2,Clear,26.9,Good,Uneven,3125.4,7.26,16.01,18,1473.7,380.7,28,1.74,82,2631.2,0,2,Fastened,No,No,0,100,No
433,2025-03-05 16:14:00,Afternoon,Backhoe Loader,BHL003,0.7,OP1011,37,8.5,SITE02,"Coimbatore, TN",14.7785,81.94531,Material Transport,2025-03-05 16:14:00,2025-03-05 17:07:06,53.1,Cloudy,24.5,Good,Rocky,3821,2.86,3.23,10,821.1,465.5,11,1.72,98.6,2510.2,1,1,Fastened,No,No,0,100,No
434,2025-03-05 22:05:00,Night,Bulldozer,BDZ002,12.6,OP1021,53,16.8,SITE08,"Vizag, AP",8.70951,75.66344,Grading,2025-03-05 22:05:00,2025-03-05 23:19:18,74.3,Rain,24.5,Moderate,Flat,2080.7,3.88,3.13,10,1235.3,115.1,0,0.57,87.3,2079,0,0,Fastened,No,No,3,100,No
435,2025-03-06 02:44:00,Night,Excavator,EXC005,4.4,OP1035,40,10.6,SITE04,"Bengaluru, KA",14.71817,75.94413,Loading,2025-03-06 02:44:00,2025-03-06 03:38:12,54.2,Clear,25.1,Good,Sloped,3150.4,2.72,3.01,6,263.5,405.3,14,3.07,81.4,2358.9,2,0,Fastened,No,No,0,100,No
436,2025-03-06 09:25:00,Morning,Bulldozer,BDZ003,1.5,OP1001,57,17.1,SITE03,"Vellore, TN",15.61304,79.19315,Material Transport,2025-03-06 09:25:00,2025-03-06 10:11:30,46.5,Clear,26.4,Good,Sloped,2392.3,4.14,5.34,9,2488.5,478.1,8,2.92,105.6,2845.6,3,1,Fastened,No,No,0,100,No
437,2025-03-06 12:18:00,Morning,Excavator,EXC003,13.2,OP1003,27,19,SITE07,"Nagpur, MH",18.23766,75.05091,Demolition,2025-03-06 12:18:00,2025-03-06 13:03:00,45,Rain,25,Moderate,Flat,3284.3,2.24,2.99,11,1442.2,297.5,6,3.9,92.1,2485,0,0,Fastened,Yes,Yes,8,100,No
438,2025-03-06 17:04:00,Afternoon,Excavator,EXC003,11.1,OP1031,31,16.5,SITE02,"Coimbatore, TN",14.78264,81.94497,Material Transport,2025-03-06 17:04:00,2025-03-06 17:18:18,14.3,Extreme Heat,43.2,Good,Sloped,4138.4,4.39,18.42,13,1791.8,170.9,7,1.99,89.9,2524.9,0,0,Unfastened,No,No,0,97.1,Yes
439,2025-03-06 20:52:00,Afternoon,Excavator,EXC001,10.2,OP1020,26,14.1,SITE07,"Nagpur, MH",18.23177,75.04232,Loading,2025-03-06 20:52:00,2025-03-06 21:48:42,56.7,Clear,32.3,Good,Flat,4198.4,5.73,6.06,10,1885.1,435.5,5,1.34,84.8,2201.9,1,0,Fastened,No,No,1,100,No
440,2025-03-06 22:35:00,Night,Wheel Loader,WLD003,7.3,OP1011,37,8.5,SITE06,"Pune, MH",10.56935,77.30317,Leveling,2025-03-06 22:35:00,2025-03-06 22:44:06,9.1,Clear,30.7,Good,Flat,3368.2,3.81,25.12,15,1378.1,215.9,9,1.97,97.7,2323.7,0,0,Fastened,No,No,2,100,No
441,2025-03-07 01:05:00,Night,Wheel Loader,WLD002,3.7,OP1007,24,16.9,SITE06,"Pune, MH",10.57412,77.31557,Digging,2025-03-07 01:05:00,2025-03-07 01:59:00,54,Clear,31.1,Good,Flat,2669.6,5.29,5.88,10,2861.7,299.4,15,4,82.4,2645.8,0,0,Fastened,Yes,No,0,100,No
442,2025-03-07 07:06:00,Morning,Excavator,EXC002,7.7,OP1019,45,18.3,SITE04,"Bengaluru, KA",14.72042,75.95652,Loading,2025-03-07 07:06:00,2025-03-07 07:51:06,45.1,Clear,30.3,Good,Flat,2683.9,5.3,7.05,12,734,483.2,16,5.59,84.8,2031.4,2,0,Fastened,No,No,3,100,No
443,2025-03-07 14:10:00,Afternoon,Motor Grader,MGR002,6.1,OP1035,40,10.6,SITE01,"Chennai, TN",16.01148,78.11558,Digging,2025-03-07 14:10:00,2025-03-07 14:56:48,46.8,Clear,34,Good,Uneven,2696.6,4.89,6.27,9,2341.2,402.7,6,3.73,93.8,2430,2,2,Fastened,No,No,0,92.8,Yes
444,2025-03-07 18:39:00,Afternoon,Bulldozer,BDZ001,9.9,OP1014,36,18.2,SITE05,"Hyderabad, TS",8.36355,77.6708,Grading,2025-03-07 18:39:00,2025-03-07 19:47:06,68.1,Clear,25.6,Good,Sloped,2169.2,7.87,6.93,9,2279.3,496.2,3,3.33,89.6,2561,0,1,Fastened,No,No,1,100,No
445,2025-03-07 20:40:00,Afternoon,Wheel Loader,WLD001,2.3,OP1017,30,12.4,SITE07,"Nagpur, MH",18.24604,75.0394,Digging,2025-03-07 20:40:00,2025-03-07 21:46:00,66,Clear,26,Good,Flat,2628.1,4.86,4.42,9,2263.9,331.1,20,3.51,99.5,2420.7,0,0,Unfastened,No,No,0,100,No
446,2025-03-07 22:43:00,Night,Wheel Loader,WLD002,3.4,OP1017,30,12.4,SITE04,"Bengaluru, KA",14.7191,75.95264,Grading,2025-03-07 22:43:00,2025-03-07 23:30:12,47.2,Dust Storm,36.3,Poor,Flat,3886.4,6.37,8.1,9,1340.6,422,5,3.31,100.8,2287.1,0,0,Unfastened,Yes,No,1,100,No
447,2025-03-08 01:18:00,Night,Wheel Loader,WLD001,0.9,OP1011,37,8.5,SITE07,"Nagpur, MH",18.24059,75.0426,Demolition,2025-03-08 01:18:00,2025-03-08 01:29:00,11,Fog,21.9,Poor,Muddy,4141.6,0.7,3.82,11,2655,423.1,7,3.61,87.2,1998.4,2,0,Fastened,No,Yes,1,100,No
448,2025-03-08 05:10:00,Night,Excavator,EXC004,1.3,OP1040,25,14.9,SITE08,"Vizag, AP",8.69709,75.66746,Leveling,2025-03-08 05:10:00,2025-03-08 05:56:54,46.9,Extreme Heat,41.8,Good,Sloped,4447.2,1.71,2.19,7,668.8,417.5,51,2.74,92.6,2647.7,1,0,Unfastened,No,No,0,67.9,Yes
449,2025-03-08 08:10:00,Morning,Bulldozer,BDZ003,11.5,OP1014,36,18.2,SITE08,"Vizag, AP",8.69871,75.66686,Digging,2025-03-08 08:10:00,2025-03-08 09:03:30,53.5,Extreme Heat,42.2,Good,Flat,4965.8,1.62,1.82,12,1343.5,224.8,22,1.27,79.7,2618,0,2,Fastened,No,No,0,100,No
450,2025-03-08 13:21:00,Morning,Excavator,EXC001,13.8,OP1035,40,10.6,SITE07,"Nagpur, MH",18.23727,75.04062,Demolition,2025-03-08 13:21:00,2025-03-08 14:02:48,41.8,Rain,22,Moderate,Sloped,4209.4,4.3,6.17,15,2560.3,513.9,9,3.63,98.4,2389.7,0,1,Fastened,No,No,0,100,No
451,2025-03-08 15:43:00,Afternoon,Wheel Loader,WLD004,11.6,OP1029,39,3.8,SITE01,"Chennai, TN",16.01888,78.12597,Trenching,2025-03-08 15:43:00,2025-03-08 16:37:06,54.1,Clear,26.7,Good,Uneven,2355.3,6.93,7.69,12,1887.4,573,30,1.75,94.8,2538.1,0,1,Fastened,No,No,0,99.4,No
452,2025-03-08 16:57:00,Afternoon,Motor Grader,MGR002,8.9,OP1025,52,17.2,SITE02,"Coimbatore, TN",14.78034,81.94514,Grading,2025-03-08 16:57:00,2025-03-08 17:32:36,35.6,Cloudy,22.3,Good,Flat,3355.2,4.03,6.79,6,1794,230.9,1,3.61,89.1,2474,0,0,Fastened,No,No,0,100,No
453,2025-03-08 19:01:00,Afternoon,Motor Grader,MGR002,8.3,OP1010,53,10.2,SITE08,"Vizag, AP",8.70043,75.64884,Loading,2025-03-08 19:01:00,2025-03-08 19:20:00,19,Cloudy,22.4,Good,Uneven,1668.3,3.82,12.06,8,1847.4,171.7,9,2.48,85.9,2295.4,0,1,Fastened,No,No,1,100,No
454,2025-03-09 05:57:00,Night,Backhoe Loader,BHL003,12.3,OP1012,52,20.4,SITE07,"Nagpur, MH",18.23315,75.03438,Leveling,2025-03-09 05:57:00,2025-03-09 06:21:36,24.6,Clear,29.5,Good,Flat,1726.8,1.79,4.37,7,2499.4,593.8,1,4.68,94.8,2645.9,1,0,Fastened,No,No,0,100,No
455,2025-03-09 05:59:00,Night,Bulldozer,BDZ002,8.2,OP1021,53,16.8,SITE04,"Bengaluru, KA",14.71182,75.94884,Demolition,2025-03-09 05:59:00,2025-03-09 07:00:18,61.3,Clear,34,Good,Uneven,4564.5,7.69,7.53,10,1736.6,671.6,37,0.95,89.2,2350.4,1,0,Fastened,No,No,1,92.7,No
456,2025-03-09 06:14:00,Morning,Bulldozer,BDZ001,9.4,OP1006,48,21.5,SITE05,"Hyderabad, TS",8.36948,77.67653,Grading,2025-03-09 06:14:00,2025-03-09 06:43:42,29.7,Clear,25.5,Good,Flat,1871.1,5.11,10.32,9,1296.8,384.2,3,4.24,95,2413.6,0,0,Fastened,No,No,4,100,No
457,2025-03-09 06:28:00,Morning,Wheel Loader,WLD001,5.5,OP1006,48,21.5,SITE04,"Bengaluru, KA",14.71136,75.94675,Demolition,2025-03-09 06:28:00,2025-03-09 06:55:00,27,Cloudy,25.4,Good,Flat,4706.5,3.83,8.51,6,2033.1,245.3,1,1.9,93.9,2186.1,1,0,Fastened,No,No,0,100,No
458,2025-03-09 15:21:00,Afternoon,Excavator,EXC001,8.2,OP1028,46,1.4,SITE08,"Vizag, AP",8.70927,75.65293,Trenching,2025-03-09 15:21:00,2025-03-09 16:14:42,53.7,Clear,35.1,Good,Flat,2169,5.24,5.85,10,1548.4,345.7,62,3.01,91.5,2678.3,0,0,Fastened,No,No,6,76.2,No
459,2025-03-09 21:32:00,Afternoon,Wheel Loader,WLD001,8.3,OP1006,48,21.5,SITE06,"Pune, MH",10.58212,77.31999,Loading,2025-03-09 21:32:00,2025-03-09 22:12:00,40,Clear,31,Good,Muddy,2188.8,3.04,4.56,6,923.6,318.8,26,2.83,90.9,2130,1,0,Fastened,No,No,0,94.2,No
460,2025-03-10 00:29:00,Night,Wheel Loader,WLD002,11.9,OP1027,51,10.5,SITE04,"Bengaluru, KA",14.71869,75.94789,Grading,2025-03-10 00:29:00,2025-03-10 01:11:24,42.4,Clear,28.4,Good,Flat,4837.8,3.18,4.5,7,1685.5,318.3,1,4.51,88.8,2565.2,1,0,Fastened,Yes,No,2,100,No
461,2025-03-10 06:35:00,Morning,Backhoe Loader,BHL001,3.4,OP1038,26,10.7,SITE03,"Vellore, TN",15.61049,79.19962,Loading,2025-03-10 06:35:00,2025-03-10 07:02:12,27.2,Rain,24.4,Moderate,Flat,4370.9,7.42,16.37,6,1211,306.5,21,2.48,88,2202,0,0,Fastened,No,No,0,96.7,No
462,2025-03-10 18:30:00,Afternoon,Motor Grader,MGR001,3.6,OP1035,40,10.6,SITE03,"Vellore, TN",15.61158,79.19782,Demolition,2025-03-10 18:30:00,2025-03-10 19:24:06,54.1,Cloudy,31.8,Good,Sloped,4739.9,4.56,5.06,12,1821,405.9,35,3.46,94.9,2765.4,3,0,Fastened,No,No,0,96.9,No
463,2025-03-10 20:13:00,Afternoon,Excavator,EXC002,7.4,OP1030,48,15.2,SITE01,"Chennai, TN",16.02696,78.12619,Trenching,2025-03-10 20:13:00,2025-03-10 20:34:48,21.8,Clear,29.3,Good,Flat,4661.9,3.65,10.05,11,1558.5,442.6,4,1.57,93.5,2720.4,0,0,Fastened,No,No,0,100,No
464,2025-03-10 21:31:00,Afternoon,Motor Grader,MGR002,0.7,OP1023,52,21.4,SITE06,"Pune, MH",10.57759,77.31114,Digging,2025-03-10 21:31:00,2025-03-10 22:30:18,59.3,Cloudy,26.6,Good,Rocky,3660.1,3.36,3.4,13,2241.5,314.5,112,2.57,91.3,2471,0,0,Fastened,No,No,2,43,Yes
465,2025-03-11 00:14:00,Night,Excavator,EXC002,3.7,OP1034,38,8.5,SITE08,"Vizag, AP",8.70937,75.65645,Loading,2025-03-11 00:14:00,2025-03-11 01:02:00,48,Cloudy,26.7,Good,Uneven,4572.5,7.59,9.49,6,2560.4,202.4,19,2.66,95,2316.9,0,0,Fastened,Yes,No,0,97.7,No
466,2025-03-11 01:07:00,Night,Wheel Loader,WLD004,9.5,OP1011,37,8.5,SITE06,"Pune, MH",10.57818,77.31161,Leveling,2025-03-11 01:07:00,2025-03-11 02:18:36,71.6,Clear,25.8,Good,Flat,2756.4,2.88,2.41,14,2189.4,330.7,18,4.39,89.4,2444.4,1,0,Fastened,No,No,0,100,No
467,2025-03-11 01:42:00,Night,Excavator,EXC004,12.3,OP1005,45,2.5,SITE06,"Pune, MH",10.58383,77.30588,Loading,2025-03-11 01:42:00,2025-03-11 02:14:00,32,Rain,22.1,Moderate,Rocky,2335.5,4.11,7.71,12,1753.5,430,9,3.88,80.1,2912.8,0,0,Fastened,No,No,2,93.3,Yes
468,2025-03-11 02:40:00,Night,Backhoe Loader,BHL001,3.7,OP1015,56,10,SITE08,"Vizag, AP",8.69475,75.66546,Material Transport,2025-03-11 02:40:00,2025-03-11 03:42:06,62.1,Extreme Heat,44.7,Good,Muddy,3120,5.22,5.04,8,1868.8,423.3,1,3.14,92.6,2253.6,0,2,Fastened,Yes,Yes,0,100,No
469,2025-03-11 10:44:00,Morning,Wheel Loader,WLD003,6.9,OP1006,48,21.5,SITE01,"Chennai, TN",16.0275,78.11706,Loading,2025-03-11 10:44:00,2025-03-11 11:21:30,37.5,Clear,28.6,Good,Muddy,3885.8,3.85,6.16,5,1877.5,0,12,1.57,92.2,2604.3,0,0,Unfastened,No,No,0,100,No
470,2025-03-11 12:03:00,Morning,Bulldozer,BDZ002,5.3,OP1022,28,8.1,SITE01,"Chennai, TN",16.02957,78.13107,Trenching,2025-03-11 12:03:00,2025-03-11 12:54:30,51.5,Clear,24.5,Good,Flat,4208.6,2.56,2.98,12,1509.1,305,13,2.94,90,3050.1,0,1,Fastened,No,No,2,100,No
471,2025-03-11 19:46:00,Afternoon,Excavator,EXC003,12.8,OP1008,33,17.4,SITE04,"Bengaluru, KA",14.70629,75.95732,Demolition,2025-03-11 19:46:00,2025-03-11 20:17:18,31.3,Extreme Heat,39.1,Good,Uneven,2286.4,3.16,6.06,9,1068.1,347.4,49,1.58,95,1918.9,2,1,Fastened,Yes,No,5,82.3,No
472,2025-03-11 21:57:00,Afternoon,Wheel Loader,WLD002,9.4,OP1036,43,4.6,SITE06,"Pune, MH",10.57468,77.31797,Trenching,2025-03-11 21:57:00,2025-03-11 23:10:48,73.8,Cloudy,31.5,Good,Flat,3258.7,3.23,2.63,7,3218.7,566.6,32,3.28,83.2,2840.4,0,3,Fastened,No,No,1,91.6,No
473,2025-03-12 02:22:00,Night,Wheel Loader,WLD003,13.7,OP1021,53,16.8,SITE01,"Chennai, TN",16.01701,78.12903,Trenching,2025-03-12 02:22:00,2025-03-12 03:20:12,58.2,Clear,29.9,Good,Flat,4204.9,1.08,1.11,9,816.6,286.6,46,3.3,89.3,2179.5,1,1,Fastened,Yes,Yes,2,86.2,No
474,2025-03-12 03:00:00,Night,Bulldozer,BDZ001,0.5,OP1007,24,16.9,SITE06,"Pune, MH",10.58052,77.31274,Leveling,2025-03-12 03:00:00,2025-03-12 03:31:36,31.6,Fog,19.3,Poor,Uneven,2118.7,5.75,10.92,11,1590.4,432.2,39,2.12,90.4,2924.8,2,0,Fastened,Yes,No,2,92.1,No
475,2025-03-12 03:15:00,Night,Motor Grader,MGR001,2.2,OP1002,38,9.9,SITE06,"Pune, MH",10.57681,77.30291,Grading,2025-03-12 03:15:00,2025-03-12 04:07:30,52.5,Dust Storm,39.8,Poor,Flat,3489.2,5.67,6.48,7,876.1,404.4,15,3.9,94.1,2205.5,1,0,Fastened,Yes,Yes,0,100,No
476,2025-03-12 03:28:00,Night,Backhoe Loader,BHL003,6.7,OP1026,51,4.7,SITE05,"Hyderabad, TS",8.37659,77.677,Demolition,2025-03-12 03:28:00,2025-03-12 04:37:18,69.3,Extreme Heat,44.6,Good,Flat,2371.9,6.7,5.8,6,1199.5,608.7,34,4.47,100.6,2254.1,0,0,Fastened,Yes,Yes,1,89.4,No
477,2025-03-12 11:43:00,Morning,Wheel Loader,WLD004,2.9,OP1035,40,10.6,SITE03,"Vellore, TN",15.60843,79.19859,Trenching,2025-03-12 11:43:00,2025-03-12 12:42:06,59.1,Clear,34.4,Good,Rocky,2764.5,5.36,5.44,14,2465.9,265.7,10,5.15,92.8,2617.9,0,0,Fastened,No,No,2,100,No
478,2025-03-12 12:14:00,Morning,Wheel Loader,WLD002,11.1,OP1018,47,1.9,SITE06,"Pune, MH",10.57463,77.30667,Grading,2025-03-12 12:14:00,2025-03-12 12:55:36,41.6,Clear,28.4,Good,Rocky,3488.1,5.85,8.44,9,1803.1,402.2,28,4.64,96.8,2627,0,0,Fastened,No,No,2,95.2,No
479,2025-03-12 13:51:00,Morning,Excavator,EXC005,11.6,OP1037,22,3.3,SITE01,"Chennai, TN",16.02762,78.12664,Material Transport,2025-03-12 13:51:00,2025-03-12 14:20:48,29.8,Clear,31,Good,Sloped,3081.1,7.01,14.11,8,2171.2,709.3,44,3.51,87.5,2574.9,1,0,Fastened,No,No,1,86.8,No
480,2025-03-12 14:08:00,Afternoon,Excavator,EXC001,7.5,OP1030,48,15.2,SITE04,"Bengaluru, KA",14.70144,75.94197,Material Transport,2025-03-12 14:08:00,2025-03-12 15:11:24,63.4,Clear,31.1,Good,Sloped,4233.2,4.78,4.52,10,1857.3,352.7,23,3.4,88.8,2464.7,0,1,Fastened,No,No,0,100,No
481,2025-03-12 14:10:00,Afternoon,Wheel Loader,WLD003,6.6,OP1012,52,20.4,SITE03,"Vellore, TN",15.61761,79.18777,Leveling,2025-03-12 14:10:00,2025-03-12 15:03:18,53.3,Rain,22,Moderate,Uneven,2241.5,6.2,6.98,10,1115.4,202.6,39,2.81,89.9,2540.7,1,0,Fastened,No,No,4,89.3,No
482,2025-03-12 15:49:00,Afternoon,Excavator,EXC001,6.6,OP1011,37,8.5,SITE03,"Vellore, TN",15.61526,79.20284,Digging,2025-03-12 15:49:00,2025-03-12 16:28:36,39.6,Fog,21.1,Poor,Flat,3621.7,3.81,5.77,14,2183.3,405.5,28,2.6,97.8,2233,0,0,Unfastened,No,No,0,87.8,Yes
483,2025-03-12 17:57:00,Afternoon,Excavator,EXC003,6,OP1001,57,17.1,SITE06,"Pune, MH",10.5694,77.30104,Trenching,2025-03-12 17:57:00,2025-03-12 18:23:24,26.4,Cloudy,26.6,Good,Flat,3180.9,8.06,18.32,6,2514.7,76.2,51,4.36,85.9,2267.6,0,0,Fastened,Yes,No,3,79.3,No
484,2025-03-13 16:56:00,Afternoon,Wheel Loader,WLD004,9.1,OP1007,24,16.9,SITE08,"Vizag, AP",8.69621,75.66208,Grading,2025-03-13 16:56:00,2025-03-13 17:24:18,28.3,Clear,35.2,Good,Muddy,2163.2,7.41,15.71,8,2849.7,343.9,1,2.59,97.8,1912.1,1,0,Fastened,No,No,0,100,No
485,2025-03-13 19:59:00,Afternoon,Wheel Loader,WLD003,3,OP1029,39,3.8,SITE01,"Chennai, TN",16.01656,78.1253,Trenching,2025-03-13 19:59:00,2025-03-13 20:37:42,38.7,Clear,34.9,Good,Uneven,3382.5,6.1,9.46,9,1344.6,402.4,4,3.25,88.8,2437.9,1,0,Fastened,No,No,3,100,No
486,2025-03-13 20:36:00,Afternoon,Backhoe Loader,BHL003,11.3,OP1001,57,17.1,SITE05,"Hyderabad, TS",8.36499,77.67278,Loading,2025-03-13 20:36:00,2025-03-13 21:02:24,26.4,Clear,28.7,Good,Muddy,1500.6,3.75,8.52,10,1168.8,352.9,2,2.46,108.1,2723.2,2,0,Fastened,No,No,2,100,No
487,2025-03-13 21:46:00,Afternoon,Bulldozer,BDZ002,2.1,OP1040,25,14.9,SITE07,"Nagpur, MH",18.24305,75.03616,Leveling,2025-03-13 21:46:00,2025-03-13 22:26:30,40.5,Clear,33.9,Good,Muddy,2251,2.81,4.16,11,1396.5,636.6,22,2.48,104.4,2157.2,0,1,Fastened,No,No,1,100,No
488,2025-03-14 00:51:00,Night,Backhoe Loader,BHL002,9.6,OP1036,43,4.6,SITE04,"Bengaluru, KA",14.70724,75.95071,Demolition,2025-03-14 00:51:00,2025-03-14 02:12:30,81.5,Cloudy,26.9,Good,Uneven,2464,5.46,4.02,10,2112.4,381.1,35,3.08,98.4,2292.3,3,1,Unfastened,No,No,1,93.7,No
489,2025-03-14 02:03:00,Night,Excavator,EXC002,9.5,OP1039,30,5.4,SITE07,"Nagpur, MH",18.23138,75.04445,Grading,2025-03-14 02:03:00,2025-03-14 03:03:54,60.9,Cloudy,25.6,Good,Rocky,3223.1,5.41,5.33,6,2279.4,188.5,13,3.68,91,2293,1,1,Fastened,No,Yes,1,99.9,No
490,2025-03-14 09:25:00,Morning,Wheel Loader,WLD002,3.3,OP1024,21,19.7,SITE03,"Vellore, TN",15.61021,79.18866,Grading,2025-03-14 09:25:00,2025-03-14 09:50:06,25.1,Clear,35.6,Good,Muddy,2214,2.27,5.43,12,1647.4,360.1,22,4.56,84.1,2425.2,2,0,Fastened,No,No,0,100,No
491,2025-03-14 14:25:00,Afternoon,Excavator,EXC002,9.7,OP1020,26,14.1,SITE08,"Vizag, AP",8.70765,75.65628,Demolition,2025-03-14 14:25:00,2025-03-14 15:55:36,90.6,Clear,29,Good,Rocky,3352.5,4.42,2.93,8,1713.8,330.9,19,5.29,100.5,2291.6,0,1,Fastened,No,No,0,100,No
492,2025-03-15 02:11:00,Night,Motor Grader,MGR002,1.7,OP1018,47,1.9,SITE03,"Vellore, TN",15.62317,79.20017,Demolition,2025-03-15 02:11:00,2025-03-15 03:17:18,66.3,Rain,23.7,Moderate,Rocky,2271,4.35,3.94,6,1597.6,423.8,14,6.09,84.8,2291.3,0,0,Fastened,No,No,0,85.2,Yes
493,2025-03-15 03:49:00,Night,Excavator,EXC002,8.2,OP1008,33,17.4,SITE01,"Chennai, TN",16.02017,78.12403,Trenching,2025-03-15 03:49:00,2025-03-15 04:42:36,53.6,Clear,27.3,Good,Flat,3815.3,4.05,4.53,5,1406.5,227.5,20,3.18,85.2,2465.6,0,1,Fastened,No,No,1,95.2,No
494,2025-03-15 05:16:00,Night,Excavator,EXC005,12,OP1028,46,1.4,SITE02,"Coimbatore, TN",14.77886,81.94128,Material Transport,2025-03-15 05:16:00,2025-03-15 05:37:06,21.1,Cloudy,23.3,Good,Rocky,2286.7,2.11,6,13,1659.4,318.3,15,2.23,99.5,2326.5,1,1,Fastened,Yes,No,1,100,No
495,2025-03-15 06:01:00,Morning,Motor Grader,MGR001,14.9,OP1037,22,3.3,SITE02,"Coimbatore, TN",14.78509,81.94892,Leveling,2025-03-15 06:01:00,2025-03-15 07:23:54,82.9,Fog,15.1,Poor,Uneven,4250.4,1.41,1.02,10,1905.6,335.5,0,5.32,93.3,2677.9,0,0,Fastened,No,Yes,3,100,No
496,2025-03-15 17:08:00,Afternoon,Wheel Loader,WLD002,1.8,OP1031,31,16.5,SITE04,"Bengaluru, KA",14.7197,75.95287,Trenching,2025-03-15 17:08:00,2025-03-15 18:06:42,58.7,Dust Storm,35.9,Poor,Flat,2891.8,6.14,6.28,6,2376.8,699.3,1,3.72,95.7,2778.9,0,0,Fastened,No,No,2,100,No
497,2025-03-15 22:21:00,Night,Excavator,EXC005,1.3,OP1032,51,21.3,SITE05,"Hyderabad, TS",8.37113,77.68412,Demolition,2025-03-15 22:21:00,2025-03-15 23:07:00,46,Clear,26.1,Good,Uneven,3475.4,6.61,8.62,9,2388.6,235.4,24,4.56,91.6,2420,1,0,Fastened,Yes,No,3,96.4,No
498,2025-03-16 02:13:00,Night,Excavator,EXC005,12.1,OP1024,21,19.7,SITE04,"Bengaluru, KA",14.71482,75.94541,Grading,2025-03-16 02:13:00,2025-03-16 02:55:24,42.4,Clear,31.4,Good,Rocky,1736.5,5.79,8.19,7,1951,152.8,11,2.88,94.2,2813.7,0,0,Fastened,No,No,1,100,No
499,2025-03-16 03:44:00,Night,Bulldozer,BDZ003,6.3,OP1023,52,21.4,SITE01,"Chennai, TN",16.02672,78.13342,Demolition,2025-03-16 03:44:00,2025-03-16 04:38:06,54.1,Clear,34.6,Good,Sloped,3622.8,8.21,9.11,11,508.7,371.2,26,4.3,95.1,2837.4,0,0,Fastened,No,No,0,100,No
500,2025-03-16 08:58:00,Morning,Wheel Loader,WLD001,12.7,OP1019,45,18.3,SITE08,"Vizag, AP",8.69294,75.65863,Trenching,2025-03-16 08:58:00,2025-03-16 09:23:30,25.5,Cloudy,23.5,Good,Rocky,4089.6,4.74,11.15,6,1700.5,419.2,30,1.83,87.8,2725.5,2,1,Fastened,No,No,0,77.2,Yes
501,2025-03-16 20:01:00,Afternoon,Bulldozer,BDZ001,10.7,OP1023,52,21.4,SITE04,"Bengaluru, KA",14.71,75.96063,Trenching,2025-03-16 20:01:00,2025-03-16 20:28:30,27.5,Fog,15.1,Poor,Sloped,3890.4,3.55,7.75,5,1721.5,400.9,19,3.34,93,2280.1,1,0,Fastened,No,No,2,94.9,No
502,2025-03-16 23:47:00,Night,Backhoe Loader,BHL001,9,OP1001,57,17.1,SITE06,"Pune, MH",10.57044,77.31629,Leveling,2025-03-16 23:47:00,2025-03-17 00:31:06,44.1,Clear,33.4,Good,Flat,4558.9,2.53,3.44,11,1826.9,443.1,0,3.19,92.5,2287.3,1,0,Fastened,No,No,4,100,No
503,2025-03-17 03:05:00,Night,Motor Grader,MGR002,7.3,OP1019,45,18.3,SITE05,"Hyderabad, TS",8.37219,77.68586,Leveling,2025-03-17 03:05:00,2025-03-17 03:21:18,16.3,Cloudy,28,Good,Sloped,3227.3,4.25,15.64,3,1964.3,301.1,12,3.16,94.7,2383,0,1,Fastened,No,No,0,97.6,No
504,2025-03-17 03:22:00,Night,Backhoe Loader,BHL002,6.4,OP1010,53,10.2,SITE01,"Chennai, TN",16.01347,78.12774,Digging,2025-03-17 03:22:00,2025-03-17 04:18:18,56.3,Cloudy,27.9,Good,Flat,3658.6,6.32,6.74,7,2520.2,442.2,15,3.86,90.4,2249.2,0,0,Unfastened,No,No,0,85.9,Yes
505,2025-03-17 06:33:00,Morning,Bulldozer,BDZ003,13.4,OP1015,56,10,SITE07,"Nagpur, MH",18.24821,75.0479,Digging,2025-03-17 06:33:00,2025-03-17 07:10:06,37.1,Clear,28.9,Good,Uneven,2871.1,6.84,11.06,13,1568.7,225.6,61,2.56,89.2,1937,1,0,Fastened,No,Yes,1,84.3,No
506,2025-03-17 06:51:00,Morning,Bulldozer,BDZ002,3.4,OP1027,51,10.5,SITE01,"Chennai, TN",16.02896,78.12428,Trenching,2025-03-17 06:51:00,2025-03-17 07:44:24,53.4,Cloudy,29.8,Good,Rocky,3690.7,5.05,5.67,11,1917,438.7,56,4.23,95.6,2404.4,0,0,Fastened,No,No,1,84.4,No
507,2025-03-17 08:29:00,Morning,Excavator,EXC004,4,OP1036,43,4.6,SITE01,"Chennai, TN",16.02096,78.13114,Digging,2025-03-17 08:29:00,2025-03-17 09:19:54,50.9,Rain,23.8,Moderate,Muddy,4714.8,7.86,9.27,13,2040.9,301.6,1,3.92,92.8,2289.7,3,1,Unfastened,No,No,1,99.3,Yes
508,2025-03-17 17:49:00,Afternoon,Backhoe Loader,BHL003,10.7,OP1020,26,14.1,SITE03,"Vellore, TN",15.62594,79.19528,Trenching,2025-03-17 17:49:00,2025-03-17 18:06:42,17.7,Cloudy,27.5,Good,Uneven,3047.5,0.93,3.15,8,482.9,296.3,22,4.55,92,2424.6,1,1,Fastened,No,No,3,96.2,No
509,2025-03-17 23:53:00,Night,Bulldozer,BDZ001,3.3,OP1027,51,10.5,SITE01,"Chennai, TN",16.01986,78.12869,Digging,2025-03-17 23:53:00,2025-03-18 00:44:06,51.1,Rain,22.3,Moderate,Uneven,4204.4,4.75,5.58,12,1444.1,364.4,9,2.28,85.4,2543.1,0,1,Fastened,No,No,0,94.9,Yes
510,2025-03-18 01:22:00,Night,Backhoe Loader,BHL003,7.2,OP1003,27,19,SITE03,"Vellore, TN",15.61048,79.20229,Material Transport,2025-03-18 01:22:00,2025-03-18 01:43:42,21.7,Clear,24.7,Good,Muddy,1938.7,7.27,20.1,13,1126.8,48.9,61,1.87,97.3,2572,0,0,Fastened,No,No,1,84.3,No
511,2025-03-18 07:31:00,Morning,Backhoe Loader,BHL001,9.9,OP1006,48,21.5,SITE06,"Pune, MH",10.57981,77.31933,Trenching,2025-03-18 07:31:00,2025-03-18 07:56:48,25.8,Clear,24.9,Good,Muddy,3511,1.24,2.88,10,1796.1,465.5,86,3.04,89.7,2370.2,2,0,Fastened,No,No,2,67.4,No
512,2025-03-18 07:37:00,Morning,Wheel Loader,WLD004,2.3,OP1025,52,17.2,SITE07,"Nagpur, MH",18.24814,75.03348,Material Transport,2025-03-18 07:37:00,2025-03-18 07:58:54,21.9,Clear,30.6,Good,Muddy,2712.7,5.59,15.32,12,788.6,385.3,1,2.52,100.7,2353.1,2,1,Fastened,Yes,No,0,100,No
513,2025-03-18 10:50:00,Morning,Excavator,EXC002,11.6,OP1039,30,5.4,SITE07,"Nagpur, MH",18.23463,75.04715,Leveling,2025-03-18 10:50:00,2025-03-18 11:41:36,51.6,Cloudy,25,Good,Rocky,1575.3,5.59,6.5,5,1720.1,557.9,13,2.59,83.3,2440.7,1,0,Unfastened,No,Yes,3,82.1,Yes
514,2025-03-18 19:32:00,Afternoon,Bulldozer,BDZ003,1.1,OP1017,30,12.4,SITE02,"Coimbatore, TN",14.77343,81.94721,Demolition,2025-03-18 19:32:00,2025-03-18 20:42:54,70.9,Rain,21.5,Moderate,Flat,4094.1,3.71,3.14,12,1546.4,353.6,17,3.66,100.5,2357.7,0,0,Unfastened,No,No,2,100,No
515,2025-03-18 20:19:00,Afternoon,Wheel Loader,WLD003,14.2,OP1010,53,10.2,SITE07,"Nagpur, MH",18.24879,75.04798,Leveling,2025-03-18 20:19:00,2025-03-18 20:53:36,34.6,Extreme Heat,45.8,Good,Flat,4807.3,2.19,3.8,7,973.9,160.9,57,3.72,86.4,2235.4,0,0,Unfastened,No,No,1,79.1,No
516,2025-03-18 21:28:00,Afternoon,Excavator,EXC005,13.8,OP1010,53,10.2,SITE06,"Pune, MH",10.57835,77.3032,Digging,2025-03-18 21:28:00,2025-03-18 22:14:30,46.5,Rain,23.7,Moderate,Uneven,3308.7,5.74,7.41,12,2242.3,0,2,2.75,96.9,2441.8,0,0,Fastened,No,Yes,1,100,No
517,2025-03-19 02:14:00,Night,Wheel Loader,WLD003,8.5,OP1023,52,21.4,SITE05,"Hyderabad, TS",8.37595,77.67441,Digging,2025-03-19 02:14:00,2025-03-19 02:50:36,36.6,Clear,26,Good,Flat,2545.7,2.03,3.33,9,1385.9,86.5,6,2.06,91.6,2369.5,0,1,Fastened,No,No,2,100,No
518,2025-03-19 07:29:00,Morning,Excavator,EXC004,13.7,OP1019,45,18.3,SITE01,"Chennai, TN",16.02655,78.1319,Demolition,2025-03-19 07:29:00,2025-03-19 08:31:42,62.7,Cloudy,25,Good,Sloped,1725.7,6.19,5.92,8,1352.3,456,88,1.34,91.3,2765.8,0,0,Fastened,No,Yes,3,63.2,No
519,2025-03-19 07:51:00,Morning,Wheel Loader,WLD001,10.3,OP1023,52,21.4,SITE01,"Chennai, TN",16.01234,78.12624,Trenching,2025-03-19 07:51:00,2025-03-19 08:31:18,40.3,Cloudy,29.4,Good,Rocky,2718.1,5.79,8.62,10,1626.9,315.5,11,3.38,90.3,2789.7,2,0,Fastened,No,No,0,100,No
520,2025-03-19 22:46:00,Night,Excavator,EXC003,6,OP1037,22,3.3,SITE06,"Pune, MH",10.57018,77.31782,Trenching,2025-03-19 22:46:00,2025-03-19 23:37:54,51.9,Clear,30.7,Good,Flat,2059.7,4.28,4.95,12,1539,252.7,8,2.08,100.2,2418.7,0,3,Fastened,No,No,4,92.2,Yes
521,2025-03-19 23:49:00,Night,Excavator,EXC002,1.2,OP1018,47,1.9,SITE02,"Coimbatore, TN",14.77571,81.94266,Loading,2025-03-19 23:49:00,2025-03-20 00:38:12,49.2,Clear,27.8,Good,Uneven,1560.3,3.58,4.37,18,1126.8,509.2,49,3.5,85.5,2078.1,1,0,Fastened,Yes,No,0,97.1,No
522,2025-03-20 00:24:00,Night,Motor Grader,MGR002,2.7,OP1006,48,21.5,SITE05,"Hyderabad, TS",8.37754,77.68456,Digging,2025-03-20 00:24:00,2025-03-20 01:33:12,69.2,Cloudy,22.8,Good,Uneven,2978.1,5.13,4.45,10,1340.6,494,2,4.85,91.9,2114,1,1,Unfastened,Yes,No,0,96,Yes
523,2025-03-20 01:07:00,Night,Bulldozer,BDZ003,7.4,OP1030,48,15.2,SITE06,"Pune, MH",10.56739,77.31698,Material Transport,2025-03-20 01:07:00,2025-03-20 02:00:48,53.8,Rain,24.6,Moderate,Uneven,2562.5,6.01,6.7,3,2108.5,343.9,22,3.84,88.8,2622.4,2,1,Fastened,No,No,1,76.8,Yes
524,2025-03-20 08:39:00,Morning,Excavator,EXC001,8.7,OP1001,57,17.1,SITE08,"Vizag, AP",8.69336,75.66356,Material Transport,2025-03-20 08:39:00,2025-03-20 09:47:54,68.9,Clear,31.4,Good,Rocky,2575.9,2.5,2.18,9,1384.2,235.6,10,2.82,91.2,2677.2,1,1,Fastened,No,No,0,100,No
525,2025-03-20 16:06:00,Afternoon,Backhoe Loader,BHL003,11.6,OP1015,56,10,SITE06,"Pune, MH",10.578,77.30631,Grading,2025-03-20 16:06:00,2025-03-20 16:51:12,45.2,Clear,33.4,Good,Flat,1724.7,6.49,8.62,13,1644.2,202.7,29,1.09,93.7,2147.3,0,0,Unfastened,No,No,1,100,No
526,2025-03-20 21:23:00,Afternoon,Bulldozer,BDZ002,6.8,OP1001,57,17.1,SITE08,"Vizag, AP",8.70317,75.66308,Loading,2025-03-20 21:23:00,2025-03-20 22:08:36,45.6,Cloudy,23,Good,Uneven,3130.4,10.4,13.68,2,1967.9,245.6,38,3.37,100.9,2748.6,0,0,Fastened,No,No,0,83.4,No
527,2025-03-20 21:36:00,Afternoon,Wheel Loader,WLD004,8.1,OP1023,52,21.4,SITE04,"Bengaluru, KA",14.70375,75.94167,Material Transport,2025-03-20 21:36:00,2025-03-20 22:32:18,56.3,Cloudy,26.9,Good,Rocky,3419.7,2.61,2.78,8,1774.9,202.6,4,3.12,80.2,2523.2,0,0,Fastened,No,No,5,100,No
528,2025-03-21 04:24:00,Night,Backhoe Loader,BHL001,8.8,OP1006,48,21.5,SITE03,"Vellore, TN",15.62275,79.19002,Leveling,2025-03-21 04:24:00,2025-03-21 05:10:18,46.3,Extreme Heat,43,Good,Uneven,1800.3,7.98,10.34,12,3102.1,403.5,16,3.37,89.2,2641.2,0,1,Fastened,Yes,No,0,100,No
529,2025-03-21 05:37:00,Night,Excavator,EXC005,5.3,OP1015,56,10,SITE03,"Vellore, TN",15.61952,79.18975,Trenching,2025-03-21 05:37:00,2025-03-21 05:42:00,5,Clear,26.1,Good,Uneven,4384,4.52,45.2,9,2211.5,112.7,2,3.39,85.2,2290,0,0,Fastened,Yes,Yes,3,100,No
530,2025-03-21 08:37:00,Morning,Bulldozer,BDZ001,6.1,OP1017,30,12.4,SITE06,"Pune, MH",10.57626,77.31216,Loading,2025-03-21 08:37:00,2025-03-21 09:13:12,36.2,Clear,31.2,Good,Uneven,2554.7,2.71,4.49,8,805.2,362.6,22,2.24,85.1,2670,0,0,Fastened,No,No,2,97,No
531,2025-03-21 10:48:00,Morning,Excavator,EXC003,4.3,OP1031,31,16.5,SITE04,"Bengaluru, KA",14.71162,75.9423,Digging,2025-03-21 10:48:00,2025-03-21 11:39:42,51.7,Clear,35,Good,Flat,4019.9,4.19,4.86,7,1514.9,355.4,3,5.06,85.3,2459.9,0,0,Fastened,No,No,0,100,No
532,2025-03-21 11:08:00,Morning,Wheel Loader,WLD001,8.6,OP1018,47,1.9,SITE04,"Bengaluru, KA",14.70712,75.95776,Leveling,2025-03-21 11:08:00,2025-03-21 11:31:42,23.7,Extreme Heat,39.5,Good,Uneven,2659,1.71,4.33,5,1655.8,433.2,7,4.33,94,2506.1,0,0,Fastened,No,No,1,100,No
533,2025-03-21 12:25:00,Morning,Wheel Loader,WLD002,5.7,OP1001,57,17.1,SITE01,"Chennai, TN",16.02739,78.12285,Trenching,2025-03-21 12:25:00,2025-03-21 13:07:00,42,Clear,34.8,Good,Uneven,2332.7,7.42,10.6,9,996.3,470.1,0,2.77,84.2,2567.5,1,0,Fastened,No,No,0,100,No
534,2025-03-21 13:51:00,Morning,Bulldozer,BDZ001,3.4,OP1031,31,16.5,SITE05,"Hyderabad, TS",8.37544,77.67459,Demolition,2025-03-21 13:51:00,2025-03-21 14:40:00,49,Cloudy,27.7,Good,Sloped,4576.8,6.33,7.75,10,1718.9,336.9,37,3.15,85.7,2079.3,0,0,Fastened,No,No,0,78.5,Yes
535,2025-03-21 15:56:00,Afternoon,Bulldozer,BDZ001,6.4,OP1036,43,4.6,SITE01,"Chennai, TN",16.0294,78.12974,Material Transport,2025-03-21 15:56:00,2025-03-21 16:47:36,51.6,Extreme Heat,42.7,Good,Uneven,2312.9,3.92,4.56,10,2501.9,353.2,3,2.55,83.4,2186.6,0,1,Unfastened,No,No,3,100,No
536,2025-03-21 22:51:00,Night,Bulldozer,BDZ003,15,OP1028,46,1.4,SITE01,"Chennai, TN",16.02693,78.13223,Leveling,2025-03-21 22:51:00,2025-03-22 00:06:48,75.8,Clear,32.3,Good,Rocky,2517.9,7.66,6.06,8,386.9,418.3,11,4.4,93.3,2763.5,1,1,Fastened,No,No,3,100,No
537,2025-03-22 04:55:00,Night,Wheel Loader,WLD003,10.4,OP1020,26,14.1,SITE04,"Bengaluru, KA",14.70583,75.96063,Demolition,2025-03-22 04:55:00,2025-03-22 05:35:42,40.7,Clear,27.2,Good,Flat,3288.6,1.93,2.85,6,1506.6,402,3,1.5,94,2284.5,0,2,Fastened,No,No,0,100,No
538,2025-03-22 06:14:00,Morning,Excavator,EXC001,8.2,OP1014,36,18.2,SITE04,"Bengaluru, KA",14.70925,75.95031,Loading,2025-03-22 06:14:00,2025-03-22 06:31:12,17.2,Cloudy,31.9,Good,Flat,4560.7,8.74,30.49,5,2546.4,288.4,9,2.48,103.7,2267,2,1,Fastened,No,No,1,100,No
539,2025-03-22 10:18:00,Morning,Motor Grader,MGR001,8.4,OP1038,26,10.7,SITE01,"Chennai, TN",16.01694,78.1342,Material Transport,2025-03-22 10:18:00,2025-03-22 11:14:06,56.1,Rain,22,Moderate,Flat,2325.6,4.55,4.87,6,2720.9,301.3,32,2.63,99.6,2426.3,0,0,Fastened,No,No,1,90.4,No
540,2025-03-22 10:40:00,Morning,Motor Grader,MGR001,6.6,OP1008,33,17.4,SITE01,"Chennai, TN",16.0149,78.11662,Material Transport,2025-03-22 10:40:00,2025-03-22 11:38:24,58.4,Clear,34.8,Good,Muddy,3238.2,6.15,6.32,14,2947.9,230.2,2,4.6,90.8,2845.5,0,2,Unfastened,No,No,0,100,No
541,2025-03-22 13:13:00,Morning,Backhoe Loader,BHL001,13,OP1019,45,18.3,SITE01,"Chennai, TN",16.02864,78.13038,Digging,2025-03-22 13:13:00,2025-03-22 14:33:30,80.5,Clear,33.4,Good,Flat,4848.4,6,4.47,9,1543.8,295.9,8,4.21,87.6,2384.9,0,0,Fastened,No,No,0,100,No
542,2025-03-22 13:17:00,Morning,Wheel Loader,WLD004,6.7,OP1022,28,8.1,SITE01,"Chennai, TN",16.0284,78.1303,Grading,2025-03-22 13:17:00,2025-03-22 13:51:42,34.7,Clear,25.9,Good,Muddy,2252.6,3.55,6.14,10,1578.9,162.2,98,2.77,84.4,2097.2,0,0,Fastened,No,No,0,63,No
543,2025-03-22 22:11:00,Night,Motor Grader,MGR002,6.2,OP1010,53,10.2,SITE04,"Bengaluru, KA",14.70926,75.95088,Loading,2025-03-22 22:11:00,2025-03-22 22:16:06,5.1,Cloudy,31.1,Good,Flat,4510,4.99,49.9,10,2316.4,503.9,27,3.27,87.4,2189.3,1,2,Fastened,Yes,No,1,97.7,No
544,2025-03-22 23:44:00,Night,Backhoe Loader,BHL001,5.2,OP1035,40,10.6,SITE03,"Vellore, TN",15.60941,79.20544,Leveling,2025-03-22 23:44:00,2025-03-23 00:37:12,53.2,Clear,28.4,Good,Muddy,2343.6,6.07,6.85,10,1809.7,470.4,5,2.24,97.4,2339,0,1,Fastened,No,No,2,100,No
545,2025-03-23 02:20:00,Night,Wheel Loader,WLD002,1.8,OP1004,53,15.5,SITE03,"Vellore, TN",15.61743,79.19174,Digging,2025-03-23 02:20:00,2025-03-23 03:04:00,44,Cloudy,26.4,Good,Flat,2725.3,5.23,7.13,5,2725.7,57,3,4.37,94.9,1978.5,0,2,Fastened,No,No,0,100,No
546,2025-03-23 05:53:00,Night,Motor Grader,MGR001,11.8,OP1026,51,4.7,SITE02,"Coimbatore, TN",14.77802,81.95143,Grading,2025-03-23 05:53:00,2025-03-23 06:41:24,48.4,Extreme Heat,43,Good,Flat,2927.1,7.35,9.11,8,2265.2,380.8,1,4.49,96.2,2723.4,0,0,Fastened,No,No,0,100,No
547,2025-03-23 10:07:00,Morning,Motor Grader,MGR002,5.5,OP1019,45,18.3,SITE02,"Coimbatore, TN",14.77639,81.94947,Trenching,2025-03-23 10:07:00,2025-03-23 10:52:30,45.5,Clear,34.6,Good,Uneven,3117.5,2.61,3.44,9,1716.7,256.6,20,2.78,101.1,2598,1,0,Fastened,No,No,0,100,No
548,2025-03-23 18:02:00,Afternoon,Wheel Loader,WLD001,8.7,OP1005,45,2.5,SITE02,"Coimbatore, TN",14.78621,81.94737,Loading,2025-03-23 18:02:00,2025-03-23 18:45:36,43.6,Fog,19.3,Poor,Muddy,4559.9,1.03,1.42,12,2211.2,396,2,3.01,84.7,2644.8,0,0,Fastened,No,No,1,100,No
549,2025-03-24 07:11:00,Morning,Excavator,EXC001,2.3,OP1029,39,3.8,SITE03,"Vellore, TN",15.6234,79.19812,Leveling,2025-03-24 07:11:00,2025-03-24 08:54:00,103,Cloudy,29.9,Good,Muddy,1636.2,4.6,2.68,5,2119.3,238.1,2,2.68,85.2,2613.2,1,2,Fastened,Yes,No,0,100,No
550,2025-03-24 19:30:00,Afternoon,Excavator,EXC002,6,OP1005,45,2.5,SITE06,"Pune, MH",10.56562,77.30277,Material Transport,2025-03-24 19:30:00,2025-03-24 20:00:24,30.4,Clear,32.6,Good,Flat,4044.6,4.01,7.91,10,1666.8,283.6,38,3.38,89,2510.3,2,0,Fastened,Yes,No,0,93,No
551,2025-03-24 23:53:00,Night,Bulldozer,BDZ002,13.3,OP1031,31,16.5,SITE07,"Nagpur, MH",18.24505,75.04055,Leveling,2025-03-24 23:53:00,2025-03-25 00:15:00,22,Clear,24.5,Good,Uneven,2610.3,7.51,20.48,12,1209.6,593.6,19,2.94,101.7,2422.2,1,1,Fastened,No,Yes,10,96.9,No
552,2025-03-25 01:28:00,Night,Motor Grader,MGR001,3.2,OP1038,26,10.7,SITE08,"Vizag, AP",8.70387,75.64824,Trenching,2025-03-25 01:28:00,2025-03-25 02:23:06,55.1,Clear,30.1,Good,Uneven,2304,2.96,3.22,10,628.1,390.7,48,2.18,95.1,2239.8,1,0,Fastened,No,No,1,87.2,No
553,2025-03-25 12:05:00,Morning,Wheel Loader,WLD003,3.8,OP1021,53,16.8,SITE08,"Vizag, AP",8.69414,75.64844,Material Transport,2025-03-25 12:05:00,2025-03-25 12:29:30,24.5,Fog,18.3,Poor,Flat,2982.8,4.85,11.88,20,2293.5,156.4,22,2.09,93.2,2291.5,0,0,Fastened,No,No,0,100,No
554,2025-03-25 14:08:00,Afternoon,Excavator,EXC002,1.8,OP1004,53,15.5,SITE06,"Pune, MH",10.58236,77.30829,Trenching,2025-03-25 14:08:00,2025-03-25 14:47:30,39.5,Clear,26,Good,Rocky,4424.4,5.35,8.13,9,2295.8,358.4,3,5.66,90.4,2542.3,1,0,Fastened,No,No,1,100,No
555,2025-03-25 17:46:00,Afternoon,Bulldozer,BDZ003,9.2,OP1008,33,17.4,SITE05,"Hyderabad, TS",8.37604,77.67953,Digging,2025-03-25 17:46:00,2025-03-25 18:29:36,43.6,Cloudy,27.4,Good,Uneven,1686.5,4.51,6.21,2,1503.1,426.2,31,1.73,84.1,2304.3,1,0,Fastened,Yes,No,1,86.1,No
556,2025-03-25 17:58:00,Afternoon,Excavator,EXC003,4.7,OP1037,22,3.3,SITE01,"Chennai, TN",16.01092,78.11467,Loading,2025-03-25 17:58:00,2025-03-25 18:43:12,45.2,Rain,24.8,Moderate,Sloped,4510.6,5.82,7.73,11,686.8,431.6,9,4.15,84.9,2944,0,0,Fastened,No,No,0,100,No
557,2025-03-25 19:58:00,Afternoon,Excavator,EXC004,12.2,OP1012,52,20.4,SITE06,"Pune, MH",10.5817,77.3104,Demolition,2025-03-25 19:58:00,2025-03-25 21:02:48,64.8,Cloudy,23.6,Good,Flat,2614.7,5.25,4.86,16,1767.4,630.5,11,1.56,92.5,1966.9,0,0,Fastened,No,No,0,100,No
558,2025-03-25 21:21:00,Afternoon,Backhoe Loader,BHL001,5.8,OP1023,52,21.4,SITE02,"Coimbatore, TN",14.79249,81.93996,Digging,2025-03-25 21:21:00,2025-03-25 22:00:54,39.9,Clear,30.7,Good,Flat,1641.5,5.84,8.78,6,1435.1,205.2,34,2.46,91.6,2543.7,0,1,Unfastened,No,No,1,89.4,No
559,2025-03-26 17:42:00,Afternoon,Excavator,EXC004,9.4,OP1023,52,21.4,SITE04,"Bengaluru, KA",14.70179,75.95521,Digging,2025-03-26 17:42:00,2025-03-26 18:04:06,22.1,Clear,31.2,Good,Uneven,2064.5,3.77,10.24,8,864.2,475.1,38,3.6,97.9,2169.9,1,1,Unfastened,No,No,0,75.6,Yes
560,2025-03-26 21:27:00,Afternoon,Excavator,EXC001,8.1,OP1013,53,14.3,SITE03,"Vellore, TN",15.61282,79.18657,Grading,2025-03-26 21:27:00,2025-03-26 22:39:48,72.8,Dust Storm,34.8,Poor,Sloped,4185.7,5.31,4.38,5,1508.6,371.7,64,2.97,90.8,2570.2,0,1,Fastened,No,Yes,0,74,No
561,2025-03-26 23:37:00,Night,Backhoe Loader,BHL001,1.3,OP1014,36,18.2,SITE04,"Bengaluru, KA",14.7089,75.94397,Digging,2025-03-26 23:37:00,2025-03-27 00:16:12,39.2,Clear,28.2,Good,Flat,2182.6,4.33,6.63,10,2730.6,721.3,11,4,93.7,2492.6,0,0,Fastened,Yes,No,1,100,No
562,2025-03-27 02:21:00,Night,Motor Grader,MGR002,5.7,OP1002,38,9.9,SITE03,"Vellore, TN",15.62193,79.20156,Trenching,2025-03-27 02:21:00,2025-03-27 02:53:12,32.2,Clear,27.2,Good,Flat,4196.7,5.66,10.55,8,3784.8,184.8,38,3.61,100.4,2831.1,1,1,Fastened,No,No,2,89,No
563,2025-03-27 19:27:00,Afternoon,Wheel Loader,WLD004,4.8,OP1035,40,10.6,SITE04,"Bengaluru, KA",14.71874,75.94958,Grading,2025-03-27 19:27:00,2025-03-27 20:10:06,43.1,Clear,28.3,Good,Muddy,3196.6,4.64,6.46,6,2235.5,655.1,17,2.13,88.5,2321,0,0,Fastened,No,No,0,83.7,Yes
564,2025-03-27 21:26:00,Afternoon,Bulldozer,BDZ001,3.3,OP1021,53,16.8,SITE07,"Nagpur, MH",18.23631,75.04894,Digging,2025-03-27 21:26:00,2025-03-27 22:31:18,65.3,Clear,28.5,Good,Flat,3226.5,0.87,0.8,9,1391.6,238.6,18,2.34,91.2,2438.8,0,2,Fastened,No,No,1,100,No
565,2025-03-28 02:05:00,Night,Backhoe Loader,BHL002,14.5,OP1030,48,15.2,SITE02,"Coimbatore, TN",14.77463,81.95405,Grading,2025-03-28 02:05:00,2025-03-28 02:45:18,40.3,Cloudy,28.6,Good,Muddy,1605.1,4.49,6.68,8,1673.8,306.9,7,2.75,88.2,2618.4,3,0,Fastened,No,No,3,100,No
566,2025-03-28 07:32:00,Morning,Excavator,EXC001,2.8,OP1028,46,1.4,SITE08,"Vizag, AP",8.69583,75.65219,Loading,2025-03-28 07:32:00,2025-03-28 08:45:30,73.5,Cloudy,22.9,Good,Flat,3269.6,4.8,3.92,6,2097.8,682.7,6,2.44,92.6,2518.2,1,0,Fastened,No,No,1,100,No
567,2025-03-28 15:29:00,Afternoon,Backhoe Loader,BHL003,5.4,OP1010,53,10.2,SITE07,"Nagpur, MH",18.2318,75.03193,Leveling,2025-03-28 15:29:00,2025-03-28 16:21:54,52.9,Clear,32.7,Good,Rocky,2277.2,5.5,6.24,5,1962.6,336,5,4.97,98.2,2348.7,0,0,Fastened,No,No,0,100,No
568,2025-03-28 15:59:00,Afternoon,Excavator,EXC003,9.1,OP1026,51,4.7,SITE08,"Vizag, AP",8.70479,75.6584,Trenching,2025-03-28 15:59:00,2025-03-28 16:30:06,31.1,Extreme Heat,45.7,Good,Sloped,3960.6,4.74,9.14,9,2581.3,285.1,6,2.9,92,1904.5,1,0,Fastened,No,No,0,100,No
569,2025-03-28 17:16:00,Afternoon,Excavator,EXC003,7.4,OP1024,21,19.7,SITE03,"Vellore, TN",15.61032,79.19006,Demolition,2025-03-28 17:16:00,2025-03-28 17:52:18,36.3,Extreme Heat,43.5,Good,Sloped,2053.8,4.78,7.9,13,1463.1,507.8,12,2.87,96.5,2380.5,1,2,Unfastened,No,No,1,100,No
570,2025-03-28 22:15:00,Night,Excavator,EXC001,11.3,OP1027,51,10.5,SITE07,"Nagpur, MH",18.24215,75.03585,Trenching,2025-03-28 22:15:00,2025-03-28 22:36:36,21.6,Rain,23.7,Moderate,Flat,1614.9,6.76,18.78,11,1848.6,86.5,9,3.48,94.4,2646.5,0,0,Unfastened,Yes,No,1,92.9,Yes
571,2025-03-28 22:28:00,Night,Wheel Loader,WLD003,7.5,OP1012,52,20.4,SITE05,"Hyderabad, TS",8.37181,77.67606,Grading,2025-03-28 22:28:00,2025-03-28 23:19:48,51.8,Clear,35.4,Good,Flat,3628.6,0.44,0.51,12,1884.3,458.1,13,5.03,89.8,2314.1,1,0,Fastened,No,No,0,100,No
572,2025-03-28 23:26:00,Night,Excavator,EXC002,9.3,OP1020,26,14.1,SITE07,"Nagpur, MH",18.24358,75.03816,Digging,2025-03-28 23:26:00,2025-03-29 00:28:18,62.3,Clear,30.6,Good,Flat,1595.5,3.9,3.76,10,2185.7,238.3,2,2.93,90,2439.1,1,0,Fastened,Yes,No,0,100,No
573,2025-03-29 10:21:00,Morning,Excavator,EXC005,14.6,OP1005,45,2.5,SITE04,"Bengaluru, KA",14.71287,75.9422,Trenching,2025-03-29 10:21:00,2025-03-29 11:14:24,53.4,Cloudy,23.4,Good,Uneven,4331.4,6.35,7.13,9,1360.6,312.1,65,5.3,94.8,2367.2,1,0,Unfastened,No,No,2,61.7,Yes
574,2025-03-29 13:11:00,Morning,Backhoe Loader,BHL003,11.3,OP1029,39,3.8,SITE02,"Coimbatore, TN",14.77682,81.95021,Trenching,2025-03-29 13:11:00,2025-03-29 13:48:00,37,Cloudy,25.6,Good,Rocky,4293,4.85,7.86,9,1822.7,345.7,0,2.16,110.1,2292.5,0,0,Fastened,No,Yes,0,100,No
575,2025-03-29 15:34:00,Afternoon,Bulldozer,BDZ001,14.9,OP1030,48,15.2,SITE05,"Hyderabad, TS",8.37469,77.67718,Demolition,2025-03-29 15:34:00,2025-03-29 15:49:24,15.4,Clear,35.7,Good,Rocky,3957.4,3.93,15.31,8,969.5,91.7,4,5.2,90.5,2546.6,0,0,Fastened,No,No,0,100,No
576,2025-03-29 16:46:00,Afternoon,Excavator,EXC001,1.6,OP1019,45,18.3,SITE03,"Vellore, TN",15.62246,79.19942,Digging,2025-03-29 16:46:00,2025-03-29 17:50:18,64.3,Rain,27,Moderate,Flat,3242.7,5.78,5.39,11,1703.9,420.3,5,3.68,108.9,2820,0,1,Fastened,No,No,1,100,No
577,2025-03-29 18:33:00,Afternoon,Wheel Loader,WLD003,0.6,OP1029,39,3.8,SITE08,"Vizag, AP",8.7067,75.64867,Demolition,2025-03-29 18:33:00,2025-03-29 19:11:00,38,Dust Storm,39.7,Poor,Flat,2422.4,5.68,8.97,11,1688.4,189.6,53,1.86,95.5,2358.7,0,0,Fastened,No,No,0,71.7,Yes
578,2025-03-30 00:37:00,Night,Excavator,EXC002,12.8,OP1010,53,10.2,SITE07,"Nagpur, MH",18.23799,75.04297,Loading,2025-03-30 00:37:00,2025-03-30 01:41:12,64.2,Rain,20.6,Moderate,Flat,4413.9,6.59,6.16,10,1580.6,376.5,25,3.49,102.5,2387.1,0,0,Unfastened,No,No,0,99.5,No
579,2025-03-30 04:12:00,Night,Bulldozer,BDZ002,14.7,OP1023,52,21.4,SITE02,"Coimbatore, TN",14.77417,81.94812,Digging,2025-03-30 04:12:00,2025-03-30 04:48:36,36.6,Extreme Heat,43.9,Good,Uneven,3808.1,5.38,8.82,7,1150.4,409.1,17,2.78,86.2,2759.9,0,0,Unfastened,No,No,0,84.9,Yes
580,2025-03-30 08:19:00,Morning,Excavator,EXC004,11.9,OP1001,57,17.1,SITE06,"Pune, MH",10.57294,77.30753,Demolition,2025-03-30 08:19:00,2025-03-30 08:47:06,28.1,Clear,26.7,Good,Flat,4583.8,4.54,9.69,8,1595.2,425.1,8,2.68,100.1,2118.6,1,1,Fastened,No,No,1,100,No
581,2025-03-30 08:39:00,Morning,Bulldozer,BDZ003,2.9,OP1029,39,3.8,SITE08,"Vizag, AP",8.69498,75.65971,Material Transport,2025-03-30 08:39:00,2025-03-30 09:55:00,76,Clear,26.4,Good,Rocky,4816,2.26,1.78,8,1706.7,388.4,17,4.24,94.2,2454,0,2,Fastened,No,No,1,100,No
582,2025-03-30 08:55:00,Morning,Wheel Loader,WLD001,1.2,OP1018,47,1.9,SITE06,"Pune, MH",10.58338,77.30291,Grading,2025-03-30 08:55:00,2025-03-30 09:38:42,43.7,Clear,35.3,Good,Rocky,4606,7.11,9.76,6,1905.4,376.9,6,5.23,84.4,2192.7,0,1,Fastened,No,No,2,100,No
583,2025-03-30 15:31:00,Afternoon,Wheel Loader,WLD002,4.3,OP1030,48,15.2,SITE07,"Nagpur, MH",18.24731,75.04478,Loading,2025-03-30 15:31:00,2025-03-30 16:00:24,29.4,Fog,20.2,Poor,Uneven,4105,7.48,15.27,9,2215.2,296.6,29,2.9,104.1,2302.3,0,0,Unfastened,No,No,0,81.3,Yes
584,2025-03-30 16:32:00,Afternoon,Wheel Loader,WLD002,5.9,OP1028,46,1.4,SITE08,"Vizag, AP",8.70771,75.66285,Grading,2025-03-30 16:32:00,2025-03-30 17:06:00,34,Clear,31.6,Good,Sloped,2088.7,5.71,10.08,5,596.8,335.8,5,4.18,99.4,2854.1,0,0,Fastened,Yes,No,1,87.7,Yes
585,2025-03-30 16:48:00,Afternoon,Wheel Loader,WLD004,4.7,OP1018,47,1.9,SITE04,"Bengaluru, KA",14.7164,75.94422,Digging,2025-03-30 16:48:00,2025-03-30 17:04:36,16.6,Rain,26.1,Moderate,Flat,3926.9,3.1,11.2,12,1949.9,427.1,83,2.11,94.3,2191.5,0,0,Fastened,No,No,1,72.1,No
586,2025-03-30 19:02:00,Afternoon,Bulldozer,BDZ002,6.2,OP1026,51,4.7,SITE02,"Coimbatore, TN",14.78358,81.94421,Leveling,2025-03-30 19:02:00,2025-03-30 19:57:54,55.9,Clear,30.9,Good,Sloped,4022,2.91,3.12,10,2718.8,460.3,18,2.65,85.6,2703.1,1,0,Fastened,No,No,0,100,No
587,2025-03-30 19:33:00,Afternoon,Excavator,EXC004,11.5,OP1014,36,18.2,SITE02,"Coimbatore, TN",14.78342,81.95286,Grading,2025-03-30 19:33:00,2025-03-30 20:37:54,64.9,Rain,20.9,Moderate,Sloped,2490.2,6.99,6.46,12,1480.1,265.8,1,2.98,97.1,2149.2,0,2,Fastened,No,No,4,100,No
588,2025-03-30 22:33:00,Night,Motor Grader,MGR001,4.3,OP1032,51,21.3,SITE04,"Bengaluru, KA",14.72031,75.95554,Grading,2025-03-30 22:33:00,2025-03-30 22:53:48,20.8,Clear,29.2,Good,Muddy,4018.1,3.98,11.48,6,1360.5,648.4,7,3.91,88.8,2218.6,0,0,Fastened,No,No,5,84.7,Yes
589,2025-03-31 00:28:00,Night,Excavator,EXC001,13.3,OP1005,45,2.5,SITE06,"Pune, MH",10.5665,77.31068,Loading,2025-03-31 00:28:00,2025-03-31 01:16:12,48.2,Cloudy,24,Good,Flat,2547,6.72,8.37,13,2575.6,222,15,0.23,90.2,2626.2,0,0,Fastened,No,No,1,100,No
590,2025-03-31 02:11:00,Night,Wheel Loader,WLD001,1.2,OP1004,53,15.5,SITE04,"Bengaluru, KA",14.70493,75.95608,Material Transport,2025-03-31 02:11:00,2025-03-31 03:16:24,65.4,Fog,18.1,Poor,Uneven,2788.8,2.85,2.61,10,794.4,499.3,8,4.01,96.9,3022.8,1,0,Unfastened,Yes,No,0,100,No
591,2025-03-31 04:27:00,Night,Excavator,EXC001,9.9,OP1039,30,5.4,SITE07,"Nagpur, MH",18.24343,75.04704,Trenching,2025-03-31 04:27:00,2025-03-31 05:36:42,69.7,Extreme Heat,45.6,Good,Muddy,2515.7,3.22,2.77,7,1944.2,577,7,3.8,87.5,2226.5,0,0,Fastened,No,No,2,100,No
592,2025-03-31 12:35:00,Morning,Excavator,EXC001,11.2,OP1014,36,18.2,SITE06,"Pune, MH",10.56707,77.31503,Trenching,2025-03-31 12:35:00,2025-03-31 13:33:06,58.1,Clear,27,Good,Uneven,4860.1,6.03,6.23,10,1620.6,263,1,2.96,94.7,1963,0,1,Unfastened,No,Yes,4,100,No
593,2025-03-31 21:12:00,Afternoon,Motor Grader,MGR002,14,OP1017,30,12.4,SITE03,"Vellore, TN",15.61566,79.19661,Leveling,2025-03-31 21:12:00,2025-03-31 21:45:18,33.3,Clear,29.9,Good,Uneven,1680.5,1.71,3.08,15,1917.5,134.2,9,2.66,97,2106.7,0,0,Fastened,No,No,1,100,No
594,2025-04-01 01:26:00,Night,Motor Grader,MGR002,11.3,OP1031,31,16.5,SITE07,"Nagpur, MH",18.25063,75.03972,Loading,2025-04-01 01:26:00,2025-04-01 02:47:00,81,Fog,18.9,Poor,Flat,2258.6,3.92,2.9,11,300.5,412.9,18,3.64,91.3,2821,0,0,Fastened,No,Yes,13,93.8,No
595,2025-04-01 02:37:00,Night,Bulldozer,BDZ003,12.2,OP1030,48,15.2,SITE08,"Vizag, AP",8.69235,75.65543,Leveling,2025-04-01 02:37:00,2025-04-01 02:42:00,5,Fog,21.6,Poor,Muddy,4213.6,6.27,62.7,7,1673,361.8,0,2.67,93.4,2108.8,1,0,Fastened,No,No,3,100,No
596,2025-04-01 07:05:00,Morning,Motor Grader,MGR002,11.6,OP1017,30,12.4,SITE04,"Bengaluru, KA",14.70125,75.95208,Trenching,2025-04-01 07:05:00,2025-04-01 07:59:54,54.9,Cloudy,27.4,Good,Uneven,2882.8,5.27,5.76,6,1777.3,241.8,28,1.58,93.2,2710.4,1,1,Unfastened,No,Yes,1,92.4,No
597,2025-04-01 11:21:00,Morning,Wheel Loader,WLD001,10.4,OP1023,52,21.4,SITE01,"Chennai, TN",16.01197,78.12337,Trenching,2025-04-01 11:21:00,2025-04-01 12:13:54,52.9,Clear,29.4,Good,Sloped,2761.5,4.79,5.43,9,1854.7,342.8,7,3.48,92.3,2410,1,1,Fastened,No,No,0,100,No
598,2025-04-01 14:45:00,Afternoon,Excavator,EXC002,2.8,OP1021,53,16.8,SITE02,"Coimbatore, TN",14.78999,81.94496,Material Transport,2025-04-01 14:45:00,2025-04-01 15:22:30,37.5,Clear,27,Good,Muddy,1776.6,3.67,5.87,7,1700.1,432.5,61,3.11,98.3,2744.9,0,0,Unfastened,No,No,0,62.9,Yes
599,2025-04-01 15:20:00,Afternoon,Excavator,EXC004,8.5,OP1011,37,8.5,SITE01,"Chennai, TN",16.02996,78.1201,Digging,2025-04-01 15:20:00,2025-04-01 16:08:00,48,Clear,34.3,Good,Muddy,1703.1,4.36,5.45,5,2266.8,343.6,25,1.91,96.4,2446.9,2,1,Fastened,No,No,0,78.5,Yes
600,2025-04-01 16:23:00,Afternoon,Excavator,EXC005,12.4,OP1036,43,4.6,SITE01,"Chennai, TN",16.01814,78.12535,Material Transport,2025-04-01 16:23:00,2025-04-01 17:35:42,72.7,Cloudy,30.4,Good,Uneven,3420,5.49,4.53,8,1122.3,308.8,13,3.88,98.2,2520.6,1,0,Unfastened,No,No,3,100,No
601,2025-04-01 18:13:00,Afternoon,Bulldozer,BDZ002,12.8,OP1003,27,19,SITE08,"Vizag, AP",8.69863,75.66345,Trenching,2025-04-01 18:13:00,2025-04-01 18:42:36,29.6,Cloudy,25.7,Good,Sloped,4362.1,1.72,3.49,8,1468.4,442.5,16,4.54,101.7,2174.6,2,0,Unfastened,No,Yes,7,96,No
602,2025-04-01 19:27:00,Afternoon,Wheel Loader,WLD004,2.9,OP1026,51,4.7,SITE06,"Pune, MH",10.57395,77.30717,Loading,2025-04-01 19:27:00,2025-04-01 20:16:36,49.6,Clear,30,Good,Rocky,3183.5,6.16,7.45,7,1608.1,256.2,6,1.79,94.9,2300.2,0,0,Fastened,No,No,2,100,No
603,2025-04-02 03:13:00,Night,Wheel Loader,WLD001,10.3,OP1013,53,14.3,SITE06,"Pune, MH",10.57012,77.30628,Material Transport,2025-04-02 03:13:00,2025-04-02 03:59:00,46,Clear,33,Good,Sloped,3123.5,4.86,6.34,8,2519.2,92.6,3,3.6,92.8,2932.2,0,0,Fastened,No,No,3,100,No
604,2025-04-02 11:32:00,Morning,Excavator,EXC002,1.1,OP1004,53,15.5,SITE01,"Chennai, TN",16.0291,78.12084,Demolition,2025-04-02 11:32:00,2025-04-02 12:32:06,60.1,Rain,22.7,Moderate,Flat,3348.8,0.3,0.3,13,1870.7,400.7,4,3.02,84,2405,0,0,Fastened,No,No,2,100,No
605,2025-04-02 12:21:00,Morning,Bulldozer,BDZ003,2.1,OP1020,26,14.1,SITE08,"Vizag, AP",8.70814,75.65636,Loading,2025-04-02 12:21:00,2025-04-02 12:58:48,37.8,Clear,25.1,Good,Rocky,3934.3,5.54,8.79,14,2344.2,280.2,10,2.18,97.4,2698.4,1,0,Fastened,No,No,1,100,No
606,2025-04-02 20:54:00,Afternoon,Wheel Loader,WLD001,1.2,OP1027,51,10.5,SITE06,"Pune, MH",10.57537,77.30486,Leveling,2025-04-02 20:54:00,2025-04-02 21:52:12,58.2,Fog,22,Poor,Muddy,2330.4,3.67,3.78,8,1811.1,478,38,3.32,93.3,2616.9,1,1,Fastened,No,No,1,89.8,No
607,2025-04-02 22:47:00,Night,Backhoe Loader,BHL001,0.7,OP1003,27,19,SITE04,"Bengaluru, KA",14.71565,75.9505,Demolition,2025-04-02 22:47:00,2025-04-02 23:20:36,33.6,Cloudy,22.8,Good,Flat,3495.8,2.9,5.18,16,1383.1,266.8,43,2.21,91,2759.4,0,0,Unfastened,No,No,1,96.9,No
608,2025-04-03 01:26:00,Night,Excavator,EXC003,13,OP1035,40,10.6,SITE03,"Vellore, TN",15.61204,79.18912,Trenching,2025-04-03 01:26:00,2025-04-03 01:51:06,25.1,Clear,32.2,Good,Sloped,4173.6,3.66,8.75,10,2664.6,586.9,0,3.86,95.1,2158.2,0,0,Fastened,No,Yes,19,96.8,No
609,2025-04-03 06:41:00,Morning,Excavator,EXC005,10.2,OP1005,45,2.5,SITE04,"Bengaluru, KA",14.70414,75.96129,Grading,2025-04-03 06:41:00,2025-04-03 06:55:42,14.7,Clear,25.2,Good,Rocky,3451.1,5.04,20.57,10,1486,443.6,1,3.16,92.5,2422.6,2,1,Fastened,No,No,2,100,No
610,2025-04-03 09:35:00,Morning,Wheel Loader,WLD001,11.6,OP1007,24,16.9,SITE08,"Vizag, AP",8.69792,75.66152,Demolition,2025-04-03 09:35:00,2025-04-03 09:58:18,23.3,Clear,30.2,Good,Sloped,4123.2,5.11,13.16,8,991.3,303.9,2,1.57,87.5,2461.8,1,0,Fastened,No,No,1,100,No
611,2025-04-03 10:33:00,Morning,Wheel Loader,WLD004,8.9,OP1004,53,15.5,SITE04,"Bengaluru, KA",14.70753,75.94543,Grading,2025-04-03 10:33:00,2025-04-03 11:23:06,50.1,Rain,26.3,Moderate,Flat,2958.5,3.91,4.68,11,1833.8,393.7,35,3.28,106.1,2626.3,0,1,Fastened,No,No,0,95.7,No
612,2025-04-03 16:18:00,Afternoon,Excavator,EXC001,11.8,OP1033,42,7.5,SITE02,"Coimbatore, TN",14.79056,81.94099,Digging,2025-04-03 16:18:00,2025-04-03 17:12:54,54.9,Rain,27,Moderate,Rocky,4949.7,6.82,7.45,14,1352.9,286.4,14,4.57,98.8,2451.7,1,1,Fastened,No,No,1,100,No
613,2025-04-03 18:50:00,Afternoon,Motor Grader,MGR001,11.1,OP1017,30,12.4,SITE03,"Vellore, TN",15.62286,79.20178,Grading,2025-04-03 18:50:00,2025-04-03 19:42:36,52.6,Cloudy,26,Good,Sloped,3069.2,4.14,4.72,8,568.4,361.8,65,2.7,106.1,2457.7,1,0,Unfastened,No,No,0,62.1,Yes
614,2025-04-04 01:32:00,Night,Excavator,EXC005,11.1,OP1013,53,14.3,SITE07,"Nagpur, MH",18.2417,75.04715,Demolition,2025-04-04 01:32:00,2025-04-04 02:26:36,54.6,Rain,21.2,Moderate,Sloped,3599.3,5.19,5.7,12,1678.4,420.2,34,3.18,91.7,2626.6,0,0,Unfastened,No,No,1,81.6,Yes
615,2025-04-04 03:06:00,Night,Bulldozer,BDZ001,4.7,OP1006,48,21.5,SITE02,"Coimbatore, TN",14.79238,81.93696,Material Transport,2025-04-04 03:06:00,2025-04-04 03:48:36,42.6,Cloudy,29.5,Good,Flat,4127.9,5.63,7.93,10,1189.1,377.7,4,3.23,82.4,2760.2,1,1,Unfastened,No,No,0,95,Yes
616,2025-04-04 08:59:00,Morning,Excavator,EXC003,6.9,OP1005,45,2.5,SITE08,"Vizag, AP",8.70342,75.65482,Trenching,2025-04-04 08:59:00,2025-04-04 09:07:30,8.5,Rain,20.2,Moderate,Flat,2939,3.16,22.31,13,2539.7,221.3,26,2.58,85.1,2038.2,0,0,Fastened,No,No,0,100,No
617,2025-04-04 12:24:00,Morning,Wheel Loader,WLD003,14.9,OP1013,53,14.3,SITE01,"Chennai, TN",16.0205,78.11632,Digging,2025-04-04 12:24:00,2025-04-04 13:12:24,48.4,Clear,24.9,Good,Uneven,1742.6,0.97,1.2,12,1394.4,517.7,4,4.69,100.1,2585.3,1,0,Fastened,No,No,1,100,No
618,2025-04-04 13:50:00,Morning,Excavator,EXC003,3.6,OP1023,52,21.4,SITE03,"Vellore, TN",15.61236,79.18761,Demolition,2025-04-04 13:50:00,2025-04-04 14:54:18,64.3,Extreme Heat,44,Good,Rocky,3407.2,5.4,5.04,8,2221.5,545.1,0,2.51,92.6,2324.9,0,2,Fastened,No,No,0,100,No
619,2025-04-04 16:17:00,Afternoon,Backhoe Loader,BHL002,14,OP1007,24,16.9,SITE03,"Vellore, TN",15.61271,79.19079,Digging,2025-04-04 16:17:00,2025-04-04 17:11:30,54.5,Clear,26.6,Good,Uneven,2378.2,5.08,5.59,9,933.3,534.4,19,1.98,107.3,2212.7,0,1,Fastened,No,No,0,100,No
620,2025-04-04 17:44:00,Afternoon,Motor Grader,MGR002,8.6,OP1004,53,15.5,SITE08,"Vizag, AP",8.7038,75.65967,Grading,2025-04-04 17:44:00,2025-04-04 18:09:54,25.9,Cloudy,32,Good,Flat,2983.4,4.93,11.42,14,982.5,309.9,3,1.11,91.1,2873.6,2,0,Fastened,No,No,1,100,No
621,2025-04-04 19:46:00,Afternoon,Excavator,EXC002,0.8,OP1003,27,19,SITE08,"Vizag, AP",8.69405,75.65599,Trenching,2025-04-04 19:46:00,2025-04-04 20:42:42,56.7,Fog,16.7,Poor,Flat,2194.3,4.59,4.86,7,1748.6,192.3,44,3.81,89.7,2165.4,0,1,Fastened,No,No,0,86.4,No
622,2025-04-04 20:37:00,Afternoon,Bulldozer,BDZ001,3,OP1025,52,17.2,SITE04,"Bengaluru, KA",14.70298,75.95538,Grading,2025-04-04 20:37:00,2025-04-04 21:06:54,29.9,Clear,30.2,Good,Flat,1598.6,4.76,9.55,9,974.8,428.9,36,2.31,89.7,2703.5,2,0,Fastened,No,No,0,92.8,No
623,2025-04-04 23:48:00,Night,Backhoe Loader,BHL002,5.6,OP1003,27,19,SITE03,"Vellore, TN",15.62658,79.20383,Loading,2025-04-04 23:48:00,2025-04-05 00:06:48,18.8,Fog,17.2,Poor,Uneven,2942,3.96,12.64,11,2098.1,162.3,57,3.29,91.5,2131.5,1,1,Fastened,No,No,1,83.9,No
624,2025-04-05 00:12:00,Night,Excavator,EXC003,5.9,OP1024,21,19.7,SITE07,"Nagpur, MH",18.24742,75.0449,Loading,2025-04-05 00:12:00,2025-04-05 01:36:42,84.7,Clear,26.2,Good,Uneven,3371,7.34,5.2,11,1280.4,333.8,1,2.82,92.7,2410.2,0,0,Fastened,No,No,5,100,No
625,2025-04-05 08:48:00,Morning,Backhoe Loader,BHL002,8.5,OP1038,26,10.7,SITE01,"Chennai, TN",16.02121,78.13026,Digging,2025-04-05 08:48:00,2025-04-05 09:11:30,23.5,Clear,33.8,Good,Uneven,4384.8,7.11,18.15,8,2644.7,380.7,2,2.27,85.7,2284.6,0,1,Fastened,No,No,1,100,No
626,2025-04-05 15:24:00,Afternoon,Wheel Loader,WLD002,3.6,OP1026,51,4.7,SITE07,"Nagpur, MH",18.24292,75.05093,Demolition,2025-04-05 15:24:00,2025-04-05 16:21:36,57.6,Rain,26,Moderate,Flat,3474.7,6.44,6.71,8,1997.1,333.9,29,4.03,89.6,2766.9,1,1,Fastened,No,No,2,93.5,No
627,2025-04-05 17:37:00,Afternoon,Excavator,EXC003,1.7,OP1030,48,15.2,SITE07,"Nagpur, MH",18.23405,75.03553,Loading,2025-04-05 17:37:00,2025-04-05 18:03:12,26.2,Clear,25.9,Good,Muddy,1638.6,5.56,12.73,9,2033.6,190.3,1,2.39,98.3,2391.7,1,0,Unfastened,No,No,1,94.5,Yes
628,2025-04-05 20:08:00,Afternoon,Wheel Loader,WLD001,2.5,OP1017,30,12.4,SITE07,"Nagpur, MH",18.23198,75.0454,Digging,2025-04-05 20:08:00,2025-04-05 20:51:42,43.7,Extreme Heat,41.7,Good,Uneven,4560.7,2.15,2.95,11,548.8,142.4,0,4.44,88.3,2445.7,0,0,Fastened,No,No,2,100,No
629,2025-04-05 20:51:00,Afternoon,Backhoe Loader,BHL001,12.1,OP1027,51,10.5,SITE06,"Pune, MH",10.57839,77.30152,Leveling,2025-04-05 20:51:00,2025-04-05 21:30:30,39.5,Clear,27.5,Good,Flat,2975.6,1.89,2.87,7,1424.4,478.5,19,4.1,91.6,2571.9,3,0,Fastened,No,No,0,98.9,No
630,2025-04-05 22:31:00,Night,Backhoe Loader,BHL003,1.5,OP1003,27,19,SITE05,"Hyderabad, TS",8.37807,77.67927,Grading,2025-04-05 22:31:00,2025-04-05 23:11:54,40.9,Clear,32.2,Good,Flat,1830.6,2.75,4.03,5,1739.2,441.5,35,2.8,89,2247.7,0,0,Unfastened,Yes,No,1,87.7,No
631,2025-04-06 02:22:00,Night,Backhoe Loader,BHL003,2.3,OP1040,25,14.9,SITE04,"Bengaluru, KA",14.70395,75.96057,Material Transport,2025-04-06 02:22:00,2025-04-06 03:26:54,64.9,Rain,22.3,Moderate,Flat,1515.9,7.33,6.78,3,1270.3,284.9,6,3.32,95.7,2361.6,0,0,Fastened,Yes,No,2,99,No
632,2025-04-06 03:39:00,Night,Backhoe Loader,BHL001,4.5,OP1038,26,10.7,SITE04,"Bengaluru, KA",14.7042,75.96125,Grading,2025-04-06 03:39:00,2025-04-06 04:49:36,70.6,Rain,23.9,Moderate,Flat,4311.7,3.48,2.96,10,1199.2,325.9,0,5.47,88.2,2249.1,0,0,Fastened,Yes,No,4,100,No
633,2025-04-06 04:49:00,Night,Wheel Loader,WLD001,0.7,OP1036,43,4.6,SITE04,"Bengaluru, KA",14.70306,75.94355,Grading,2025-04-06 04:49:00,2025-04-06 05:12:24,23.4,Cloudy,27.5,Good,Flat,2656.8,4.58,11.74,12,803.2,358.6,4,3.13,88.2,2343,0,0,Unfastened,Yes,No,1,100,No
634,2025-04-06 06:21:00,Morning,Backhoe Loader,BHL003,3.6,OP1033,42,7.5,SITE06,"Pune, MH",10.57261,77.32041,Leveling,2025-04-06 06:21:00,2025-04-06 07:02:00,41,Clear,34.9,Good,Muddy,2265.9,3.09,4.52,9,1416.2,334.9,44,1.1,82.7,2670.6,2,0,Fastened,No,No,2,87.2,No
635,2025-04-06 06:38:00,Morning,Excavator,EXC004,14.4,OP1040,25,14.9,SITE01,"Chennai, TN",16.01479,78.11925,Digging,2025-04-06 06:38:00,2025-04-06 07:30:00,52,Clear,25.4,Good,Rocky,4678.4,4.38,5.05,5,1289.5,408.1,26,4.42,85.9,2546.6,0,0,Fastened,No,Yes,16,80.2,No
636,2025-04-06 07:48:00,Morning,Backhoe Loader,BHL003,6.4,OP1006,48,21.5,SITE02,"Coimbatore, TN",14.79199,81.94994,Material Transport,2025-04-06 07:48:00,2025-04-06 08:59:24,71.4,Extreme Heat,43.9,Good,Muddy,2529.2,4.64,3.9,5,1392.4,416.8,26,3.01,86.3,2071.1,0,0,Unfastened,No,No,0,78,Yes
637,2025-04-06 10:59:00,Morning,Wheel Loader,WLD002,6.7,OP1034,38,8.5,SITE05,"Hyderabad, TS",8.37155,77.67924,Loading,2025-04-06 10:59:00,2025-04-06 11:36:18,37.3,Rain,21.6,Moderate,Muddy,2302.2,1.59,2.56,7,1661.8,412.5,10,2.79,91.6,2408.4,1,0,Unfastened,No,No,5,84.4,Yes
638,2025-04-06 17:33:00,Afternoon,Wheel Loader,WLD002,10.3,OP1038,26,10.7,SITE05,"Hyderabad, TS",8.3797,77.66797,Digging,2025-04-06 17:33:00,2025-04-06 18:45:30,72.5,Fog,20.5,Poor,Uneven,3586.6,7.53,6.23,8,2667.8,432.5,2,1.72,89.2,2274.3,0,0,Fastened,No,No,0,100,No
639,2025-04-06 20:08:00,Afternoon,Bulldozer,BDZ002,10.2,OP1009,50,3.3,SITE04,"Bengaluru, KA",14.70855,75.95675,Leveling,2025-04-06 20:08:00,2025-04-06 21:07:12,59.2,Rain,26.4,Moderate,Sloped,2939.2,3.98,4.03,6,1735.1,408.4,25,4.78,100.9,2529,0,0,Fastened,No,No,0,94.7,No
640,2025-04-06 21:23:00,Afternoon,Excavator,EXC005,12.9,OP1010,53,10.2,SITE06,"Pune, MH",10.56602,77.32053,Material Transport,2025-04-06 21:23:00,2025-04-06 22:40:06,77.1,Cloudy,26.8,Good,Uneven,3732.8,0.7,0.54,12,1792,325.6,73,3.69,95.4,2475.2,1,0,Fastened,No,No,0,77.9,No
641,2025-04-07 02:59:00,Night,Motor Grader,MGR002,8.1,OP1015,56,10,SITE08,"Vizag, AP",8.70228,75.65887,Demolition,2025-04-07 02:59:00,2025-04-07 03:38:36,39.6,Cloudy,27.5,Good,Uneven,3672.6,5.84,8.85,9,2018.1,412.1,38,4.21,93.2,2545.2,0,0,Fastened,No,No,0,91.8,No
642,2025-04-07 06:34:00,Morning,Excavator,EXC001,12.2,OP1016,32,5.4,SITE07,"Nagpur, MH",18.2378,75.03189,Demolition,2025-04-07 06:34:00,2025-04-07 07:40:30,66.5,Fog,19.3,Poor,Uneven,4720.3,5.69,5.13,5,1675.1,421.1,1,2.75,95.1,2674.9,0,0,Fastened,No,No,3,100,No
643,2025-04-07 10:54:00,Morning,Excavator,EXC002,3.8,OP1033,42,7.5,SITE01,"Chennai, TN",16.01331,78.13051,Loading,2025-04-07 10:54:00,2025-04-07 11:38:30,44.5,Clear,32.5,Good,Rocky,3692.8,3.32,4.48,7,2240.2,671.4,27,3.44,102.5,2571.8,1,0,Fastened,No,No,0,94.9,No
644,2025-04-07 11:58:00,Morning,Wheel Loader,WLD001,3.3,OP1024,21,19.7,SITE02,"Coimbatore, TN",14.787,81.94908,Material Transport,2025-04-07 11:58:00,2025-04-07 12:41:54,43.9,Fog,15.7,Poor,Flat,1829.8,3.73,5.1,11,1953,340.6,9,2.71,101.1,2213.4,1,0,Unfastened,No,No,2,100,No
645,2025-04-07 19:04:00,Afternoon,Excavator,EXC002,0.8,OP1019,45,18.3,SITE08,"Vizag, AP",8.70747,75.65066,Leveling,2025-04-07 19:04:00,2025-04-07 20:10:24,66.4,Fog,21.5,Poor,Uneven,1935.5,4.45,4.02,6,1603.3,607.7,21,3.99,100.2,2807.4,0,0,Fastened,Yes,Yes,0,81.7,Yes
646,2025-04-08 09:17:00,Morning,Excavator,EXC001,6.3,OP1040,25,14.9,SITE05,"Hyderabad, TS",8.37696,77.68212,Grading,2025-04-08 09:17:00,2025-04-08 10:20:24,63.4,Clear,35.1,Good,Flat,1937.1,4.74,4.49,10,1537.8,90.9,1,1.99,94.3,2269,1,0,Fastened,No,No,1,100,No
647,2025-04-08 10:21:00,Morning,Wheel Loader,WLD004,0.6,OP1028,46,1.4,SITE02,"Coimbatore, TN",14.78056,81.9461,Loading,2025-04-08 10:21:00,2025-04-08 10:56:30,35.5,Clear,25.9,Good,Sloped,2958.5,4.08,6.9,8,1953.1,475.3,17,3.66,91.2,2316.2,1,1,Fastened,No,No,0,100,No
648,2025-04-08 23:56:00,Night,Wheel Loader,WLD004,10.1,OP1011,37,8.5,SITE02,"Coimbatore, TN",14.77529,81.94017,Material Transport,2025-04-08 23:56:00,2025-04-09 00:56:36,60.6,Extreme Heat,40.5,Good,Flat,3503.3,4.78,4.73,10,2142.9,666.1,11,2.92,98.6,2592.1,0,0,Fastened,No,Yes,1,100,No
649,2025-04-09 01:59:00,Night,Wheel Loader,WLD001,3.1,OP1027,51,10.5,SITE08,"Vizag, AP",8.70823,75.66729,Grading,2025-04-09 01:59:00,2025-04-09 02:56:42,57.7,Clear,31.4,Good,Uneven,2534.8,3.81,3.96,13,926.6,259.3,115,3.17,98,2566.8,1,0,Unfastened,No,No,0,58.1,No
650,2025-04-09 05:52:00,Night,Wheel Loader,WLD003,12.8,OP1023,52,21.4,SITE05,"Hyderabad, TS",8.36632,77.67258,Digging,2025-04-09 05:52:00,2025-04-09 06:33:00,41,Cloudy,31.1,Good,Uneven,4138.6,2.67,3.91,11,1611.9,369.2,82,2.49,99.8,2427.3,0,0,Fastened,No,No,0,72.2,No
651,2025-04-09 06:33:00,Morning,Wheel Loader,WLD002,13.3,OP1028,46,1.4,SITE04,"Bengaluru, KA",14.71187,75.96072,Material Transport,2025-04-09 06:33:00,2025-04-09 07:18:00,45,Cloudy,28.5,Good,Flat,3031.2,4.89,6.52,10,1206.4,278.1,8,3.29,98.4,2478.3,0,1,Fastened,No,No,1,100,No
652,2025-04-09 12:13:00,Morning,Excavator,EXC004,6.2,OP1012,52,20.4,SITE05,"Hyderabad, TS",8.374,77.67635,Material Transport,2025-04-09 12:13:00,2025-04-09 12:34:24,21.4,Cloudy,24.6,Good,Uneven,1534.1,2.9,8.13,11,1702.8,415,9,2.52,96.5,2591.6,1,0,Unfastened,No,No,1,100,No
653,2025-04-09 15:08:00,Afternoon,Excavator,EXC002,12.1,OP1008,33,17.4,SITE03,"Vellore, TN",15.6121,79.1878,Demolition,2025-04-09 15:08:00,2025-04-09 15:55:48,47.8,Clear,31,Good,Uneven,1751.3,7.5,9.41,10,2885.3,458.7,23,3.49,85.6,2493.9,1,0,Fastened,No,No,2,98.9,No
654,2025-04-09 15:14:00,Afternoon,Excavator,EXC001,12.7,OP1012,52,20.4,SITE03,"Vellore, TN",15.61618,79.2019,Leveling,2025-04-09 15:14:00,2025-04-09 16:21:36,67.6,Extreme Heat,44.3,Good,Sloped,2543.8,3.26,2.89,7,1485.4,464.7,0,1.96,93.1,2358.6,0,0,Fastened,No,No,3,100,No
655,2025-04-09 17:30:00,Afternoon,Excavator,EXC003,2,OP1019,45,18.3,SITE08,"Vizag, AP",8.69782,75.6537,Leveling,2025-04-09 17:30:00,2025-04-09 18:46:54,76.9,Clear,24.1,Good,Rocky,4598.7,3.51,2.74,3,1512.5,349,19,3.91,91.8,2503.8,0,1,Fastened,No,No,0,94.1,No
656,2025-04-10 02:16:00,Night,Excavator,EXC003,3.8,OP1029,39,3.8,SITE03,"Vellore, TN",15.60767,79.20531,Leveling,2025-04-10 02:16:00,2025-04-10 02:48:24,32.4,Cloudy,26.6,Good,Rocky,2010.4,4.33,8.02,12,2257.3,217.8,39,3.07,92.6,2636.6,0,0,Fastened,No,No,0,94.9,No
657,2025-04-10 04:31:00,Night,Excavator,EXC002,2.5,OP1026,51,4.7,SITE01,"Chennai, TN",16.0271,78.11636,Grading,2025-04-10 04:31:00,2025-04-10 05:52:24,81.4,Extreme Heat,38.4,Good,Flat,2629.1,3.69,2.72,7,2118.4,468.3,4,4.04,77,2754.4,0,1,Fastened,No,No,1,100,No
658,2025-04-10 12:53:00,Morning,Motor Grader,MGR001,7.8,OP1012,52,20.4,SITE04,"Bengaluru, KA",14.71164,75.95708,Leveling,2025-04-10 12:53:00,2025-04-10 13:46:00,53,Rain,21.2,Moderate,Uneven,2064.5,5.4,6.11,6,1201.7,293.3,61,2.15,90,2634.9,2,0,Unfastened,No,No,0,76.7,No
659,2025-04-10 17:52:00,Afternoon,Excavator,EXC003,2,OP1019,45,18.3,SITE07,"Nagpur, MH",18.24597,75.04559,Trenching,2025-04-10 17:52:00,2025-04-10 18:15:36,23.6,Cloudy,28.5,Good,Flat,2005.8,10.19,25.91,9,2998,201.6,32,2.74,88.3,2419,0,0,Fastened,No,No,5,90.8,No
660,2025-04-10 18:42:00,Afternoon,Wheel Loader,WLD003,1.4,OP1020,26,14.1,SITE03,"Vellore, TN",15.60662,79.20574,Trenching,2025-04-10 18:42:00,2025-04-10 19:44:00,62,Cloudy,27.5,Good,Uneven,2507.5,2.84,2.75,9,1989.2,209.2,5,3.73,92,2157.4,0,1,Fastened,No,No,0,100,No
661,2025-04-10 22:36:00,Night,Wheel Loader,WLD003,9.1,OP1002,38,9.9,SITE04,"Bengaluru, KA",14.71602,75.95275,Trenching,2025-04-10 22:36:00,2025-04-10 23:16:42,40.7,Clear,24,Good,Muddy,1656.7,3.16,4.66,9,1537.6,212.4,37,3.74,85.6,2210.3,0,0,Unfastened,No,No,10,69.3,Yes
662,2025-04-11 00:24:00,Night,Wheel Loader,WLD004,2,OP1002,38,9.9,SITE01,"Chennai, TN",16.01207,78.12947,Trenching,2025-04-11 00:24:00,2025-04-11 01:16:00,52,Clear,34.8,Good,Sloped,3901.2,2.97,3.43,6,1687.6,375.6,31,2.99,87.7,2513.5,1,0,Fastened,Yes,No,1,90.9,No
663,2025-04-11 00:59:00,Night,Bulldozer,BDZ003,4.2,OP1037,22,3.3,SITE05,"Hyderabad, TS",8.3759,77.68503,Trenching,2025-04-11 00:59:00,2025-04-11 01:34:00,35,Clear,27,Good,Muddy,2254.5,5.22,8.95,6,1893,328.4,38,2.03,98.3,2362.3,0,1,Unfastened,No,No,2,86.6,No
664,2025-04-11 08:21:00,Morning,Bulldozer,BDZ001,6.7,OP1034,38,8.5,SITE07,"Nagpur, MH",18.25022,75.04037,Grading,2025-04-11 08:21:00,2025-04-11 09:27:48,66.8,Clear,24.4,Good,Uneven,2468.8,5.13,4.61,12,2197.9,618.6,10,2.66,101.3,2754.9,0,0,Fastened,No,No,0,100,No
665,2025-04-11 10:00:00,Morning,Backhoe Loader,BHL001,12.3,OP1013,53,14.3,SITE02,"Coimbatore, TN",14.77355,81.94916,Trenching,2025-04-11 10:00:00,2025-04-11 10:19:18,19.3,Rain,27,Moderate,Muddy,4577.3,4.69,14.58,11,2401.2,322.1,30,2.84,89,2087.9,2,1,Fastened,No,No,0,98.2,No
666,2025-04-11 16:06:00,Afternoon,Backhoe Loader,BHL002,14,OP1023,52,21.4,SITE04,"Bengaluru, KA",14.71698,75.94653,Leveling,2025-04-11 16:06:00,2025-04-11 17:39:42,93.7,Rain,21,Moderate,Uneven,2422.1,3.31,2.12,7,2238.9,383.6,102,3.95,87.5,2335.3,0,0,Fastened,Yes,No,1,56.6,No
667,2025-04-11 22:58:00,Night,Wheel Loader,WLD002,9.2,OP1034,38,8.5,SITE04,"Bengaluru, KA",14.70966,75.95799,Leveling,2025-04-11 22:58:00,2025-04-11 23:07:42,9.7,Rain,21.3,Moderate,Uneven,1869.1,8.25,51.03,9,2582.7,511.2,8,3.86,87.5,2343.6,0,0,Fastened,No,No,2,100,No
668,2025-04-12 01:10:00,Night,Motor Grader,MGR001,2.2,OP1020,26,14.1,SITE04,"Bengaluru, KA",14.71535,75.96079,Trenching,2025-04-12 01:10:00,2025-04-12 01:25:24,15.4,Clear,27,Good,Uneven,4187.6,8.05,31.36,18,3043.2,86.9,65,4.14,85,2731.6,0,0,Fastened,Yes,No,0,74.1,Yes
669,2025-04-12 02:03:00,Night,Wheel Loader,WLD001,12.2,OP1005,45,2.5,SITE06,"Pune, MH",10.57062,77.31409,Leveling,2025-04-12 02:03:00,2025-04-12 03:04:48,61.8,Rain,26.4,Moderate,Uneven,4404.3,4.97,4.83,6,1033.2,374,28,3.44,89.5,2693.4,0,0,Unfastened,Yes,No,3,75.8,Yes
670,2025-04-12 04:41:00,Night,Backhoe Loader,BHL002,14.6,OP1028,46,1.4,SITE05,"Hyderabad, TS",8.36254,77.68653,Leveling,2025-04-12 04:41:00,2025-04-12 05:54:30,73.5,Cloudy,24.9,Good,Rocky,2845.4,9.98,8.15,4,3208.5,100.2,58,1.6,93.9,2673.7,0,2,Fastened,No,No,0,75.8,No
671,2025-04-12 05:12:00,Night,Backhoe Loader,BHL003,2.8,OP1028,46,1.4,SITE02,"Coimbatore, TN",14.7747,81.94852,Leveling,2025-04-12 05:12:00,2025-04-12 05:40:00,28,Rain,25.1,Moderate,Muddy,4414.1,0.35,0.75,9,1011.3,177.3,15,2.89,94.5,2357,0,1,Unfastened,No,No,0,88.3,Yes
672,2025-04-12 11:44:00,Morning,Backhoe Loader,BHL001,0.8,OP1005,45,2.5,SITE02,"Coimbatore, TN",14.79041,81.95448,Leveling,2025-04-12 11:44:00,2025-04-12 12:41:48,57.8,Clear,28.1,Good,Uneven,2095.4,5.69,5.91,7,1799.3,511.4,7,4.97,98.3,2420.2,1,0,Fastened,Yes,No,1,100,No
673,2025-04-12 12:08:00,Morning,Wheel Loader,WLD004,7.6,OP1001,57,17.1,SITE08,"Vizag, AP",8.69197,75.65716,Material Transport,2025-04-12 12:08:00,2025-04-12 12:27:24,19.4,Fog,17.8,Poor,Uneven,2253.6,7.45,23.04,10,2123.6,302.3,28,2.56,87.4,2503.8,2,0,Unfastened,No,No,0,98,No
674,2025-04-12 16:49:00,Afternoon,Backhoe Loader,BHL001,4.9,OP1002,38,9.9,SITE06,"Pune, MH",10.5798,77.30754,Material Transport,2025-04-12 16:49:00,2025-04-12 17:39:48,50.8,Clear,24.1,Good,Uneven,2881.9,6.31,7.45,7,2339.9,309.4,28,3.48,96.5,2179.3,0,1,Fastened,No,No,1,93.6,No
675,2025-04-12 18:45:00,Afternoon,Bulldozer,BDZ001,4.1,OP1029,39,3.8,SITE01,"Chennai, TN",16.01803,78.11435,Material Transport,2025-04-12 18:45:00,2025-04-12 19:35:06,50.1,Clear,33.2,Good,Sloped,2946.1,4.21,5.04,7,368.4,487.7,13,1.55,95.5,2588.5,0,0,Unfastened,No,No,0,100,No
676,2025-04-12 22:55:00,Night,Motor Grader,MGR001,5.5,OP1040,25,14.9,SITE01,"Chennai, TN",16.01642,78.1275,Digging,2025-04-12 22:55:00,2025-04-12 23:45:36,50.6,Clear,25.6,Good,Muddy,4989.2,6.26,7.42,15,1525,386,0,4.16,89.8,2522.7,0,1,Fastened,Yes,No,1,100,No
677,2025-04-13 00:28:00,Night,Backhoe Loader,BHL003,14.9,OP1023,52,21.4,SITE05,"Hyderabad, TS",8.37836,77.68705,Loading,2025-04-13 00:28:00,2025-04-13 01:03:54,35.9,Clear,31.7,Good,Flat,1834.8,4.44,7.42,5,2209.7,385.1,39,2.73,91.4,2374.3,1,0,Fastened,No,No,0,86.5,No
678,2025-04-13 03:00:00,Night,Wheel Loader,WLD004,1.4,OP1025,52,17.2,SITE08,"Vizag, AP",8.69572,75.66055,Leveling,2025-04-13 03:00:00,2025-04-13 03:49:36,49.6,Clear,33.6,Good,Sloped,1719.4,4.26,5.15,9,1290.9,235.7,1,5.03,83.7,2387.8,1,1,Fastened,No,No,0,100,No
679,2025-04-13 03:06:00,Night,Wheel Loader,WLD002,7.3,OP1015,56,10,SITE04,"Bengaluru, KA",14.70112,75.94585,Material Transport,2025-04-13 03:06:00,2025-04-13 04:06:54,60.9,Clear,33.8,Good,Flat,3851.7,4,3.94,7,1702.8,447.2,36,2.99,102.8,2880.1,2,1,Fastened,No,No,1,89.6,No
680,2025-04-13 04:08:00,Night,Backhoe Loader,BHL003,1.2,OP1015,56,10,SITE05,"Hyderabad, TS",8.37521,77.68726,Loading,2025-04-13 04:08:00,2025-04-13 04:34:06,26.1,Cloudy,28,Good,Flat,2080.1,5.81,13.36,4,1081.4,462.5,1,2.44,81.1,2835.6,3,0,Fastened,No,No,1,100,No
681,2025-04-13 05:13:00,Night,Excavator,EXC004,12.6,OP1003,27,19,SITE07,"Nagpur, MH",18.23682,75.04847,Demolition,2025-04-13 05:13:00,2025-04-13 06:22:12,69.2,Fog,19.3,Poor,Uneven,2465.4,7.62,6.61,7,1529,149.4,4,2.2,85,2656.3,1,1,Fastened,Yes,No,1,100,No
682,2025-04-13 07:30:00,Morning,Bulldozer,BDZ002,8.7,OP1002,38,9.9,SITE08,"Vizag, AP",8.70085,75.64853,Digging,2025-04-13 07:30:00,2025-04-13 08:07:06,37.1,Rain,23.3,Moderate,Rocky,2805.7,0.3,0.49,15,2539.7,173,11,5.22,90.8,2532.7,1,0,Fastened,No,No,1,100,No
683,2025-04-13 09:20:00,Morning,Backhoe Loader,BHL002,5,OP1032,51,21.3,SITE01,"Chennai, TN",16.02604,78.12395,Trenching,2025-04-13 09:20:00,2025-04-13 09:48:36,28.6,Extreme Heat,41.5,Good,Flat,3225.3,2.63,5.52,6,1945.5,439.6,33,3.96,90,2462.2,1,0,Fastened,No,No,3,88.3,No
684,2025-04-13 12:07:00,Morning,Motor Grader,MGR001,4.6,OP1037,22,3.3,SITE08,"Vizag, AP",8.69496,75.65146,Trenching,2025-04-13 12:07:00,2025-04-13 12:23:36,16.6,Extreme Heat,43,Good,Uneven,2455.3,5.05,18.25,10,2609.7,406.3,12,3.45,90.5,2321.1,0,2,Fastened,No,No,0,100,No
685,2025-04-13 15:45:00,Afternoon,Excavator,EXC004,7.5,OP1040,25,14.9,SITE02,"Coimbatore, TN",14.78697,81.9367,Loading,2025-04-13 15:45:00,2025-04-13 16:53:24,68.4,Clear,32.7,Good,Flat,3593.2,3.45,3.03,8,1253.9,421.2,14,2.13,84,2502.5,0,0,Fastened,No,Yes,12,93,No
686,2025-04-13 21:09:00,Afternoon,Wheel Loader,WLD002,14.7,OP1015,56,10,SITE03,"Vellore, TN",15.61034,79.20607,Loading,2025-04-13 21:09:00,2025-04-13 22:26:12,77.2,Clear,35.7,Good,Uneven,1918.3,2.56,1.99,5,2110.5,525.4,21,3.68,83.3,2425.4,0,1,Fastened,No,No,0,95.5,No
687,2025-04-13 23:17:00,Night,Bulldozer,BDZ002,14.7,OP1009,50,3.3,SITE04,"Bengaluru, KA",14.70413,75.94832,Material Transport,2025-04-13 23:17:00,2025-04-13 23:34:18,17.3,Cloudy,24,Good,Uneven,3348.1,3.39,11.76,6,2773.7,269.8,15,1.52,85.8,2541,3,0,Fastened,No,No,2,98.1,No
688,2025-04-14 00:27:00,Night,Wheel Loader,WLD001,1.1,OP1010,53,10.2,SITE05,"Hyderabad, TS",8.37401,77.68157,Leveling,2025-04-14 00:27:00,2025-04-14 00:46:42,19.7,Clear,26,Good,Sloped,2426,4.86,14.8,4,1779.3,212.7,18,3.37,98.1,2621,0,0,Fastened,No,No,4,92.6,No
689,2025-04-14 01:33:00,Night,Excavator,EXC005,11.9,OP1034,38,8.5,SITE01,"Chennai, TN",16.02355,78.11765,Loading,2025-04-14 01:33:00,2025-04-14 02:27:12,54.2,Clear,29.4,Good,Flat,2166.3,2.35,2.6,7,2512,82.4,26,1.37,92.5,2552.5,1,1,Fastened,No,Yes,11,86.6,No
690,2025-04-14 02:42:00,Night,Bulldozer,BDZ002,13.1,OP1034,38,8.5,SITE01,"Chennai, TN",16.01704,78.12957,Grading,2025-04-14 02:42:00,2025-04-14 03:07:06,25.1,Cloudy,24,Good,Flat,2001.4,2.17,5.19,8,1239.9,359,13,4.26,88.2,2703,0,2,Fastened,No,No,1,100,No
691,2025-04-14 05:20:00,Night,Backhoe Loader,BHL001,14.1,OP1024,21,19.7,SITE05,"Hyderabad, TS",8.37804,77.6734,Material Transport,2025-04-14 05:20:00,2025-04-14 06:12:36,52.6,Fog,20.1,Poor,Flat,4975.3,5.22,5.95,8,2917.9,354.5,7,4.58,92.5,2495.4,0,0,Fastened,No,No,0,100,No
692,2025-04-14 11:52:00,Morning,Backhoe Loader,BHL002,9.2,OP1014,36,18.2,SITE01,"Chennai, TN",16.02097,78.12903,Trenching,2025-04-14 11:52:00,2025-04-14 12:00:36,8.6,Cloudy,30.7,Good,Flat,1989.5,5.46,38.09,5,324.6,280.6,2,2.57,88.2,2501.9,3,0,Fastened,No,No,4,100,No
693,2025-04-15 02:16:00,Night,Bulldozer,BDZ001,8.5,OP1009,50,3.3,SITE02,"Coimbatore, TN",14.79146,81.93531,Trenching,2025-04-15 02:16:00,2025-04-15 02:59:42,43.7,Clear,31.9,Good,Uneven,4068.6,2.23,3.06,10,1516.4,448,7,2.58,94.1,2604.5,1,0,Fastened,Yes,No,0,100,No
694,2025-04-15 08:44:00,Morning,Wheel Loader,WLD001,2.7,OP1019,45,18.3,SITE05,"Hyderabad, TS",8.36041,77.68022,Material Transport,2025-04-15 08:44:00,2025-04-15 09:40:54,56.9,Rain,25,Moderate,Flat,1918,5.46,5.76,10,1722.1,517.6,28,3.55,71.5,2980.5,1,1,Unfastened,No,No,0,98,No
695,2025-04-15 10:23:00,Morning,Excavator,EXC001,10.9,OP1018,47,1.9,SITE07,"Nagpur, MH",18.24042,75.03958,Digging,2025-04-15 10:23:00,2025-04-15 10:55:30,32.5,Rain,23.6,Moderate,Uneven,4573.2,2.36,4.36,11,2073.6,564.7,80,3.01,84.5,2395.8,0,2,Fastened,No,No,0,73.2,No
696,2025-04-15 10:53:00,Morning,Backhoe Loader,BHL002,4.2,OP1010,53,10.2,SITE05,"Hyderabad, TS",8.36924,77.68366,Material Transport,2025-04-15 10:53:00,2025-04-15 11:39:36,46.6,Clear,33.6,Good,Flat,3849.9,2.96,3.81,12,1218.4,326.5,18,5.83,85.7,2032.5,0,0,Fastened,No,No,5,100,No
697,2025-04-15 18:35:00,Afternoon,Wheel Loader,WLD003,3.8,OP1007,24,16.9,SITE07,"Nagpur, MH",18.24185,75.03261,Digging,2025-04-15 18:35:00,2025-04-15 18:40:00,5,Clear,29.4,Good,Flat,2444.7,4.79,47.9,6,1974.7,183,15,3.15,77.3,2332.2,2,0,Fastened,No,No,0,99.7,No
698,2025-04-15 21:00:00,Afternoon,Wheel Loader,WLD001,9.8,OP1010,53,10.2,SITE01,"Chennai, TN",16.0137,78.1294,Demolition,2025-04-15 21:00:00,2025-04-15 21:31:06,31.1,Clear,31.1,Good,Sloped,4245.9,4.63,8.93,13,1433.5,413,28,3.68,88.6,2509.8,1,1,Unfastened,No,No,0,86.6,Yes
699,2025-04-16 02:20:00,Night,Wheel Loader,WLD003,12,OP1036,43,4.6,SITE06,"Pune, MH",10.58272,77.31152,Material Transport,2025-04-16 02:20:00,2025-04-16 03:48:30,88.5,Clear,31,Good,Uneven,4556.4,3.78,2.56,8,2569.1,415.7,31,2.24,90.1,2630.8,1,0,Fastened,Yes,Yes,5,90.1,No
700,2025-04-16 06:56:00,Morning,Backhoe Loader,BHL002,11.3,OP1029,39,3.8,SITE08,"Vizag, AP",8.69193,75.6526,Leveling,2025-04-16 06:56:00,2025-04-16 07:47:24,51.4,Rain,25,Moderate,Uneven,3624.6,4.27,4.98,9,1883.3,604.7,17,3.43,94.2,2425.8,1,0,Fastened,Yes,No,0,100,No
701,2025-04-16 16:05:00,Afternoon,Excavator,EXC002,4.3,OP1033,42,7.5,SITE01,"Chennai, TN",16.01782,78.11861,Leveling,2025-04-16 16:05:00,2025-04-16 17:09:48,64.8,Cloudy,28.4,Good,Muddy,4358,2.47,2.29,11,2483.5,306,20,4.22,90.3,2344.9,0,0,Fastened,Yes,No,1,100,No
702,2025-04-16 17:04:00,Afternoon,Wheel Loader,WLD004,3.8,OP1019,45,18.3,SITE04,"Bengaluru, KA",14.70933,75.95914,Digging,2025-04-16 17:04:00,2025-04-16 18:24:42,80.7,Clear,26.5,Good,Flat,3134.2,2.73,2.03,7,1964.5,222.1,16,4.9,86.1,2461.4,1,0,Fastened,No,No,0,100,No
703,2025-04-16 21:54:00,Afternoon,Excavator,EXC001,1.6,OP1006,48,21.5,SITE03,"Vellore, TN",15.61231,79.19267,Trenching,2025-04-16 21:54:00,2025-04-16 22:41:54,47.9,Cloudy,31.9,Good,Flat,1616.1,2.76,3.46,8,610.5,416.3,21,3.21,94.2,2771.5,0,0,Fastened,No,No,0,99.1,No
704,2025-04-17 00:08:00,Night,Wheel Loader,WLD001,10.6,OP1039,30,5.4,SITE01,"Chennai, TN",16.02418,78.12082,Digging,2025-04-17 00:08:00,2025-04-17 01:08:54,60.9,Clear,33.4,Good,Rocky,2861.4,9,8.87,8,1248,431.3,14,3.58,104.5,2241.2,1,0,Fastened,No,Yes,1,100,No
705,2025-04-17 02:39:00,Night,Backhoe Loader,BHL002,5.1,OP1019,45,18.3,SITE05,"Hyderabad, TS",8.37724,77.68047,Loading,2025-04-17 02:39:00,2025-04-17 03:56:30,77.5,Rain,21.9,Moderate,Flat,3691.1,6.93,5.37,7,1509.2,538.3,47,2.91,96.3,2671.6,1,0,Fastened,No,No,0,84.9,No
706,2025-04-17 07:35:00,Morning,Excavator,EXC002,4.2,OP1026,51,4.7,SITE05,"Hyderabad, TS",8.37784,77.67039,Demolition,2025-04-17 07:35:00,2025-04-17 07:49:30,14.5,Fog,18.2,Poor,Muddy,2170.4,6.67,27.6,9,1887.9,384.9,6,2.28,81.8,2288.1,0,1,Fastened,No,No,1,92,Yes
707,2025-04-17 17:42:00,Afternoon,Bulldozer,BDZ002,11,OP1023,52,21.4,SITE08,"Vizag, AP",8.7038,75.65764,Grading,2025-04-17 17:42:00,2025-04-17 18:13:06,31.1,Clear,31.2,Good,Flat,4246.3,5.07,9.78,11,2100.2,479.2,25,3,90.8,2466.8,1,0,Fastened,No,No,1,99.9,No
708,2025-04-18 03:28:00,Night,Backhoe Loader,BHL003,11.2,OP1033,42,7.5,SITE04,"Bengaluru, KA",14.70953,75.95679,Grading,2025-04-18 03:28:00,2025-04-18 04:30:54,62.9,Rain,23.6,Moderate,Flat,2187.1,4.9,4.67,9,1137.4,413.3,16,2.44,97,2328.7,0,1,Unfastened,No,No,1,100,No
709,2025-04-18 05:47:00,Night,Motor Grader,MGR001,12.2,OP1019,45,18.3,SITE04,"Bengaluru, KA",14.70996,75.96077,Material Transport,2025-04-18 05:47:00,2025-04-18 06:18:42,31.7,Fog,17.6,Poor,Uneven,3322.2,6.56,12.42,7,1121.2,112.2,40,4.15,87,2265.1,1,1,Fastened,No,No,0,88.4,No
710,2025-04-18 08:29:00,Morning,Motor Grader,MGR001,2.6,OP1033,42,7.5,SITE06,"Pune, MH",10.57599,77.31707,Trenching,2025-04-18 08:29:00,2025-04-18 09:20:48,51.8,Clear,24.7,Good,Flat,2933.5,3.86,4.47,11,2577,523.9,3,2.88,91.3,2626.6,1,1,Fastened,No,No,0,100,No
711,2025-04-18 12:26:00,Morning,Excavator,EXC003,2.2,OP1030,48,15.2,SITE03,"Vellore, TN",15.61193,79.19762,Digging,2025-04-18 12:26:00,2025-04-18 13:16:18,50.3,Fog,21.1,Poor,Sloped,3489.5,4.78,5.7,11,3338.7,502.3,30,1.24,82.3,2046.1,1,0,Fastened,No,No,0,98.2,No
712,2025-04-18 18:18:00,Afternoon,Backhoe Loader,BHL001,7.6,OP1003,27,19,SITE03,"Vellore, TN",15.6193,79.2001,Digging,2025-04-18 18:18:00,2025-04-18 18:54:18,36.3,Clear,35.8,Good,Rocky,4116.5,6.31,10.43,5,2346.4,455,21,3.28,90,2105.4,0,1,Fastened,No,No,0,95.5,No
713,2025-04-19 02:32:00,Night,Backhoe Loader,BHL002,2.5,OP1014,36,18.2,SITE02,"Coimbatore, TN",14.78979,81.9401,Material Transport,2025-04-19 02:32:00,2025-04-19 03:05:18,33.3,Fog,17.6,Poor,Uneven,3890.7,5.96,10.74,12,2443.1,514.9,33,0.62,90.3,2382.7,0,0,Fastened,No,No,0,97.9,No
714,2025-04-19 13:32:00,Morning,Backhoe Loader,BHL003,8.4,OP1033,42,7.5,SITE04,"Bengaluru, KA",14.70628,75.95607,Digging,2025-04-19 13:32:00,2025-04-19 14:09:54,37.9,Fog,21.6,Poor,Rocky,2621.1,3.47,5.49,11,2562.1,351,25,1.83,99.8,2460.2,2,0,Fastened,No,Yes,5,81.7,Yes
715,2025-04-19 13:36:00,Morning,Wheel Loader,WLD002,3.7,OP1016,32,5.4,SITE02,"Coimbatore, TN",14.77717,81.94368,Grading,2025-04-19 13:36:00,2025-04-19 14:34:18,58.3,Cloudy,27.9,Good,Rocky,3220.3,6.34,6.52,12,437.5,210.3,21,2.87,97.1,2942.9,0,0,Fastened,No,No,0,100,No
716,2025-04-20 05:32:00,Night,Excavator,EXC001,11.7,OP1013,53,14.3,SITE08,"Vizag, AP",8.69698,75.6514,Loading,2025-04-20 05:32:00,2025-04-20 06:12:00,40,Clear,34.5,Good,Uneven,4053.8,5.98,8.97,11,1269.2,497.5,21,5.13,94.8,2525.1,1,0,Unfastened,Yes,No,4,99.5,No
717,2025-04-20 05:49:00,Night,Bulldozer,BDZ003,14.5,OP1031,31,16.5,SITE02,"Coimbatore, TN",14.77918,81.93621,Grading,2025-04-20 05:49:00,2025-04-20 06:32:18,43.3,Fog,20.8,Poor,Flat,3236.6,2.34,3.24,8,214.2,380.3,10,2.48,86,2675,1,4,Fastened,Yes,No,1,100,No
718,2025-04-20 06:14:00,Morning,Wheel Loader,WLD001,5.4,OP1025,52,17.2,SITE08,"Vizag, AP",8.69201,75.66592,Digging,2025-04-20 06:14:00,2025-04-20 07:08:30,54.5,Clear,34.2,Good,Rocky,4561,5.58,6.14,11,1803.6,597.1,28,4.23,97.2,2496.6,1,0,Fastened,No,No,0,99.2,No
719,2025-04-20 07:25:00,Morning,Backhoe Loader,BHL001,6,OP1007,24,16.9,SITE06,"Pune, MH",10.58204,77.30762,Grading,2025-04-20 07:25:00,2025-04-20 08:35:54,70.9,Rain,26,Moderate,Muddy,3010.6,3.52,2.98,5,2394.2,176.5,7,4.76,89.1,1769.9,1,2,Fastened,No,No,1,100,No
720,2025-04-20 13:14:00,Morning,Excavator,EXC001,10.6,OP1034,38,8.5,SITE05,"Hyderabad, TS",8.36454,77.66856,Material Transport,2025-04-20 13:14:00,2025-04-20 14:04:30,50.5,Cloudy,30.1,Good,Flat,1981.4,0.3,0.36,12,2018.7,515.1,10,3.44,95.3,2380.6,0,0,Fastened,No,No,2,100,No
721,2025-04-20 16:07:00,Afternoon,Excavator,EXC005,11,OP1030,48,15.2,SITE07,"Nagpur, MH",18.24821,75.03164,Leveling,2025-04-20 16:07:00,2025-04-20 17:05:18,58.3,Fog,19.6,Poor,Flat,2957.2,3.39,3.49,11,1546.4,414,5,2.5,93.8,2276.7,0,1,Fastened,No,No,0,100,No
722,2025-04-20 18:35:00,Afternoon,Excavator,EXC002,14.9,OP1001,57,17.1,SITE01,"Chennai, TN",16.03056,78.12394,Grading,2025-04-20 18:35:00,2025-04-20 19:01:00,26,Clear,31.3,Good,Flat,2818.6,4.05,9.35,7,1454.9,445.9,47,3.46,82.7,2223.9,1,2,Unfastened,No,No,1,69.1,Yes
723,2025-04-20 18:56:00,Afternoon,Excavator,EXC002,13.9,OP1025,52,17.2,SITE04,"Bengaluru, KA",14.7202,75.94366,Demolition,2025-04-20 18:56:00,2025-04-20 19:57:06,61.1,Fog,21,Poor,Flat,4149,5.42,5.32,9,209.2,263.5,49,2.66,87.9,2287.7,0,0,Fastened,No,No,0,71.3,Yes
724,2025-04-20 23:56:00,Night,Motor Grader,MGR002,14.8,OP1035,40,10.6,SITE07,"Nagpur, MH",18.23538,75.04554,Demolition,2025-04-20 23:56:00,2025-04-21 01:08:00,72,Rain,25.5,Moderate,Muddy,3767,4.61,3.84,9,1733.1,421,3,3.99,97.9,2528.6,0,0,Fastened,No,No,2,100,No
725,2025-04-21 02:39:00,Night,Excavator,EXC005,1.8,OP1037,22,3.3,SITE03,"Vellore, TN",15.60793,79.20461,Grading,2025-04-21 02:39:00,2025-04-21 03:22:30,43.5,Clear,25.2,Good,Uneven,2779.6,3.37,4.65,8,2462.2,285.6,0,2.79,103,2286,1,0,Fastened,No,No,4,100,No
726,2025-04-21 05:01:00,Night,Excavator,EXC003,8.8,OP1024,21,19.7,SITE08,"Vizag, AP",8.69265,75.65609,Digging,2025-04-21 05:01:00,2025-04-21 05:34:42,33.7,Cloudy,29,Good,Flat,4175.2,7.31,13.01,12,1601.7,244.1,3,2.35,91.8,2132.4,1,0,Fastened,No,Yes,0,100,No
727,2025-04-21 06:34:00,Morning,Backhoe Loader,BHL002,14.2,OP1032,51,21.3,SITE08,"Vizag, AP",8.69802,75.65532,Demolition,2025-04-21 06:34:00,2025-04-21 07:24:42,50.7,Rain,21,Moderate,Uneven,4174.8,4.84,5.73,7,1706.6,326.7,9,3.42,88.5,2341.3,0,2,Fastened,No,No,0,100,No
728,2025-04-21 20:40:00,Afternoon,Backhoe Loader,BHL001,7.7,OP1002,38,9.9,SITE01,"Chennai, TN",16.02765,78.13239,Digging,2025-04-21 20:40:00,2025-04-21 21:13:00,33,Clear,31.8,Good,Rocky,2729.6,6.78,12.33,7,2055.9,520.1,39,2.7,91.7,2130.5,0,1,Fastened,No,No,1,88.1,No
729,2025-04-21 21:21:00,Afternoon,Excavator,EXC002,10,OP1008,33,17.4,SITE04,"Bengaluru, KA",14.71986,75.94431,Leveling,2025-04-21 21:21:00,2025-04-21 21:52:42,31.7,Extreme Heat,39,Good,Flat,4924.2,2.04,3.86,10,1281,365.5,18,4.32,89.4,2827.1,0,0,Fastened,No,No,0,100,No
730,2025-04-22 05:15:00,Night,Bulldozer,BDZ003,7.1,OP1027,51,10.5,SITE01,"Chennai, TN",16.02811,78.12648,Loading,2025-04-22 05:15:00,2025-04-22 06:08:30,53.5,Clear,29,Good,Flat,1560.7,6.72,7.54,8,1893.8,285.6,3,4.52,87.9,2251.9,1,0,Fastened,No,No,0,100,No
731,2025-04-22 08:58:00,Morning,Excavator,EXC004,8.7,OP1021,53,16.8,SITE04,"Bengaluru, KA",14.71644,75.94224,Demolition,2025-04-22 08:58:00,2025-04-22 10:02:36,64.6,Rain,21.7,Moderate,Flat,4249,2.63,2.44,8,1954.1,411.5,1,2.98,98.9,2714.5,0,1,Fastened,No,No,6,100,No
732,2025-04-22 09:41:00,Morning,Wheel Loader,WLD001,6.9,OP1007,24,16.9,SITE05,"Hyderabad, TS",8.36207,77.67337,Material Transport,2025-04-22 09:41:00,2025-04-22 10:30:24,49.4,Clear,25.2,Good,Sloped,3011.9,8.17,9.92,12,1231.8,89.3,15,2.11,86.5,2784.8,1,0,Fastened,Yes,No,0,91.9,Yes
733,2025-04-22 12:33:00,Morning,Bulldozer,BDZ001,4,OP1010,53,10.2,SITE03,"Vellore, TN",15.61136,79.20611,Loading,2025-04-22 12:33:00,2025-04-22 13:17:12,44.2,Clear,26.8,Good,Flat,3202.3,8.42,11.43,5,1679.3,314.8,10,3.85,96,2561.8,0,3,Fastened,No,No,1,100,No
734,2025-04-22 17:19:00,Afternoon,Wheel Loader,WLD003,4.1,OP1040,25,14.9,SITE01,"Chennai, TN",16.02686,78.13385,Material Transport,2025-04-22 17:19:00,2025-04-22 18:07:12,48.2,Clear,24.8,Good,Uneven,3300.2,4.87,6.06,9,1987.9,164.7,13,2.38,81.5,2546.1,1,0,Fastened,No,No,1,100,No
735,2025-04-22 22:00:00,Night,Backhoe Loader,BHL003,2.2,OP1035,40,10.6,SITE07,"Nagpur, MH",18.24107,75.03628,Demolition,2025-04-22 22:00:00,2025-04-22 22:51:06,51.1,Clear,33.6,Good,Uneven,1561,4.72,5.54,6,2543.5,608.2,88,4.81,96.8,2519.4,0,0,Unfastened,No,No,0,48.2,Yes
736,2025-04-23 11:22:00,Morning,Excavator,EXC002,12.2,OP1011,37,8.5,SITE04,"Bengaluru, KA",14.70273,75.94835,Leveling,2025-04-23 11:22:00,2025-04-23 12:55:24,93.4,Rain,22.1,Moderate,Flat,4751.1,5.83,3.75,9,2721.1,387,23,2.77,93.6,2349.7,1,0,Fastened,No,No,1,98.5,No
737,2025-04-23 12:35:00,Morning,Excavator,EXC001,4.5,OP1006,48,21.5,SITE04,"Bengaluru, KA",14.70142,75.9443,Digging,2025-04-23 12:35:00,2025-04-23 13:20:00,45,Clear,26.1,Good,Muddy,4959.5,4.21,5.61,10,1949.4,327.8,64,4.89,95.8,2450.7,0,1,Unfastened,No,No,0,65,Yes
738,2025-04-23 17:56:00,Afternoon,Wheel Loader,WLD004,2.6,OP1002,38,9.9,SITE04,"Bengaluru, KA",14.70814,75.95337,Trenching,2025-04-23 17:56:00,2025-04-23 18:01:00,5,Clear,25.9,Good,Flat,3477.7,6.12,61.2,9,2266.4,247.1,9,2.63,94.8,2673.7,0,0,Fastened,No,No,1,100,No
739,2025-04-23 18:18:00,Afternoon,Excavator,EXC001,0.6,OP1025,52,17.2,SITE02,"Coimbatore, TN",14.78114,81.94021,Digging,2025-04-23 18:18:00,2025-04-23 19:26:30,68.5,Clear,34.3,Good,Uneven,1639,9.69,8.49,8,1734.4,488.4,49,4.66,87.7,2557.5,0,0,Fastened,Yes,No,0,85.1,No
740,2025-04-24 01:41:00,Night,Excavator,EXC004,12,OP1035,40,10.6,SITE06,"Pune, MH",10.57896,77.30859,Loading,2025-04-24 01:41:00,2025-04-24 02:23:06,42.1,Clear,32.6,Good,Muddy,2993.6,3.09,4.4,12,1163.3,483,39,3.22,100.5,2627.6,0,0,Fastened,No,No,0,79.9,Yes
741,2025-04-24 04:36:00,Night,Bulldozer,BDZ003,10.8,OP1018,47,1.9,SITE01,"Chennai, TN",16.02545,78.13236,Material Transport,2025-04-24 04:36:00,2025-04-24 05:20:12,44.2,Clear,26.5,Good,Flat,2987.7,3.59,4.87,14,954.9,211.7,46,2.78,102.1,2469.5,2,0,Unfastened,Yes,No,0,93.8,No
742,2025-04-24 08:17:00,Morning,Backhoe Loader,BHL001,7.8,OP1002,38,9.9,SITE06,"Pune, MH",10.57861,77.30119,Material Transport,2025-04-24 08:17:00,2025-04-24 09:47:18,90.3,Clear,30.4,Good,Flat,2826.9,5.81,3.86,9,521.4,387.4,42,1.78,96.5,2135,0,1,Unfastened,No,No,0,74.8,Yes
743,2025-04-24 09:43:00,Morning,Backhoe Loader,BHL002,5.1,OP1006,48,21.5,SITE08,"Vizag, AP",8.69014,75.66198,Material Transport,2025-04-24 09:43:00,2025-04-24 10:10:36,27.6,Clear,29.4,Good,Sloped,4916.2,4.14,9,4,1820.9,364.1,2,2.41,85.5,2254.2,1,0,Fastened,No,No,1,100,No
744,2025-04-24 10:01:00,Morning,Excavator,EXC003,15,OP1023,52,21.4,SITE08,"Vizag, AP",8.70158,75.66649,Demolition,2025-04-24 10:01:00,2025-04-24 11:04:24,63.4,Fog,18.1,Poor,Flat,3840.3,6.05,5.73,12,1794.7,321.1,21,1.91,93.5,2472,1,1,Fastened,No,No,1,100,No
745,2025-04-24 14:31:00,Afternoon,Backhoe Loader,BHL001,8.4,OP1010,53,10.2,SITE02,"Coimbatore, TN",14.78933,81.93579,Demolition,2025-04-24 14:31:00,2025-04-24 15:05:30,34.5,Clear,29.9,Good,Flat,4779,3.04,5.29,7,1307.4,354.8,13,2.03,101.7,2459.2,0,0,Unfastened,No,No,0,100,No
746,2025-04-24 15:46:00,Afternoon,Backhoe Loader,BHL003,10,OP1032,51,21.3,SITE05,"Hyderabad, TS",8.37147,77.669,Loading,2025-04-24 15:46:00,2025-04-24 17:03:06,77.1,Clear,33.4,Good,Flat,1715.3,5.78,4.5,9,2570.2,291.4,8,3.39,95.5,2365.5,0,1,Fastened,No,No,0,100,No
747,2025-04-24 18:36:00,Afternoon,Bulldozer,BDZ003,13.2,OP1027,51,10.5,SITE06,"Pune, MH",10.57546,77.30825,Demolition,2025-04-24 18:36:00,2025-04-24 19:25:54,49.9,Clear,29.2,Good,Sloped,1601.6,7.19,8.65,5,1534.4,471.5,9,3.55,91.8,2357.6,2,0,Fastened,No,No,0,100,No
748,2025-04-24 18:38:00,Afternoon,Backhoe Loader,BHL003,2.2,OP1029,39,3.8,SITE02,"Coimbatore, TN",14.78065,81.94814,Grading,2025-04-24 18:38:00,2025-04-24 19:40:48,62.8,Cloudy,29.2,Good,Sloped,4290.9,4.7,4.49,10,2010.9,291.3,26,3.36,90.9,2356.9,0,1,Fastened,No,No,0,99,No
749,2025-04-24 21:09:00,Afternoon,Excavator,EXC004,11.2,OP1005,45,2.5,SITE07,"Nagpur, MH",18.25011,75.03218,Leveling,2025-04-24 21:09:00,2025-04-24 22:05:24,56.4,Clear,33.5,Good,Rocky,3817.1,6.52,6.94,10,1619.3,247.2,11,2.29,93.8,2738.3,1,0,Unfastened,No,No,0,100,No
750,2025-04-24 21:42:00,Afternoon,Bulldozer,BDZ003,12.9,OP1006,48,21.5,SITE05,"Hyderabad, TS",8.36953,77.66963,Loading,2025-04-24 21:42:00,2025-04-24 22:01:42,19.7,Fog,19.2,Poor,Muddy,1935.9,2.51,7.64,6,1049,99.4,23,3.5,84.5,2480,1,0,Fastened,No,No,1,94.9,No
751,2025-04-24 23:21:00,Night,Excavator,EXC001,5.8,OP1015,56,10,SITE02,"Coimbatore, TN",14.78854,81.95071,Grading,2025-04-24 23:21:00,2025-04-25 00:46:54,85.9,Dust Storm,30.4,Poor,Flat,2554.6,5.82,4.07,4,1107.7,239.1,7,4.93,87.9,2804.1,1,0,Fastened,No,No,0,100,No
752,2025-04-25 03:36:00,Night,Excavator,EXC005,12.9,OP1027,51,10.5,SITE08,"Vizag, AP",8.70424,75.64862,Demolition,2025-04-25 03:36:00,2025-04-25 04:39:30,63.5,Cloudy,24.7,Good,Rocky,3604.4,3.4,3.21,11,3353.7,374.6,18,2.37,86.7,2622.6,1,0,Fastened,No,No,0,100,No
753,2025-04-25 08:36:00,Morning,Excavator,EXC001,7.2,OP1001,57,17.1,SITE08,"Vizag, AP",8.69772,75.6561,Demolition,2025-04-25 08:36:00,2025-04-25 09:15:06,39.1,Cloudy,23.1,Good,Flat,2414.5,4.71,7.23,6,1238,144.9,8,3.71,88.5,2553.2,0,0,Fastened,No,No,0,100,No
754,2025-04-25 08:46:00,Morning,Motor Grader,MGR002,10.2,OP1009,50,3.3,SITE07,"Nagpur, MH",18.25048,75.03178,Digging,2025-04-25 08:46:00,2025-04-25 09:27:24,41.4,Clear,35.6,Good,Sloped,3476.7,5.13,7.43,9,391.3,362.7,7,2.28,98,2780.4,0,0,Fastened,No,No,0,100,No
755,2025-04-25 11:10:00,Morning,Bulldozer,BDZ001,10.7,OP1015,56,10,SITE07,"Nagpur, MH",18.24073,75.03532,Demolition,2025-04-25 11:10:00,2025-04-25 11:40:18,30.3,Cloudy,27.6,Good,Uneven,4819.1,5.81,11.5,11,1353.6,466.5,10,3.02,99.8,3161.4,0,0,Unfastened,No,No,0,100,No
756,2025-04-25 13:55:00,Morning,Bulldozer,BDZ002,4.2,OP1012,52,20.4,SITE01,"Chennai, TN",16.02675,78.11994,Demolition,2025-04-25 13:55:00,2025-04-25 14:58:48,63.8,Clear,28.2,Good,Muddy,2503.7,8.14,7.66,11,1453.8,211.8,8,4,87.6,2587.1,1,1,Fastened,No,No,1,100,No
757,2025-04-25 20:20:00,Afternoon,Backhoe Loader,BHL001,11,OP1034,38,8.5,SITE04,"Bengaluru, KA",14.70857,75.95437,Trenching,2025-04-25 20:20:00,2025-04-25 21:25:18,65.3,Fog,17.1,Poor,Flat,3217.7,5.05,4.64,4,988,454.4,1,1.76,88.6,2368,1,0,Fastened,No,No,0,100,No
758,2025-04-25 22:01:00,Night,Wheel Loader,WLD004,8,OP1036,43,4.6,SITE02,"Coimbatore, TN",14.78237,81.9509,Material Transport,2025-04-25 22:01:00,2025-04-25 22:50:54,49.9,Fog,19.1,Poor,Flat,2857.5,2.12,2.55,8,1213.1,489.2,44,2.44,88.2,2805.6,0,1,Fastened,Yes,No,1,86.8,No
759,2025-04-25 23:10:00,Night,Excavator,EXC005,14.2,OP1019,45,18.3,SITE02,"Coimbatore, TN",14.78193,81.94288,Material Transport,2025-04-25 23:10:00,2025-04-25 23:59:12,49.2,Clear,30.4,Good,Flat,4239.9,6.66,8.12,10,957.1,183.4,0,5.15,96,2447.8,0,0,Unfastened,No,Yes,2,100,No
760,2025-04-26 01:49:00,Night,Excavator,EXC002,7.6,OP1036,43,4.6,SITE02,"Coimbatore, TN",14.78317,81.95342,Digging,2025-04-26 01:49:00,2025-04-26 02:44:12,55.2,Clear,29,Good,Uneven,2690.4,6.18,6.72,11,1772.6,131.7,15,3.09,79.2,2365.6,1,1,Fastened,Yes,Yes,0,90.7,Yes
761,2025-04-26 06:07:00,Morning,Excavator,EXC004,14.7,OP1025,52,17.2,SITE07,"Nagpur, MH",18.23188,75.04132,Loading,2025-04-26 06:07:00,2025-04-26 07:06:06,59.1,Cloudy,26.3,Good,Flat,4708.4,3.77,3.83,5,1239.6,482.5,50,3.07,91,2631.4,1,2,Fastened,Yes,No,0,66,Yes
762,2025-04-26 06:39:00,Morning,Backhoe Loader,BHL001,11.1,OP1009,50,3.3,SITE05,"Hyderabad, TS",8.36479,77.68249,Material Transport,2025-04-26 06:39:00,2025-04-26 06:59:06,20.1,Cloudy,22.8,Good,Sloped,2181.1,6.63,19.79,11,1760.6,418.6,1,4.34,96.1,2602.1,0,0,Unfastened,Yes,No,2,96.1,Yes
763,2025-04-26 18:10:00,Afternoon,Wheel Loader,WLD002,12.1,OP1031,31,16.5,SITE06,"Pune, MH",10.56587,77.31325,Grading,2025-04-26 18:10:00,2025-04-26 19:06:36,56.6,Clear,31.6,Good,Rocky,3286.3,5.75,6.1,4,2280,450.2,60,2.14,101.3,2750.6,1,0,Unfastened,No,No,0,59.8,Yes
764,2025-04-26 21:26:00,Afternoon,Bulldozer,BDZ002,14.1,OP1002,38,9.9,SITE08,"Vizag, AP",8.70504,75.655,Loading,2025-04-26 21:26:00,2025-04-26 22:30:12,64.2,Clear,32.9,Good,Rocky,3774,3.22,3.01,5,1244.1,384.1,0,2.73,84.4,2416.9,0,0,Fastened,No,No,1,100,No
765,2025-04-27 00:21:00,Night,Wheel Loader,WLD003,10.6,OP1040,25,14.9,SITE07,"Nagpur, MH",18.23283,75.04423,Loading,2025-04-27 00:21:00,2025-04-27 01:07:48,46.8,Fog,18.9,Poor,Rocky,4960.7,7.33,9.4,8,2180.9,381.2,6,3.69,89,2564,0,0,Fastened,Yes,Yes,6,100,No
766,2025-04-27 01:22:00,Night,Wheel Loader,WLD004,2.5,OP1026,51,4.7,SITE08,"Vizag, AP",8.69982,75.6551,Demolition,2025-04-27 01:22:00,2025-04-27 01:53:54,31.9,Cloudy,25.9,Good,Uneven,4137.3,4.3,8.09,12,1526.9,200.8,13,1.48,93.3,2501.6,0,0,Fastened,No,No,1,100,No
767,2025-04-27 04:47:00,Night,Wheel Loader,WLD003,4.3,OP1030,48,15.2,SITE04,"Bengaluru, KA",14.70184,75.94484,Trenching,2025-04-27 04:47:00,2025-04-27 05:24:54,37.9,Clear,34.4,Good,Uneven,4013,2.41,3.82,7,2073.6,430,101,3.1,95,2683.5,1,1,Unfastened,No,No,1,57.1,No
768,2025-04-27 07:49:00,Morning,Backhoe Loader,BHL002,6.1,OP1001,57,17.1,SITE06,"Pune, MH",10.57709,77.32066,Trenching,2025-04-27 07:49:00,2025-04-27 08:42:36,53.6,Rain,24.3,Moderate,Flat,4065.6,4.07,4.56,13,880.4,334.4,4,4.32,90.6,2442.8,1,0,Fastened,No,Yes,5,100,No
769,2025-04-27 15:01:00,Afternoon,Wheel Loader,WLD001,7.8,OP1037,22,3.3,SITE04,"Bengaluru, KA",14.70212,75.95411,Leveling,2025-04-27 15:01:00,2025-04-27 15:47:54,46.9,Extreme Heat,43.3,Good,Flat,4651,4.84,6.19,6,1262.4,543.9,27,2.2,87.4,1811.8,1,0,Fastened,No,No,1,92.9,No
770,2025-04-27 15:14:00,Afternoon,Wheel Loader,WLD003,0.5,OP1034,38,8.5,SITE05,"Hyderabad, TS",8.36548,77.67029,Loading,2025-04-27 15:14:00,2025-04-27 15:53:12,39.2,Fog,15.5,Poor,Rocky,2230.2,4.92,7.53,10,1847.7,417,121,6.16,86.5,2620.2,0,0,Fastened,Yes,No,0,51.5,No
771,2025-04-28 01:19:00,Night,Wheel Loader,WLD002,8.7,OP1039,30,5.4,SITE02,"Coimbatore, TN",14.78528,81.94722,Material Transport,2025-04-28 01:19:00,2025-04-28 01:58:06,39.1,Dust Storm,31.4,Poor,Flat,1590,4.07,6.25,6,1360.6,271.9,10,1.1,99,2405.1,1,0,Fastened,No,No,0,100,No
772,2025-04-28 02:02:00,Night,Excavator,EXC001,11.8,OP1020,26,14.1,SITE03,"Vellore, TN",15.60998,79.19414,Grading,2025-04-28 02:02:00,2025-04-28 02:53:54,51.9,Clear,35.4,Good,Sloped,2943.1,5,5.78,13,1074.8,683.3,0,2.07,92.6,2619.3,0,0,Fastened,Yes,No,0,100,Yes
773,2025-04-28 06:38:00,Morning,Bulldozer,BDZ002,8.3,OP1021,53,16.8,SITE04,"Bengaluru, KA",14.70999,75.95518,Material Transport,2025-04-28 06:38:00,2025-04-28 07:34:06,56.1,Clear,28.9,Good,Flat,1594.2,5.83,6.24,14,2870.4,278.8,8,4.36,91.3,2581.5,0,0,Unfastened,No,Yes,10,100,No
774,2025-04-28 15:01:00,Afternoon,Excavator,EXC002,8.2,OP1034,38,8.5,SITE01,"Chennai, TN",16.01989,78.1199,Digging,2025-04-28 15:01:00,2025-04-28 15:06:00,5,Cloudy,26.3,Good,Rocky,3697.4,3.65,36.5,12,2266,439.1,6,4.05,90.3,1990,0,1,Fastened,No,No,0,100,No
775,2025-04-28 20:23:00,Afternoon,Backhoe Loader,BHL002,2.4,OP1028,46,1.4,SITE08,"Vizag, AP",8.69279,75.65845,Digging,2025-04-28 20:23:00,2025-04-28 21:17:24,54.4,Rain,20.2,Moderate,Flat,4265.3,4.43,4.89,7,2170.7,481.9,4,2.19,90.1,2475.2,2,1,Fastened,No,No,0,91.4,Yes
776,2025-04-28 22:02:00,Night,Motor Grader,MGR001,2.6,OP1014,36,18.2,SITE03,"Vellore, TN",15.61875,79.19538,Grading,2025-04-28 22:02:00,2025-04-28 22:56:24,54.4,Clear,30.4,Good,Flat,1868.3,3.73,4.11,16,2099.8,343,41,4.46,97.7,2463.2,1,0,Unfastened,No,No,0,98.7,No
777,2025-04-29 03:43:00,Night,Backhoe Loader,BHL002,4.7,OP1038,26,10.7,SITE08,"Vizag, AP",8.69253,75.65918,Loading,2025-04-29 03:43:00,2025-04-29 04:11:24,28.4,Clear,35.3,Good,Uneven,3545.7,3.55,7.5,7,401.4,611.4,4,2.41,89.8,2481.2,0,0,Unfastened,No,No,0,100,No
778,2025-04-29 05:06:00,Night,Bulldozer,BDZ001,9.8,OP1019,45,18.3,SITE01,"Chennai, TN",16.0152,78.11904,Trenching,2025-04-29 05:06:00,2025-04-29 05:39:30,33.5,Cloudy,24.9,Good,Uneven,1516.9,4.8,8.6,8,2223.9,163.6,19,3.69,97.3,2472.3,1,1,Fastened,Yes,No,0,100,No
779,2025-04-29 05:10:00,Night,Backhoe Loader,BHL001,11.9,OP1025,52,17.2,SITE05,"Hyderabad, TS",8.3631,77.67326,Leveling,2025-04-29 05:10:00,2025-04-29 06:01:48,51.8,Cloudy,22.7,Good,Muddy,4416.8,3.83,4.44,10,1981,459.4,48,0.63,102.8,2581.3,0,2,Fastened,Yes,Yes,2,71.4,Yes
780,2025-04-29 13:41:00,Morning,Wheel Loader,WLD002,1.6,OP1032,51,21.3,SITE03,"Vellore, TN",15.61827,79.19187,Loading,2025-04-29 13:41:00,2025-04-29 14:23:18,42.3,Fog,21.4,Poor,Uneven,1711.5,6.08,8.62,6,2558.5,298.4,85,2.25,91.5,2607.6,0,0,Unfastened,Yes,No,2,63.1,No
781,2025-04-29 19:18:00,Afternoon,Bulldozer,BDZ003,9.3,OP1032,51,21.3,SITE07,"Nagpur, MH",18.23419,75.04977,Loading,2025-04-29 19:18:00,2025-04-29 20:00:06,42.1,Clear,24.5,Good,Muddy,2207,5.88,8.38,8,2168.1,285,1,2.28,91.4,2283.3,0,0,Fastened,No,Yes,0,100,No
782,2025-04-29 23:13:00,Night,Wheel Loader,WLD003,4.5,OP1037,22,3.3,SITE07,"Nagpur, MH",18.23862,75.03381,Leveling,2025-04-29 23:13:00,2025-04-29 23:58:00,45,Cloudy,23.3,Good,Uneven,2340.4,3.02,4.03,10,1582.6,398.1,1,2.8,97.2,2591.9,1,2,Fastened,No,No,0,100,No
783,2025-04-30 05:13:00,Night,Excavator,EXC004,7.8,OP1020,26,14.1,SITE05,"Hyderabad, TS",8.37537,77.68282,Trenching,2025-04-30 05:13:00,2025-04-30 05:48:36,35.6,Extreme Heat,45.1,Good,Muddy,2746.2,5.36,9.03,6,1885.6,315,21,3.37,82.9,2545.1,0,0,Fastened,No,No,1,95.9,No
784,2025-04-30 07:32:00,Morning,Excavator,EXC004,11.2,OP1035,40,10.6,SITE02,"Coimbatore, TN",14.7791,81.95339,Digging,2025-04-30 07:32:00,2025-04-30 08:04:18,32.3,Clear,27.3,Good,Flat,4733.9,4.96,9.21,10,867.1,623.2,31,2.88,99.8,2541.3,1,0,Unfastened,No,No,0,81.5,Yes
785,2025-04-30 09:34:00,Morning,Excavator,EXC001,10.7,OP1040,25,14.9,SITE02,"Coimbatore, TN",14.77858,81.94056,Loading,2025-04-30 09:34:00,2025-04-30 10:27:24,53.4,Clear,33.9,Good,Flat,4622.2,5.4,6.07,8,1555,135.8,17,3.05,96.6,2379.7,0,0,Fastened,No,No,1,100,No
786,2025-04-30 09:48:00,Morning,Backhoe Loader,BHL002,8.6,OP1003,27,19,SITE03,"Vellore, TN",15.6081,79.19253,Material Transport,2025-04-30 09:48:00,2025-04-30 11:02:06,74.1,Rain,24.3,Moderate,Muddy,1723.2,3.34,2.7,11,1050.5,208.3,0,3.8,94.4,2452.3,1,0,Fastened,No,No,2,100,No
787,2025-04-30 09:55:00,Morning,Motor Grader,MGR001,7.6,OP1007,24,16.9,SITE04,"Bengaluru, KA",14.70099,75.94467,Trenching,2025-04-30 09:55:00,2025-04-30 11:08:18,73.3,Clear,32.5,Good,Muddy,4921.2,3.63,2.97,25,2339.9,342.8,2,2.78,80.4,2317.7,0,1,Unfastened,No,No,0,100,No
788,2025-04-30 19:55:00,Afternoon,Bulldozer,BDZ003,4.7,OP1032,51,21.3,SITE01,"Chennai, TN",16.02357,78.12216,Digging,2025-04-30 19:55:00,2025-04-30 21:14:18,79.3,Clear,24.9,Good,Flat,2013,2.68,2.03,12,1659.7,274.8,6,0.78,88.3,2651.2,3,0,Fastened,No,No,3,100,No
789,2025-04-30 22:10:00,Night,Bulldozer,BDZ003,9.1,OP1006,48,21.5,SITE07,"Nagpur, MH",18.2401,75.04883,Demolition,2025-04-30 22:10:00,2025-04-30 22:50:00,40,Cloudy,24.9,Good,Flat,2424.5,6.92,10.38,7,2624.8,283.6,6,5.7,93.2,2279.4,0,0,Unfastened,No,No,3,100,No
790,2025-05-01 01:50:00,Night,Bulldozer,BDZ001,6.1,OP1025,52,17.2,SITE05,"Hyderabad, TS",8.37597,77.66913,Leveling,2025-05-01 01:50:00,2025-05-01 02:30:54,40.9,Clear,29,Good,Uneven,1717.1,3.72,5.46,10,1629.7,198.8,10,3.63,89.8,2569.1,1,0,Fastened,No,No,1,100,No
791,2025-05-01 05:16:00,Night,Backhoe Loader,BHL001,12.5,OP1005,45,2.5,SITE02,"Coimbatore, TN",14.78507,81.95121,Digging,2025-05-01 05:16:00,2025-05-01 06:03:54,47.9,Clear,33.1,Good,Rocky,2117,3.84,4.81,14,919,287.9,27,3.13,97.3,2413.3,0,0,Unfastened,Yes,Yes,0,88.3,Yes
792,2025-05-01 06:26:00,Morning,Wheel Loader,WLD003,3.6,OP1013,53,14.3,SITE08,"Vizag, AP",8.69271,75.65571,Trenching,2025-05-01 06:26:00,2025-05-01 06:42:24,16.4,Clear,29.8,Good,Uneven,2806.5,8.26,30.22,9,2176,327.1,7,3.01,76.9,2406.3,0,0,Fastened,No,No,0,100,No
793,2025-05-01 08:18:00,Morning,Excavator,EXC001,13.2,OP1012,52,20.4,SITE01,"Chennai, TN",16.01696,78.13234,Material Transport,2025-05-01 08:18:00,2025-05-01 08:58:30,40.5,Clear,30.9,Good,Flat,2601.4,0.63,0.93,5,1263.7,427.9,25,1.59,85.8,2284.8,0,0,Fastened,No,No,1,92.7,No
794,2025-05-01 10:20:00,Morning,Wheel Loader,WLD003,14.2,OP1030,48,15.2,SITE08,"Vizag, AP",8.69028,75.64846,Digging,2025-05-01 10:20:00,2025-05-01 11:27:30,67.5,Clear,35.1,Good,Sloped,3773.6,2.41,2.14,12,2327.7,142.2,68,1.14,89.6,1933.6,1,2,Fastened,No,No,1,79.6,No
795,2025-05-01 18:41:00,Afternoon,Bulldozer,BDZ002,1.7,OP1014,36,18.2,SITE01,"Chennai, TN",16.02646,78.13054,Demolition,2025-05-01 18:41:00,2025-05-01 19:14:12,33.2,Clear,31.9,Good,Muddy,3567.9,4.1,7.41,11,1097.9,412.9,75,4.83,96.1,2762.7,0,0,Fastened,No,No,0,75.7,No
796,2025-05-01 19:32:00,Afternoon,Backhoe Loader,BHL002,0.6,OP1010,53,10.2,SITE05,"Hyderabad, TS",8.37404,77.6701,Demolition,2025-05-01 19:32:00,2025-05-01 20:33:12,61.2,Extreme Heat,43.5,Good,Flat,2901,4.82,4.73,4,3072.9,470.1,55,2.31,96.2,2490.4,1,1,Fastened,Yes,No,2,75.7,No
797,2025-05-01 19:58:00,Afternoon,Wheel Loader,WLD004,4.7,OP1030,48,15.2,SITE06,"Pune, MH",10.57328,77.31324,Trenching,2025-05-01 19:58:00,2025-05-01 21:09:42,71.7,Clear,32.1,Good,Muddy,4041.3,4.16,3.48,10,1298,428,12,2.93,94.5,2026.8,1,1,Fastened,No,No,0,100,No
798,2025-05-01 19:58:00,Afternoon,Wheel Loader,WLD002,7.8,OP1012,52,20.4,SITE04,"Bengaluru, KA",14.70706,75.95752,Leveling,2025-05-01 19:58:00,2025-05-01 20:29:54,31.9,Clear,24.5,Good,Flat,1955.1,5.6,10.53,3,2740.9,118.9,5,3.59,94.8,2156.1,1,0,Unfastened,No,No,0,100,No
799,2025-05-01 21:07:00,Afternoon,Wheel Loader,WLD003,10,OP1007,24,16.9,SITE03,"Vellore, TN",15.60688,79.19913,Trenching,2025-05-01 21:07:00,2025-05-01 21:44:36,37.6,Clear,26.6,Good,Flat,4460.5,1.61,2.57,14,2071.6,443.4,6,4.65,89.1,2786.9,1,1,Fastened,No,No,0,100,No
800,2025-05-01 21:41:00,Afternoon,Excavator,EXC004,6.5,OP1038,26,10.7,SITE06,"Pune, MH",10.57435,77.3166,Digging,2025-05-01 21:41:00,2025-05-01 22:46:12,65.2,Clear,25.3,Good,Rocky,3610.9,5.35,4.92,8,1579.1,202,9,3.05,83.8,2397.6,1,0,Fastened,Yes,No,2,88.5,Yes
801,2025-05-02 00:06:00,Night,Motor Grader,MGR002,4.8,OP1019,45,18.3,SITE03,"Vellore, TN",15.61084,79.20435,Loading,2025-05-02 00:06:00,2025-05-02 00:48:24,42.4,Dust Storm,29.4,Poor,Rocky,1660.7,2.53,3.58,10,2141.6,141.4,17,1.16,97.1,2850.9,0,0,Unfastened,No,No,1,87.7,Yes
802,2025-05-02 01:06:00,Night,Wheel Loader,WLD001,12.3,OP1031,31,16.5,SITE08,"Vizag, AP",8.69679,75.65352,Grading,2025-05-02 01:06:00,2025-05-02 02:03:18,57.3,Rain,23.6,Moderate,Muddy,2776.4,4.9,5.13,11,2228.1,378.7,26,3.07,105.5,2705,0,1,Unfastened,No,No,0,85.2,Yes
803,2025-05-02 01:35:00,Night,Wheel Loader,WLD002,9.7,OP1026,51,4.7,SITE06,"Pune, MH",10.57281,77.30959,Trenching,2025-05-02 01:35:00,2025-05-02 02:58:24,83.4,Clear,30.9,Good,Rocky,4321.4,4.5,3.24,7,1053.5,340.6,32,5.8,92,2460,2,0,Fastened,No,No,2,90.8,No
804,2025-05-02 08:59:00,Morning,Excavator,EXC004,14.1,OP1013,53,14.3,SITE05,"Hyderabad, TS",8.3622,77.68238,Loading,2025-05-02 08:59:00,2025-05-02 10:29:54,90.9,Fog,20,Poor,Flat,2570.3,2.91,1.92,4,1987.7,352.3,5,2.69,102.5,2144.6,1,1,Fastened,No,Yes,3,99.9,No
805,2025-05-02 11:02:00,Morning,Excavator,EXC005,5.6,OP1036,43,4.6,SITE06,"Pune, MH",10.57634,77.30684,Trenching,2025-05-02 11:02:00,2025-05-02 11:54:24,52.4,Clear,34.5,Good,Sloped,1627.7,5.07,5.81,8,2738.9,426,30,3.92,91.6,2319,2,1,Fastened,No,No,1,93.8,No
806,2025-05-02 16:35:00,Afternoon,Wheel Loader,WLD002,8.3,OP1039,30,5.4,SITE08,"Vizag, AP",8.69434,75.66515,Digging,2025-05-02 16:35:00,2025-05-02 17:35:54,60.9,Clear,33.9,Good,Muddy,4263.3,5.12,5.04,7,1992.6,269.1,2,4.5,90.2,2602.9,0,0,Unfastened,Yes,No,2,100,No
807,2025-05-02 23:58:00,Night,Backhoe Loader,BHL001,7.8,OP1032,51,21.3,SITE08,"Vizag, AP",8.70071,75.6599,Material Transport,2025-05-02 23:58:00,2025-05-03 00:31:36,33.6,Clear,28.3,Good,Uneven,3407.4,4.8,8.57,3,1976,334,55,3.83,90.3,2495,0,0,Fastened,No,No,11,67.3,No
808,2025-05-03 04:29:00,Night,Bulldozer,BDZ003,11.7,OP1040,25,14.9,SITE01,"Chennai, TN",16.02936,78.12405,Digging,2025-05-03 04:29:00,2025-05-03 05:12:42,43.7,Extreme Heat,41.8,Good,Uneven,4299.5,8.62,11.84,15,2259.7,259,39,4.07,82.4,2134.5,2,1,Fastened,Yes,No,0,98.5,No
809,2025-05-03 06:15:00,Morning,Bulldozer,BDZ003,7.8,OP1030,48,15.2,SITE02,"Coimbatore, TN",14.77896,81.95215,Digging,2025-05-03 06:15:00,2025-05-03 07:00:30,45.5,Clear,27.7,Good,Rocky,4321.9,3.93,5.18,7,1298.7,250.1,12,2.48,95.5,2350.4,1,0,Fastened,No,Yes,6,97.6,No
810,2025-05-03 11:00:00,Morning,Excavator,EXC001,14.7,OP1038,26,10.7,SITE05,"Hyderabad, TS",8.36172,77.67648,Grading,2025-05-03 11:00:00,2025-05-03 11:45:42,45.7,Rain,21.4,Moderate,Uneven,4394.4,5.42,7.12,16,2402.8,668.9,24,3.37,97.8,2389.4,0,0,Fastened,No,No,0,100,No
811,2025-05-03 12:16:00,Morning,Bulldozer,BDZ001,10.5,OP1001,57,17.1,SITE05,"Hyderabad, TS",8.37148,77.66768,Grading,2025-05-03 12:16:00,2025-05-03 12:47:30,31.5,Rain,22.3,Moderate,Rocky,4708.2,5.49,10.46,7,1729.4,378.9,47,2.57,97.7,2437,1,0,Fastened,Yes,No,0,84.9,No
812,2025-05-03 16:33:00,Afternoon,Excavator,EXC002,9.3,OP1006,48,21.5,SITE02,"Coimbatore, TN",14.78631,81.94241,Material Transport,2025-05-03 16:33:00,2025-05-03 17:10:00,37,Extreme Heat,45.3,Good,Flat,2470.9,7.51,12.18,13,2723.6,459.3,8,2.39,90.5,2478,0,1,Fastened,No,No,2,100,No
813,2025-05-03 19:53:00,Afternoon,Excavator,EXC005,2.7,OP1034,38,8.5,SITE06,"Pune, MH",10.57741,77.32076,Digging,2025-05-03 19:53:00,2025-05-03 21:03:06,70.1,Clear,25.4,Good,Uneven,4001.9,4.85,4.15,9,885.3,170.1,13,4.79,86,2638.8,1,3,Fastened,No,No,0,100,No
814,2025-05-04 02:12:00,Night,Excavator,EXC004,7,OP1002,38,9.9,SITE06,"Pune, MH",10.56982,77.31353,Digging,2025-05-04 02:12:00,2025-05-04 03:39:00,87,Cloudy,31.9,Good,Muddy,1970.1,9.72,6.7,4,906.3,275.8,2,3.44,80.7,2648.4,0,1,Fastened,No,No,0,100,No
815,2025-05-04 03:26:00,Night,Backhoe Loader,BHL002,7.2,OP1009,50,3.3,SITE01,"Chennai, TN",16.02399,78.12992,Material Transport,2025-05-04 03:26:00,2025-05-04 04:18:12,52.2,Clear,26.5,Good,Rocky,4876,5.3,6.09,9,1062.3,423,7,4.59,91.3,2254.2,0,1,Fastened,No,No,0,100,No
816,2025-05-04 12:03:00,Morning,Wheel Loader,WLD003,13.9,OP1005,45,2.5,SITE02,"Coimbatore, TN",14.78484,81.93616,Trenching,2025-05-04 12:03:00,2025-05-04 13:20:36,77.6,Rain,24.2,Moderate,Uneven,1523.1,2.92,2.26,6,2214.2,299.3,7,2.97,94.1,2718.1,2,0,Fastened,No,No,1,100,No
817,2025-05-04 15:53:00,Afternoon,Backhoe Loader,BHL002,4.1,OP1014,36,18.2,SITE04,"Bengaluru, KA",14.70375,75.96098,Material Transport,2025-05-04 15:53:00,2025-05-04 16:54:24,61.4,Fog,15.5,Poor,Uneven,1894.2,4.2,4.1,13,2422.6,556.1,11,2.16,88.9,2677.5,0,0,Fastened,No,No,2,100,No
818,2025-05-04 20:30:00,Afternoon,Bulldozer,BDZ003,0.9,OP1037,22,3.3,SITE08,"Vizag, AP",8.6901,75.64844,Trenching,2025-05-04 20:30:00,2025-05-04 21:33:54,63.9,Cloudy,22.1,Good,Flat,4318.1,3.33,3.13,13,2489.1,133,23,2.95,106.6,2383.5,1,0,Fastened,No,No,0,100,No
819,2025-05-04 21:42:00,Afternoon,Wheel Loader,WLD004,9.6,OP1039,30,5.4,SITE03,"Vellore, TN",15.61974,79.19402,Digging,2025-05-04 21:42:00,2025-05-04 22:51:42,69.7,Cloudy,30.9,Good,Rocky,4118.7,3.97,3.42,11,1364.6,267.1,31,2.6,90.2,2565.7,1,2,Unfastened,No,No,0,97.7,No
820,2025-05-04 21:53:00,Afternoon,Excavator,EXC003,1.7,OP1017,30,12.4,SITE08,"Vizag, AP",8.70821,75.65868,Leveling,2025-05-04 21:53:00,2025-05-04 22:17:54,24.9,Rain,26,Moderate,Flat,3288.7,6.34,15.28,9,1910.4,459.1,3,2.83,97.9,2475.4,0,0,Fastened,No,No,0,100,No
821,2025-05-05 05:45:00,Night,Excavator,EXC005,7.7,OP1001,57,17.1,SITE02,"Coimbatore, TN",14.77399,81.95241,Digging,2025-05-05 05:45:00,2025-05-05 06:24:36,39.6,Extreme Heat,42.4,Good,Uneven,1782.4,4.71,7.14,8,1827.8,516.1,8,2.96,85.4,2234.6,0,0,Unfastened,No,No,2,100,No
822,2025-05-05 10:57:00,Morning,Excavator,EXC005,0.8,OP1028,46,1.4,SITE03,"Vellore, TN",15.60879,79.19451,Digging,2025-05-05 10:57:00,2025-05-05 11:49:06,52.1,Rain,24.7,Moderate,Muddy,1993.1,7.57,8.72,9,1455.3,456,30,1.7,89.5,2298.9,0,1,Unfastened,No,No,0,95.8,No
823,2025-05-05 15:41:00,Afternoon,Backhoe Loader,BHL002,3.1,OP1030,48,15.2,SITE02,"Coimbatore, TN",14.77529,81.95022,Demolition,2025-05-05 15:41:00,2025-05-05 16:22:48,41.8,Clear,34.4,Good,Rocky,1623.5,2.57,3.69,14,2196.9,288.4,29,1.03,95.9,2026.7,0,1,Fastened,No,No,0,100,No
824,2025-05-07 21:22:00,Afternoon,Excavator,EXC002,1,OP1031,31,16.5,SITE06,"Pune, MH",10.58291,77.30959,Demolition,2025-05-07 21:22:00,2025-05-07 21:57:48,35.8,Rain,26.5,Moderate,Flat,3796.8,5.67,9.5,6,1919.1,359.4,11,3.25,87.1,2464.9,1,0,Fastened,No,No,1,100,No
825,2025-05-08 04:26:00,Night,Excavator,EXC005,7.9,OP1001,57,17.1,SITE05,"Hyderabad, TS",8.36604,77.66838,Digging,2025-05-08 04:26:00,2025-05-08 04:52:48,26.8,Fog,17.8,Poor,Flat,4218.4,5.43,12.16,12,1150.4,380.1,41,4.42,99.4,2385.5,0,2,Unfastened,No,Yes,3,76.5,Yes
826,2025-05-08 09:00:00,Morning,Bulldozer,BDZ001,3.7,OP1004,53,15.5,SITE03,"Vellore, TN",15.61064,79.2012,Loading,2025-05-08 09:00:00,2025-05-08 09:30:18,30.3,Cloudy,24.7,Good,Muddy,2243.8,2.8,5.54,14,1632.5,392.2,15,2.99,99.1,2674.8,1,0,Fastened,No,No,0,100,No
827,2025-05-08 12:19:00,Morning,Wheel Loader,WLD001,10.1,OP1001,57,17.1,SITE05,"Hyderabad, TS",8.36704,77.6701,Material Transport,2025-05-08 12:19:00,2025-05-08 12:43:06,24.1,Clear,29.8,Good,Flat,4204.9,5.15,12.82,9,2179.1,366.5,14,4.07,96.1,2279.9,0,0,Fastened,No,No,0,100,No
828,2025-05-08 15:12:00,Afternoon,Motor Grader,MGR002,11.9,OP1034,38,8.5,SITE02,"Coimbatore, TN",14.79013,81.94936,Digging,2025-05-08 15:12:00,2025-05-08 16:11:30,59.5,Clear,24.6,Good,Sloped,2902,1.8,1.82,12,2174.4,226,18,3.74,92.9,2386.3,0,0,Fastened,No,No,0,100,No
829,2025-05-08 17:28:00,Afternoon,Excavator,EXC001,13.8,OP1035,40,10.6,SITE05,"Hyderabad, TS",8.3619,77.66766,Loading,2025-05-08 17:28:00,2025-05-08 18:06:24,38.4,Clear,31.7,Good,Flat,4535.9,9.96,15.56,14,1564.5,514.6,6,3.76,83.5,2536.5,1,0,Fastened,No,No,1,100,No
830,2025-05-08 21:37:00,Afternoon,Bulldozer,BDZ002,9.8,OP1012,52,20.4,SITE08,"Vizag, AP",8.70542,75.6502,Trenching,2025-05-08 21:37:00,2025-05-08 22:13:24,36.4,Cloudy,29,Good,Uneven,2084.4,5.46,9,14,668.4,438.9,19,3.03,88.1,2492.3,1,0,Fastened,No,No,0,100,No
831,2025-05-08 22:51:00,Night,Motor Grader,MGR002,7.2,OP1034,38,8.5,SITE05,"Hyderabad, TS",8.37543,77.66869,Demolition,2025-05-08 22:51:00,2025-05-08 23:34:48,43.8,Extreme Heat,38.9,Good,Sloped,4520.6,7.22,9.89,12,1621.1,278,15,2.53,91,2628,0,1,Fastened,No,No,0,100,No
832,2025-05-09 00:40:00,Night,Excavator,EXC005,9.5,OP1018,47,1.9,SITE08,"Vizag, AP",8.70248,75.66567,Loading,2025-05-09 00:40:00,2025-05-09 01:16:24,36.4,Cloudy,24,Good,Flat,2890.8,4.44,7.32,12,1642.6,237.7,23,2.88,81.6,2217.6,0,1,Fastened,Yes,No,0,100,No
833,2025-05-09 03:08:00,Night,Wheel Loader,WLD002,9.7,OP1021,53,16.8,SITE04,"Bengaluru, KA",14.70119,75.94786,Grading,2025-05-09 03:08:00,2025-05-09 03:57:12,49.2,Cloudy,27,Good,Rocky,3954.3,5.41,6.6,7,1101.7,117.6,21,2.38,96.4,2477.3,1,0,Fastened,Yes,No,0,97.9,No
834,2025-05-09 09:20:00,Morning,Wheel Loader,WLD002,2,OP1038,26,10.7,SITE03,"Vellore, TN",15.61826,79.1877,Material Transport,2025-05-09 09:20:00,2025-05-09 10:51:06,91.1,Clear,31.7,Good,Muddy,3201.2,4.31,2.84,8,2298.4,322.5,38,2.61,94.6,2449.3,0,0,Fastened,No,No,0,75.6,Yes
835,2025-05-09 09:26:00,Morning,Bulldozer,BDZ003,4.3,OP1026,51,4.7,SITE06,"Pune, MH",10.57186,77.30189,Grading,2025-05-09 09:26:00,2025-05-09 10:14:54,48.9,Extreme Heat,38,Good,Flat,3175.6,4.7,5.77,5,2386.2,550.5,21,1.74,104.1,2684.4,1,2,Fastened,No,No,0,95.5,No
836,2025-05-09 14:43:00,Afternoon,Wheel Loader,WLD001,9.7,OP1004,53,15.5,SITE05,"Hyderabad, TS",8.36815,77.67614,Grading,2025-05-09 14:43:00,2025-05-09 15:13:06,30.1,Rain,24.4,Moderate,Muddy,1899.7,5.07,10.11,9,1617.5,592.2,39,3.96,80.6,2022.5,1,0,Fastened,No,No,0,91.3,No
837,2025-05-09 17:34:00,Afternoon,Motor Grader,MGR001,12.8,OP1032,51,21.3,SITE08,"Vizag, AP",8.69805,75.66097,Grading,2025-05-09 17:34:00,2025-05-09 18:12:30,38.5,Rain,21.1,Moderate,Sloped,2598.3,5.13,7.99,9,1984.2,464.5,32,2.77,99.8,2288.7,0,0,Fastened,No,No,0,94.8,No
838,2025-05-10 00:54:00,Night,Excavator,EXC002,13.6,OP1003,27,19,SITE05,"Hyderabad, TS",8.36027,77.68097,Grading,2025-05-10 00:54:00,2025-05-10 01:52:06,58.1,Clear,29.7,Good,Flat,3547,4.46,4.61,17,2142.1,212.1,17,4.68,103.5,2311.9,0,1,Fastened,No,No,2,100,No
839,2025-05-10 04:37:00,Night,Excavator,EXC005,7.8,OP1026,51,4.7,SITE04,"Bengaluru, KA",14.70677,75.9564,Demolition,2025-05-10 04:37:00,2025-05-10 05:26:06,49.1,Rain,24.7,Moderate,Rocky,1502.4,6.1,7.45,11,1464.7,617.6,44,4.11,83.3,2233.4,0,0,Fastened,No,No,0,91.2,No
840,2025-05-10 07:44:00,Morning,Backhoe Loader,BHL002,7,OP1021,53,16.8,SITE07,"Nagpur, MH",18.24245,75.04961,Grading,2025-05-10 07:44:00,2025-05-10 08:33:54,49.9,Clear,24.9,Good,Flat,1881.8,4.28,5.15,7,1538.5,452.7,23,1.71,94,2408.2,1,0,Fastened,No,No,0,96.9,No
841,2025-05-10 08:11:00,Morning,Excavator,EXC003,11.9,OP1038,26,10.7,SITE02,"Coimbatore, TN",14.78527,81.95282,Trenching,2025-05-10 08:11:00,2025-05-10 08:51:36,40.6,Dust Storm,33.7,Poor,Uneven,2301.3,4.7,6.95,7,985.6,166.6,93,2.77,86.2,2590.5,0,0,Fastened,No,No,0,46.9,Yes
842,2025-05-10 10:25:00,Morning,Backhoe Loader,BHL001,8.9,OP1012,52,20.4,SITE08,"Vizag, AP",8.69021,75.65066,Demolition,2025-05-10 10:25:00,2025-05-10 11:27:18,62.3,Rain,22.2,Moderate,Uneven,3768.8,0.92,0.89,9,2535.5,329,8,3.9,88.7,2206.2,1,1,Fastened,No,No,1,100,No
843,2025-05-10 12:46:00,Morning,Excavator,EXC005,6.7,OP1021,53,16.8,SITE02,"Coimbatore, TN",14.78185,81.95163,Trenching,2025-05-10 12:46:00,2025-05-10 13:29:48,43.8,Clear,29.3,Good,Sloped,2756.1,4.78,6.55,8,1540.3,54.5,12,3.53,92.2,2482.5,1,3,Unfastened,No,No,3,100,No
844,2025-05-10 19:08:00,Afternoon,Excavator,EXC003,8.6,OP1021,53,16.8,SITE02,"Coimbatore, TN",14.77506,81.94564,Leveling,2025-05-10 19:08:00,2025-05-10 20:10:30,62.5,Cloudy,26.7,Good,Uneven,4848.7,4.34,4.17,13,2235,599.5,82,3.72,94.5,2473.1,0,1,Fastened,No,No,0,74.6,No
845,2025-05-10 23:09:00,Night,Motor Grader,MGR001,14.3,OP1025,52,17.2,SITE05,"Hyderabad, TS",8.36471,77.66815,Loading,2025-05-10 23:09:00,2025-05-10 23:54:36,45.6,Cloudy,23.8,Good,Flat,4737.4,1.4,1.84,13,2416.1,341.7,10,1.31,89.6,2260.1,2,0,Fastened,No,Yes,9,100,No
846,2025-05-10 23:58:00,Night,Motor Grader,MGR002,12.7,OP1001,57,17.1,SITE02,"Coimbatore, TN",14.77879,81.93654,Material Transport,2025-05-10 23:58:00,2025-05-11 00:24:12,26.2,Clear,34.8,Good,Sloped,3743.8,2.78,6.37,6,1560.3,354.3,30,3.24,91.5,2196.5,0,0,Fastened,No,No,0,92.2,No
847,2025-05-11 09:29:00,Morning,Excavator,EXC004,9.7,OP1011,37,8.5,SITE05,"Hyderabad, TS",8.36919,77.68223,Grading,2025-05-11 09:29:00,2025-05-11 10:29:24,60.4,Clear,28,Good,Uneven,2494.2,1.83,1.82,15,1762.2,233.8,8,4.53,98,2495.9,1,1,Fastened,No,No,0,100,No
848,2025-05-11 10:59:00,Morning,Bulldozer,BDZ002,12.8,OP1018,47,1.9,SITE03,"Vellore, TN",15.60788,79.20125,Digging,2025-05-11 10:59:00,2025-05-11 11:43:12,44.2,Clear,27.7,Good,Rocky,2922.8,4.93,6.69,6,1597.5,399.6,5,3.16,90.1,2269.9,1,0,Fastened,No,No,0,100,No
849,2025-05-11 11:04:00,Morning,Excavator,EXC002,6.8,OP1034,38,8.5,SITE08,"Vizag, AP",8.70246,75.66591,Leveling,2025-05-11 11:04:00,2025-05-11 11:43:24,39.4,Clear,32.7,Good,Muddy,1997.2,5.23,7.96,10,2362,159.3,22,3.52,103.3,2575.8,0,1,Fastened,No,No,0,100,No
850,2025-05-11 14:20:00,Afternoon,Backhoe Loader,BHL002,9.6,OP1003,27,19,SITE06,"Pune, MH",10.57223,77.31091,Grading,2025-05-11 14:20:00,2025-05-11 14:56:48,36.8,Fog,19.7,Poor,Sloped,1582.5,4.71,7.68,8,980.5,275.6,1,3.73,92.9,2383.6,1,0,Fastened,No,No,0,100,No
851,2025-05-11 16:35:00,Afternoon,Excavator,EXC005,14.2,OP1028,46,1.4,SITE07,"Nagpur, MH",18.24773,75.03718,Loading,2025-05-11 16:35:00,2025-05-11 17:10:24,35.4,Clear,29.3,Good,Flat,4530.9,5.09,8.63,12,3052,280.3,10,3.81,88.5,2297.8,0,1,Fastened,No,No,2,100,No
852,2025-05-11 19:52:00,Afternoon,Bulldozer,BDZ003,2.1,OP1038,26,10.7,SITE05,"Hyderabad, TS",8.36493,77.66989,Material Transport,2025-05-11 19:52:00,2025-05-11 20:43:36,51.6,Dust Storm,36.6,Poor,Uneven,4146.9,3.02,3.51,9,1014.7,281.3,23,2.81,92.6,2628.3,2,0,Fastened,No,No,3,96.9,No
853,2025-05-11 21:56:00,Afternoon,Excavator,EXC005,13.2,OP1034,38,8.5,SITE04,"Bengaluru, KA",14.7109,75.95323,Leveling,2025-05-11 21:56:00,2025-05-11 23:10:24,74.4,Cloudy,25.4,Good,Flat,2308.6,3.99,3.22,13,3407.5,505.7,1,3.55,100.7,2619.5,1,0,Fastened,No,No,0,100,No
854,2025-05-12 01:34:00,Night,Excavator,EXC001,11.3,OP1006,48,21.5,SITE07,"Nagpur, MH",18.24284,75.03388,Digging,2025-05-12 01:34:00,2025-05-12 02:45:36,71.6,Rain,21.1,Moderate,Sloped,1657.1,6.25,5.24,6,2701.2,443.2,20,3.56,99.3,2795.7,2,0,Fastened,No,No,2,95.6,No
855,2025-05-12 04:23:00,Night,Backhoe Loader,BHL003,6.5,OP1032,51,21.3,SITE08,"Vizag, AP",8.69964,75.66477,Loading,2025-05-12 04:23:00,2025-05-12 05:05:30,42.5,Fog,20.9,Poor,Flat,3805.3,5.39,7.61,10,454.1,478.1,71,2.7,77.8,2432.4,1,1,Fastened,No,No,0,76.5,No
856,2025-05-12 05:27:00,Night,Wheel Loader,WLD002,2.8,OP1039,30,5.4,SITE05,"Hyderabad, TS",8.36716,77.68399,Leveling,2025-05-12 05:27:00,2025-05-12 06:16:42,49.7,Fog,18.6,Poor,Rocky,2637.6,2.03,2.45,6,1463.1,254.9,5,2.06,101,2406.6,1,0,Unfastened,No,No,3,100,No
857,2025-05-12 14:27:00,Afternoon,Excavator,EXC003,2.2,OP1034,38,8.5,SITE06,"Pune, MH",10.56944,77.31599,Grading,2025-05-12 14:27:00,2025-05-12 15:18:48,51.8,Clear,30.1,Good,Uneven,3367.4,6.16,7.14,7,1118.5,433.3,55,4.22,91.8,2381.7,0,1,Fastened,Yes,No,1,80.1,No
858,2025-05-12 19:06:00,Afternoon,Backhoe Loader,BHL003,2.8,OP1006,48,21.5,SITE07,"Nagpur, MH",18.24805,75.03543,Digging,2025-05-12 19:06:00,2025-05-12 19:44:24,38.4,Clear,34.3,Good,Flat,4638.1,3.37,5.27,5,2566.5,104.1,2,3.79,104.7,2755.7,0,1,Fastened,Yes,Yes,6,100,No
859,2025-05-12 21:37:00,Afternoon,Motor Grader,MGR001,7.9,OP1014,36,18.2,SITE04,"Bengaluru, KA",14.71673,75.95734,Digging,2025-05-12 21:37:00,2025-05-12 22:30:36,53.6,Clear,29.5,Good,Flat,1745.3,3.34,3.74,11,2022,234.2,5,2.93,87.9,2569.8,0,0,Unfastened,No,No,0,95.7,Yes
860,2025-05-12 22:46:00,Night,Excavator,EXC002,10.8,OP1002,38,9.9,SITE04,"Bengaluru, KA",14.71027,75.94594,Trenching,2025-05-12 22:46:00,2025-05-12 23:28:48,42.8,Cloudy,23.8,Good,Flat,2661.1,5.65,7.92,17,2677.6,212.7,2,2.22,100.6,2515.7,0,0,Fastened,Yes,No,0,100,No
861,2025-05-13 00:09:00,Night,Wheel Loader,WLD002,9.5,OP1037,22,3.3,SITE02,"Coimbatore, TN",14.77459,81.94207,Trenching,2025-05-13 00:09:00,2025-05-13 01:14:42,65.7,Cloudy,24.7,Good,Flat,2976.1,4.16,3.8,7,1461,497.3,16,4.98,91.7,2262.4,1,1,Fastened,No,No,3,98,No
862,2025-05-13 01:37:00,Night,Wheel Loader,WLD002,13.2,OP1017,30,12.4,SITE03,"Vellore, TN",15.61535,79.19154,Grading,2025-05-13 01:37:00,2025-05-13 02:02:06,25.1,Cloudy,27.8,Good,Rocky,4827.3,3.95,9.44,10,2144.2,315.9,12,3.09,88.7,2616,2,1,Fastened,No,Yes,7,100,No
863,2025-05-13 05:03:00,Night,Backhoe Loader,BHL001,9.9,OP1030,48,15.2,SITE08,"Vizag, AP",8.70712,75.66243,Loading,2025-05-13 05:03:00,2025-05-13 05:34:30,31.5,Extreme Heat,38.7,Good,Uneven,1785.6,4.5,8.57,11,1601.3,281.5,20,1.88,92.8,2201.5,2,0,Fastened,No,No,0,100,No
864,2025-05-13 13:02:00,Morning,Backhoe Loader,BHL003,2.1,OP1027,51,10.5,SITE06,"Pune, MH",10.57808,77.3025,Grading,2025-05-13 13:02:00,2025-05-13 13:54:48,52.8,Clear,28.2,Good,Flat,3192.4,6.47,7.35,11,1588.3,21.3,7,2.22,82.6,2370.2,0,0,Fastened,No,No,0,100,No
865,2025-05-13 21:41:00,Afternoon,Excavator,EXC001,9.2,OP1032,51,21.3,SITE06,"Pune, MH",10.58011,77.32042,Digging,2025-05-13 21:41:00,2025-05-13 22:04:18,23.3,Clear,31.4,Good,Muddy,1851.7,1.11,2.86,5,1325.2,0,60,2.21,97.2,2254.3,1,1,Fastened,No,No,0,76,No
866,2025-05-14 00:47:00,Night,Wheel Loader,WLD003,8.8,OP1033,42,7.5,SITE02,"Coimbatore, TN",14.78426,81.95459,Grading,2025-05-14 00:47:00,2025-05-14 01:02:48,15.8,Clear,25.7,Good,Muddy,2554.1,4.83,18.34,14,2669.2,30.5,35,3.4,93,2216.9,0,0,Fastened,No,No,0,99.3,No
867,2025-05-14 03:03:00,Night,Motor Grader,MGR002,1.7,OP1036,43,4.6,SITE06,"Pune, MH",10.5674,77.31426,Loading,2025-05-14 03:03:00,2025-05-14 03:36:30,33.5,Clear,26,Good,Rocky,2593.4,6.45,11.55,8,2751.6,198.8,21,4.85,102,2678.4,1,1,Fastened,No,No,1,98.3,No
868,2025-05-14 06:30:00,Morning,Excavator,EXC005,1.2,OP1033,42,7.5,SITE01,"Chennai, TN",16.0235,78.12236,Grading,2025-05-14 06:30:00,2025-05-14 07:24:30,54.5,Clear,28.8,Good,Flat,4715,1.51,1.66,7,2166.6,449.5,9,4.13,86.7,2680.8,0,0,Fastened,No,No,0,100,No
869,2025-05-14 07:29:00,Morning,Backhoe Loader,BHL002,0.7,OP1013,53,14.3,SITE06,"Pune, MH",10.57856,77.3033,Trenching,2025-05-14 07:29:00,2025-05-14 08:12:36,43.6,Cloudy,31.6,Good,Muddy,4469.7,0.3,0.41,11,113.5,389.9,42,3.23,86.6,2447.3,0,0,Unfastened,No,No,1,91.4,No
870,2025-05-14 14:15:00,Afternoon,Excavator,EXC004,14.4,OP1017,30,12.4,SITE05,"Hyderabad, TS",8.36301,77.6735,Digging,2025-05-14 14:15:00,2025-05-14 15:03:18,48.3,Rain,26.1,Moderate,Rocky,4733.4,3.22,4,7,2498.8,147.1,15,3.05,87.9,2705.2,1,1,Fastened,No,Yes,3,98.5,No
871,2025-05-14 15:51:00,Afternoon,Bulldozer,BDZ002,0.5,OP1007,24,16.9,SITE07,"Nagpur, MH",18.2455,75.03903,Leveling,2025-05-14 15:51:00,2025-05-14 16:42:18,51.3,Rain,24.2,Moderate,Rocky,1688.5,4.73,5.53,4,2245.7,444.8,1,5.28,91.9,2165.6,2,0,Fastened,No,Yes,0,100,No
872,2025-05-14 16:16:00,Afternoon,Excavator,EXC003,12.2,OP1015,56,10,SITE05,"Hyderabad, TS",8.37072,77.68165,Digging,2025-05-14 16:16:00,2025-05-14 16:51:24,35.4,Clear,34.7,Good,Flat,4862.5,4.52,7.66,13,845.3,516,5,2.14,79.1,2220.6,0,1,Fastened,No,No,1,100,No
873,2025-05-14 18:43:00,Afternoon,Excavator,EXC005,4.7,OP1029,39,3.8,SITE06,"Pune, MH",10.5723,77.30869,Demolition,2025-05-14 18:43:00,2025-05-14 19:07:24,24.4,Fog,16.9,Poor,Rocky,4781.1,6.2,15.25,8,1699.4,159.8,2,3.9,91.5,2502.1,1,0,Fastened,No,No,0,100,No
874,2025-05-14 20:24:00,Afternoon,Motor Grader,MGR001,13.4,OP1020,26,14.1,SITE05,"Hyderabad, TS",8.36623,77.68385,Material Transport,2025-05-14 20:24:00,2025-05-14 21:12:30,48.5,Cloudy,24.7,Good,Sloped,4293.7,2.17,2.68,11,1781.2,327.6,10,3.27,97.3,2428.2,0,0,Fastened,Yes,No,0,100,No
875,2025-05-15 00:51:00,Night,Bulldozer,BDZ002,5,OP1038,26,10.7,SITE03,"Vellore, TN",15.6141,79.19626,Grading,2025-05-15 00:51:00,2025-05-15 01:10:36,19.6,Clear,30.2,Good,Rocky,4102.9,6.78,20.76,8,1544.8,520.8,16,3.99,93.6,2595.5,1,1,Fastened,No,No,7,96,No
876,2025-05-15 00:52:00,Night,Wheel Loader,WLD001,0.7,OP1038,26,10.7,SITE02,"Coimbatore, TN",14.77526,81.95162,Loading,2025-05-15 00:52:00,2025-05-15 02:02:18,70.3,Clear,31.2,Good,Uneven,2003.6,4.14,3.53,10,1509.5,430.7,17,3.47,93.1,2211.4,0,1,Unfastened,Yes,No,0,100,No
877,2025-05-15 01:47:00,Night,Backhoe Loader,BHL002,6.7,OP1026,51,4.7,SITE05,"Hyderabad, TS",8.36275,77.68362,Digging,2025-05-15 01:47:00,2025-05-15 02:27:12,40.2,Clear,24.7,Good,Uneven,1659.5,1.35,2.01,4,1677.4,494.8,1,3.43,93.2,2271.5,1,0,Fastened,No,No,1,100,No
878,2025-05-15 04:54:00,Night,Excavator,EXC003,10,OP1020,26,14.1,SITE02,"Coimbatore, TN",14.77568,81.95258,Material Transport,2025-05-15 04:54:00,2025-05-15 05:37:12,43.2,Clear,25.8,Good,Rocky,1621.9,7.86,10.92,10,1802.3,49.8,45,2.78,98.1,2676.6,1,0,Fastened,No,No,0,89.5,No
879,2025-05-15 08:21:00,Morning,Wheel Loader,WLD001,7.4,OP1033,42,7.5,SITE06,"Pune, MH",10.57454,77.31639,Leveling,2025-05-15 08:21:00,2025-05-15 08:55:54,34.9,Clear,24.2,Good,Muddy,4836.8,5.05,8.68,9,2043.9,0,12,2.15,93.7,2546.6,1,0,Unfastened,No,No,0,89.8,Yes
880,2025-05-15 14:17:00,Afternoon,Backhoe Loader,BHL001,1.7,OP1017,30,12.4,SITE06,"Pune, MH",10.57843,77.30565,Demolition,2025-05-15 14:17:00,2025-05-15 14:35:06,18.1,Fog,19.1,Poor,Rocky,2156.6,2.93,9.71,12,2800.7,397.9,4,1.34,91.9,2251.5,1,0,Fastened,No,No,1,100,No
881,2025-05-15 21:12:00,Afternoon,Excavator,EXC005,13.9,OP1033,42,7.5,SITE06,"Pune, MH",10.58439,77.31516,Material Transport,2025-05-15 21:12:00,2025-05-15 21:52:12,40.2,Clear,24.4,Good,Flat,4312.7,2.13,3.18,9,1659.6,215,46,2.66,90.3,2318.2,1,0,Fastened,No,No,1,87,No
882,2025-05-16 03:59:00,Night,Wheel Loader,WLD002,1.7,OP1013,53,14.3,SITE06,"Pune, MH",10.57606,77.30583,Leveling,2025-05-16 03:59:00,2025-05-16 04:27:00,28,Clear,25.3,Good,Rocky,1906.8,4.31,9.24,16,736.7,430.1,64,1.79,89.6,2473.7,1,0,Unfastened,No,No,1,86.4,No
883,2025-05-16 05:02:00,Night,Excavator,EXC001,13.7,OP1002,38,9.9,SITE04,"Bengaluru, KA",14.71231,75.9553,Demolition,2025-05-16 05:02:00,2025-05-16 06:17:12,75.2,Cloudy,26.3,Good,Muddy,1965.3,5.21,4.16,16,1307,323.1,0,4.41,84.5,2928.2,0,1,Fastened,No,No,0,100,No
884,2025-05-16 05:57:00,Night,Backhoe Loader,BHL001,4.8,OP1017,30,12.4,SITE04,"Bengaluru, KA",14.71968,75.94836,Material Transport,2025-05-16 05:57:00,2025-05-16 06:25:54,28.9,Extreme Heat,40.8,Good,Uneven,4139.4,7.25,15.05,10,1230.6,354.2,9,3.05,95.5,2499.4,1,0,Fastened,No,No,0,100,No
885,2025-05-16 09:11:00,Morning,Bulldozer,BDZ001,14.7,OP1009,50,3.3,SITE06,"Pune, MH",10.57413,77.30236,Digging,2025-05-16 09:11:00,2025-05-16 09:48:24,37.4,Clear,28.3,Good,Flat,3317.2,2.39,3.83,11,1759,430.4,68,3.88,83.9,2790.3,2,0,Fastened,No,No,2,62.6,Yes
886,2025-05-16 09:23:00,Morning,Backhoe Loader,BHL001,5.6,OP1028,46,1.4,SITE03,"Vellore, TN",15.60887,79.20224,Demolition,2025-05-16 09:23:00,2025-05-16 09:39:54,16.9,Extreme Heat,38.7,Good,Muddy,4269.7,4.51,16.01,14,1072.7,326.9,2,3.98,99.6,2537.1,1,2,Fastened,No,No,2,100,No
887,2025-05-16 12:17:00,Morning,Backhoe Loader,BHL003,11.2,OP1023,52,21.4,SITE04,"Bengaluru, KA",14.71763,75.94926,Digging,2025-05-16 12:17:00,2025-05-16 13:10:30,53.5,Clear,31.2,Good,Rocky,2888.4,2.1,2.36,13,1504.7,389.9,20,3.91,88.7,2549.7,0,0,Fastened,No,No,0,100,No
888,2025-05-16 12:39:00,Morning,Wheel Loader,WLD001,1.9,OP1011,37,8.5,SITE06,"Pune, MH",10.57605,77.31945,Material Transport,2025-05-16 12:39:00,2025-05-16 13:03:48,24.8,Cloudy,29.5,Good,Rocky,4297.5,3.86,9.34,7,1443.2,365.1,30,2.34,96.2,2509,1,0,Fastened,No,No,0,93.4,No
889,2025-05-16 15:27:00,Afternoon,Motor Grader,MGR001,8.8,OP1009,50,3.3,SITE08,"Vizag, AP",8.69342,75.66228,Leveling,2025-05-16 15:27:00,2025-05-16 15:50:54,23.9,Fog,16.9,Poor,Uneven,1875.1,4,10.04,17,1652,57.4,4,3.16,92.6,2612.8,0,1,Fastened,No,No,4,100,No
890,2025-05-17 05:26:00,Night,Wheel Loader,WLD003,11.8,OP1011,37,8.5,SITE04,"Bengaluru, KA",14.70738,75.95172,Trenching,2025-05-17 05:26:00,2025-05-17 05:31:30,5.5,Cloudy,24.7,Good,Flat,4818.1,3.5,35,8,1769.8,380.6,10,3.52,95.3,2882.4,1,0,Fastened,No,Yes,20,88.6,No
891,2025-05-17 07:24:00,Morning,Bulldozer,BDZ003,2.5,OP1013,53,14.3,SITE07,"Nagpur, MH",18.24556,75.03635,Digging,2025-05-17 07:24:00,2025-05-17 08:30:36,66.6,Clear,32.5,Good,Muddy,1676.9,5.17,4.66,8,2522.2,483.9,22,3.85,97.6,2654.8,1,0,Fastened,No,No,1,97.8,No
892,2025-05-17 11:39:00,Morning,Backhoe Loader,BHL002,12.1,OP1027,51,10.5,SITE06,"Pune, MH",10.56902,77.32067,Demolition,2025-05-17 11:39:00,2025-05-17 12:11:24,32.4,Extreme Heat,39.4,Good,Uneven,4998.8,7.22,13.37,13,1934.5,460.6,5,2.86,80.1,2349.3,1,1,Fastened,No,No,1,100,No
893,2025-05-17 13:20:00,Morning,Excavator,EXC004,9.9,OP1015,56,10,SITE07,"Nagpur, MH",18.23857,75.04138,Leveling,2025-05-17 13:20:00,2025-05-17 13:54:30,34.5,Clear,32.8,Good,Sloped,1801.3,4.18,7.27,10,1408.4,351.4,7,3.2,107.3,2364.7,0,0,Fastened,No,No,1,100,No
894,2025-05-17 13:56:00,Morning,Excavator,EXC001,4,OP1016,32,5.4,SITE02,"Coimbatore, TN",14.77866,81.94875,Grading,2025-05-17 13:56:00,2025-05-17 14:28:30,32.5,Clear,27.6,Good,Flat,2686.7,4.35,8.03,12,964.2,474.5,10,6.29,79.9,2278.8,0,1,Fastened,No,No,1,100,No
895,2025-05-17 14:34:00,Afternoon,Excavator,EXC001,12.9,OP1022,28,8.1,SITE02,"Coimbatore, TN",14.78886,81.93582,Material Transport,2025-05-17 14:34:00,2025-05-17 15:31:18,57.3,Fog,20.7,Poor,Rocky,3479.5,6.07,6.36,12,2185.3,344.9,10,1.87,95,2764.8,1,2,Fastened,No,No,0,100,No
896,2025-05-17 17:15:00,Afternoon,Bulldozer,BDZ002,10.7,OP1001,57,17.1,SITE02,"Coimbatore, TN",14.78564,81.94666,Grading,2025-05-17 17:15:00,2025-05-17 18:04:30,49.5,Clear,32.4,Good,Flat,1927.2,4.28,5.19,5,1473.4,250.7,24,3.17,87.4,2280.8,2,0,Fastened,No,No,4,90.8,No
897,2025-05-17 17:43:00,Afternoon,Wheel Loader,WLD003,2.6,OP1013,53,14.3,SITE03,"Vellore, TN",15.61218,79.20517,Leveling,2025-05-17 17:43:00,2025-05-17 19:01:42,78.7,Cloudy,26.7,Good,Sloped,3743,5.38,4.1,8,822.5,452.9,8,3.43,92.2,2480.2,0,0,Fastened,No,No,1,100,No
898,2025-05-17 17:49:00,Afternoon,Backhoe Loader,BHL003,13.3,OP1032,51,21.3,SITE01,"Chennai, TN",16.02011,78.12205,Leveling,2025-05-17 17:49:00,2025-05-17 18:51:30,62.5,Clear,33.8,Good,Flat,2465.2,7.94,7.62,10,385.5,437.1,87,4.82,88.5,2616.8,0,0,Unfastened,No,No,1,67.7,No
899,2025-05-17 18:30:00,Afternoon,Backhoe Loader,BHL002,10.4,OP1022,28,8.1,SITE08,"Vizag, AP",8.70432,75.65896,Demolition,2025-05-17 18:30:00,2025-05-17 19:00:48,30.8,Dust Storm,29.3,Poor,Uneven,2092.4,4.93,9.6,8,1603.7,523.6,25,4.93,75.6,2315.6,1,2,Fastened,No,No,0,97.1,No
900,2025-05-17 23:58:00,Night,Excavator,EXC003,5.2,OP1027,51,10.5,SITE07,"Nagpur, MH",18.24879,75.0409,Trenching,2025-05-17 23:58:00,2025-05-18 00:33:00,35,Cloudy,25.4,Good,Uneven,2745.2,3.51,6.02,6,2465.7,363.7,20,1.64,90,2335.9,0,1,Fastened,No,No,0,97.2,No
901,2025-05-18 00:39:00,Night,Excavator,EXC002,7.9,OP1011,37,8.5,SITE08,"Vizag, AP",8.70004,75.6662,Material Transport,2025-05-18 00:39:00,2025-05-18 01:12:18,33.3,Clear,29.1,Good,Flat,4130.3,7.5,13.51,12,1027.9,193.4,3,4.55,87.2,2143.4,1,0,Unfastened,No,No,2,96.3,Yes
902,2025-05-18 04:45:00,Night,Excavator,EXC002,9.9,OP1036,43,4.6,SITE08,"Vizag, AP",8.70405,75.65208,Trenching,2025-05-18 04:45:00,2025-05-18 05:45:54,60.9,Clear,28.6,Good,Muddy,4986.6,6.84,6.74,8,1623.3,318.9,5,3.03,97.2,2609.1,2,0,Fastened,No,Yes,19,76.9,Yes
903,2025-05-18 19:02:00,Afternoon,Motor Grader,MGR001,14.4,OP1035,40,10.6,SITE02,"Coimbatore, TN",14.78261,81.95413,Grading,2025-05-18 19:02:00,2025-05-18 19:08:54,6.9,Fog,20.3,Poor,Flat,4059.9,6.28,54.61,8,3139.1,285.2,58,5.53,100.4,2067,0,0,Unfastened,No,No,0,65.6,Yes
904,2025-05-18 19:28:00,Afternoon,Bulldozer,BDZ003,11.5,OP1030,48,15.2,SITE03,"Vellore, TN",15.62322,79.19227,Loading,2025-05-18 19:28:00,2025-05-18 20:12:48,44.8,Fog,18.5,Poor,Flat,2130.7,7.69,10.3,8,1505.5,387.3,30,3.79,85.9,2375.5,1,0,Fastened,No,No,1,93.8,No
905,2025-05-18 19:29:00,Afternoon,Wheel Loader,WLD001,1.6,OP1021,53,16.8,SITE01,"Chennai, TN",16.01415,78.11725,Demolition,2025-05-18 19:29:00,2025-05-18 20:35:06,66.1,Clear,24.8,Good,Flat,2191.4,6.3,5.72,10,2956.2,408.4,13,4.42,78.5,2673.5,1,0,Fastened,No,No,4,100,No
906,2025-05-18 23:51:00,Night,Excavator,EXC001,12.1,OP1033,42,7.5,SITE07,"Nagpur, MH",18.23964,75.03208,Material Transport,2025-05-18 23:51:00,2025-05-18 23:59:36,8.6,Fog,15.8,Poor,Flat,4734.1,7.44,51.91,10,1759.3,294.5,2,3.5,93,2358.4,0,0,Fastened,No,Yes,2,100,No
907,2025-05-19 00:02:00,Night,Motor Grader,MGR001,2.2,OP1004,53,15.5,SITE02,"Coimbatore, TN",14.78336,81.94224,Trenching,2025-05-19 00:02:00,2025-05-19 00:56:18,54.3,Clear,27.5,Good,Muddy,3584.6,2.32,2.56,20,1759.1,224.9,30,5.11,91.8,2622.8,0,0,Fastened,No,No,0,100,No
908,2025-05-19 00:40:00,Night,Backhoe Loader,BHL003,11.2,OP1017,30,12.4,SITE02,"Coimbatore, TN",14.78607,81.9444,Material Transport,2025-05-19 00:40:00,2025-05-19 01:42:18,62.3,Extreme Heat,45.1,Good,Sloped,1561.4,3.65,3.52,10,661.7,335.3,23,1.38,88.6,2327.9,0,0,Unfastened,No,Yes,1,84.7,Yes
909,2025-05-19 01:57:00,Night,Motor Grader,MGR002,12.6,OP1012,52,20.4,SITE06,"Pune, MH",10.58371,77.311,Material Transport,2025-05-19 01:57:00,2025-05-19 02:42:00,45,Extreme Heat,39.7,Good,Muddy,3981.1,3.7,4.93,7,788.5,561.2,49,2.23,85.7,2345.5,0,1,Fastened,No,No,0,83.9,No
910,2025-05-19 08:28:00,Morning,Wheel Loader,WLD001,8.2,OP1038,26,10.7,SITE02,"Coimbatore, TN",14.79177,81.94086,Grading,2025-05-19 08:28:00,2025-05-19 09:03:24,35.4,Rain,21.9,Moderate,Rocky,2527,3.82,6.47,8,2057.2,425.5,3,0,102.1,2384.5,1,0,Fastened,No,No,1,100,No
911,2025-05-19 08:58:00,Morning,Bulldozer,BDZ003,5.5,OP1030,48,15.2,SITE01,"Chennai, TN",16.01699,78.11606,Demolition,2025-05-19 08:58:00,2025-05-19 10:03:30,65.5,Clear,32.1,Good,Flat,4281.5,4.77,4.37,9,1513.1,459.7,62,4.14,100,2546.5,0,0,Fastened,Yes,Yes,3,77.4,No
912,2025-05-19 14:08:00,Afternoon,Excavator,EXC004,4.5,OP1015,56,10,SITE03,"Vellore, TN",15.60846,79.19759,Demolition,2025-05-19 14:08:00,2025-05-19 14:27:12,19.2,Clear,34.2,Good,Flat,2911.5,2.11,6.59,4,1543.1,452,19,0.47,103.7,2265,0,0,Unfastened,No,No,3,92.9,No
913,2025-05-19 14:29:00,Afternoon,Excavator,EXC005,10.7,OP1020,26,14.1,SITE07,"Nagpur, MH",18.23256,75.03348,Demolition,2025-05-19 14:29:00,2025-05-19 15:24:54,55.9,Extreme Heat,41.3,Good,Rocky,2386.6,3.16,3.39,10,2235.7,355.5,4,3.22,90.7,2271.1,0,0,Fastened,No,No,0,100,No
914,2025-05-19 21:11:00,Afternoon,Bulldozer,BDZ001,13.6,OP1015,56,10,SITE04,"Bengaluru, KA",14.7172,75.95165,Loading,2025-05-19 21:11:00,2025-05-19 21:36:24,25.4,Cloudy,26.6,Good,Rocky,1787.8,2.73,6.45,14,1305.7,339.9,12,4.03,84.1,2027.3,0,1,Fastened,No,Yes,7,100,No
915,2025-05-20 05:33:00,Night,Bulldozer,BDZ001,2.1,OP1012,52,20.4,SITE03,"Vellore, TN",15.61943,79.19879,Digging,2025-05-20 05:33:00,2025-05-20 06:04:36,31.6,Cloudy,29.7,Good,Uneven,1749,3.52,6.68,9,875.4,289.5,5,2.11,96.1,2590.9,0,0,Unfastened,No,No,2,91.7,Yes
916,2025-05-20 06:11:00,Morning,Wheel Loader,WLD003,11.8,OP1037,22,3.3,SITE06,"Pune, MH",10.57744,77.30944,Material Transport,2025-05-20 06:11:00,2025-05-20 06:58:18,47.3,Extreme Heat,38.9,Good,Flat,2098.9,5.22,6.62,7,1597.6,323.3,41,2.32,91.2,2086.7,1,1,Fastened,No,No,0,87.9,No
917,2025-05-20 07:49:00,Morning,Excavator,EXC004,13.9,OP1025,52,17.2,SITE06,"Pune, MH",10.56551,77.31178,Grading,2025-05-20 07:49:00,2025-05-20 09:07:42,78.7,Clear,30.7,Good,Uneven,2416.2,3.34,2.55,10,1392.5,253.7,13,3.25,89.7,2697.8,0,0,Fastened,No,No,3,100,No
918,2025-05-20 07:56:00,Morning,Backhoe Loader,BHL001,14.6,OP1025,52,17.2,SITE06,"Pune, MH",10.57184,77.31732,Trenching,2025-05-20 07:56:00,2025-05-20 08:36:24,40.4,Cloudy,26.5,Good,Rocky,3994.2,5.38,7.99,7,892.2,481,1,2.56,94.5,2818.9,1,1,Fastened,No,Yes,9,100,No
919,2025-05-20 10:13:00,Morning,Wheel Loader,WLD001,2.4,OP1033,42,7.5,SITE06,"Pune, MH",10.57702,77.30805,Grading,2025-05-20 10:13:00,2025-05-20 11:11:42,58.7,Clear,31.9,Good,Sloped,2044.4,8.56,8.75,7,2776.7,429,8,3.53,102.1,2692.5,0,0,Fastened,No,No,0,100,No
920,2025-05-20 10:44:00,Morning,Motor Grader,MGR002,10.2,OP1020,26,14.1,SITE04,"Bengaluru, KA",14.71007,75.95169,Grading,2025-05-20 10:44:00,2025-05-20 11:57:18,73.3,Extreme Heat,44.8,Good,Flat,4094.7,3.06,2.5,13,3099.1,205.9,8,2.16,98.9,1732.1,1,0,Fastened,No,Yes,1,100,No
921,2025-05-20 11:12:00,Morning,Wheel Loader,WLD001,12.8,OP1013,53,14.3,SITE06,"Pune, MH",10.56732,77.31365,Demolition,2025-05-20 11:12:00,2025-05-20 11:46:12,34.2,Cloudy,26.3,Good,Rocky,3519.9,2.35,4.12,8,1767.4,471.9,13,3.43,103.3,2397.5,0,0,Fastened,No,Yes,4,99.9,No
922,2025-05-20 14:31:00,Afternoon,Backhoe Loader,BHL001,7.2,OP1039,30,5.4,SITE03,"Vellore, TN",15.62325,79.19235,Leveling,2025-05-20 14:31:00,2025-05-20 14:47:54,16.9,Clear,32.7,Good,Muddy,1663,6.99,24.82,10,1207.4,453,17,2.32,88.6,2795.7,0,0,Unfastened,No,No,0,100,No
923,2025-05-20 18:22:00,Afternoon,Bulldozer,BDZ001,3.2,OP1017,30,12.4,SITE01,"Chennai, TN",16.02085,78.13372,Demolition,2025-05-20 18:22:00,2025-05-20 18:59:54,37.9,Clear,30.1,Good,Uneven,4917.8,2.86,4.53,9,972.5,424.7,32,1.85,99,3078.6,0,0,Unfastened,No,Yes,3,92.4,No
924,2025-05-20 20:45:00,Afternoon,Backhoe Loader,BHL003,10.6,OP1024,21,19.7,SITE01,"Chennai, TN",16.02739,78.12456,Digging,2025-05-20 20:45:00,2025-05-20 21:10:18,25.3,Clear,24.4,Good,Flat,4851.7,5.12,12.14,6,2200.9,71.9,0,2.27,91.9,2504.4,0,0,Fastened,No,No,1,100,No
925,2025-05-20 21:01:00,Afternoon,Bulldozer,BDZ001,8.7,OP1014,36,18.2,SITE06,"Pune, MH",10.57959,77.31562,Loading,2025-05-20 21:01:00,2025-05-20 22:04:06,63.1,Extreme Heat,38.9,Good,Flat,3403.5,4.26,4.05,5,2021.7,501.3,1,4.6,94.6,2445.3,0,1,Fastened,No,No,0,100,No
926,2025-05-20 21:18:00,Afternoon,Excavator,EXC003,8.4,OP1021,53,16.8,SITE08,"Vizag, AP",8.69035,75.66273,Grading,2025-05-20 21:18:00,2025-05-20 22:13:48,55.8,Cloudy,24.5,Good,Muddy,4025.7,4.45,4.78,8,1873.9,350.8,4,3.9,90.5,2653,1,0,Fastened,No,Yes,0,100,No
927,2025-05-21 01:41:00,Night,Bulldozer,BDZ001,6.7,OP1010,53,10.2,SITE08,"Vizag, AP",8.70618,75.65372,Loading,2025-05-21 01:41:00,2025-05-21 02:16:18,35.3,Clear,25.9,Good,Flat,4393.9,1.09,1.85,12,1375.2,221.2,12,3.06,90.1,2631.6,1,0,Fastened,Yes,No,1,100,No
928,2025-05-21 08:00:00,Morning,Backhoe Loader,BHL002,8.8,OP1013,53,14.3,SITE07,"Nagpur, MH",18.24672,75.03403,Trenching,2025-05-21 08:00:00,2025-05-21 08:30:06,30.1,Clear,31.6,Good,Flat,3078.3,4.49,8.95,1,638.4,329.9,42,3.52,104,2329,0,1,Fastened,No,No,0,80.2,No
929,2025-05-21 08:39:00,Morning,Wheel Loader,WLD001,9.1,OP1034,38,8.5,SITE07,"Nagpur, MH",18.23295,75.04388,Leveling,2025-05-21 08:39:00,2025-05-21 09:35:12,56.2,Clear,27.9,Good,Flat,3369.3,7.26,7.75,6,1481.5,345.1,7,2.97,87.8,2376.3,0,0,Fastened,No,No,0,100,No
930,2025-05-21 21:25:00,Afternoon,Backhoe Loader,BHL002,14.6,OP1001,57,17.1,SITE06,"Pune, MH",10.57355,77.31415,Digging,2025-05-21 21:25:00,2025-05-21 22:11:18,46.3,Clear,27.7,Good,Flat,2120.5,5.06,6.56,9,2615,243.4,9,1.91,96.5,2165.4,0,0,Fastened,No,No,3,88.9,Yes
931,2025-05-22 02:59:00,Night,Bulldozer,BDZ001,2.5,OP1010,53,10.2,SITE05,"Hyderabad, TS",8.36957,77.66815,Leveling,2025-05-22 02:59:00,2025-05-22 03:56:42,57.7,Clear,28.8,Good,Rocky,3999.9,5.14,5.34,9,1524,593.6,15,2.95,83.3,2172.5,0,0,Fastened,No,No,0,100,No
932,2025-05-22 06:46:00,Morning,Motor Grader,MGR002,8,OP1032,51,21.3,SITE01,"Chennai, TN",16.02368,78.11759,Grading,2025-05-22 06:46:00,2025-05-22 07:36:12,50.2,Clear,32.2,Good,Rocky,3259.8,6.81,8.14,6,1949.2,169.5,15,3.73,92.9,2436.9,2,0,Fastened,No,No,2,98.1,No
933,2025-05-22 08:53:00,Morning,Motor Grader,MGR001,9.5,OP1038,26,10.7,SITE06,"Pune, MH",10.57525,77.31796,Leveling,2025-05-22 08:53:00,2025-05-22 09:35:54,42.9,Rain,26.7,Moderate,Rocky,2863.8,4.48,6.27,6,1588.1,379.6,10,1.96,91.1,2688.5,0,1,Fastened,No,No,3,99.8,No
934,2025-05-22 20:19:00,Afternoon,Bulldozer,BDZ002,14.6,OP1018,47,1.9,SITE01,"Chennai, TN",16.01536,78.12782,Material Transport,2025-05-22 20:19:00,2025-05-22 20:48:18,29.3,Clear,32.6,Good,Uneven,3327.4,0.9,1.84,9,797.3,323,12,3.11,82.7,2864.8,0,0,Fastened,No,No,1,89,Yes
935,2025-05-22 22:17:00,Night,Wheel Loader,WLD003,6.8,OP1030,48,15.2,SITE03,"Vellore, TN",15.62384,79.19418,Loading,2025-05-22 22:17:00,2025-05-22 22:47:18,30.3,Cloudy,24.4,Good,Flat,3193.9,4.61,9.13,8,391.7,144.3,4,3.83,94.3,2413.8,0,2,Unfastened,No,No,4,89.4,Yes
936,2025-05-22 22:21:00,Night,Excavator,EXC001,10.7,OP1017,30,12.4,SITE03,"Vellore, TN",15.60983,79.19705,Loading,2025-05-22 22:21:00,2025-05-22 23:00:54,39.9,Cloudy,28.6,Good,Sloped,3319.7,0.3,0.45,4,1639.4,131.8,10,2.64,87.8,2234.5,1,0,Fastened,No,No,0,99.8,No
937,2025-05-23 08:10:00,Morning,Backhoe Loader,BHL002,5,OP1014,36,18.2,SITE02,"Coimbatore, TN",14.79001,81.94219,Digging,2025-05-23 08:10:00,2025-05-23 08:36:12,26.2,Clear,27.6,Good,Uneven,3076.6,8.36,19.15,4,2164.8,343.8,38,4.38,94.2,2428.7,0,1,Fastened,Yes,Yes,4,82.6,No
938,2025-05-23 09:41:00,Morning,Excavator,EXC004,6.5,OP1013,53,14.3,SITE07,"Nagpur, MH",18.24498,75.0313,Leveling,2025-05-23 09:41:00,2025-05-23 10:34:54,53.9,Clear,24,Good,Sloped,2664.6,5.38,5.99,8,2703.5,327.3,3,2.35,98.6,2780.4,0,0,Fastened,No,No,1,100,No
939,2025-05-23 13:04:00,Morning,Motor Grader,MGR001,15,OP1003,27,19,SITE06,"Pune, MH",10.57795,77.31108,Digging,2025-05-23 13:04:00,2025-05-23 13:49:54,45.9,Extreme Heat,43.4,Good,Rocky,1858.5,7.88,10.3,11,2541,515.1,23,4.23,97.7,2794.5,0,1,Fastened,No,No,0,100,No
940,2025-05-23 20:22:00,Afternoon,Bulldozer,BDZ001,6.7,OP1020,26,14.1,SITE02,"Coimbatore, TN",14.78633,81.94671,Material Transport,2025-05-23 20:22:00,2025-05-23 20:46:18,24.3,Clear,27.5,Good,Sloped,4469.4,7.32,18.07,12,1721,317.2,2,1.87,92.9,2177.7,2,0,Fastened,No,No,2,96.8,Yes
941,2025-05-24 02:10:00,Night,Wheel Loader,WLD004,8.4,OP1020,26,14.1,SITE06,"Pune, MH",10.57286,77.31593,Leveling,2025-05-24 02:10:00,2025-05-24 02:53:54,43.9,Rain,24,Moderate,Muddy,2315.6,3.79,5.18,8,2255.4,359.1,27,1.68,95.7,2449.1,2,0,Fastened,No,No,2,79.5,Yes
942,2025-05-24 04:42:00,Night,Backhoe Loader,BHL002,10.8,OP1008,33,17.4,SITE04,"Bengaluru, KA",14.70836,75.9589,Leveling,2025-05-24 04:42:00,2025-05-24 05:19:36,37.6,Fog,17,Poor,Uneven,4399.9,2.43,3.88,9,2050.5,230,35,2.85,94.2,2584.9,0,0,Fastened,No,No,5,89.3,No
943,2025-05-24 05:30:00,Night,Bulldozer,BDZ002,4.8,OP1040,25,14.9,SITE05,"Hyderabad, TS",8.37537,77.68313,Material Transport,2025-05-24 05:30:00,2025-05-24 06:09:48,39.8,Dust Storm,28.5,Poor,Flat,1576.4,4.16,6.27,11,1660.4,387.9,3,4.73,79.7,2986,1,0,Unfastened,No,No,0,96.7,Yes
944,2025-05-24 05:52:00,Night,Bulldozer,BDZ002,6.9,OP1013,53,14.3,SITE07,"Nagpur, MH",18.23879,75.04026,Demolition,2025-05-24 05:52:00,2025-05-24 06:20:48,28.8,Dust Storm,32.7,Poor,Flat,4619,4.95,10.31,5,2213.3,643.7,8,1.57,83.1,2071,0,1,Fastened,No,No,1,100,No
945,2025-05-24 07:47:00,Morning,Bulldozer,BDZ002,6.7,OP1035,40,10.6,SITE01,"Chennai, TN",16.02881,78.11778,Trenching,2025-05-24 07:47:00,2025-05-24 08:40:06,53.1,Rain,24.4,Moderate,Flat,4805,3.81,4.31,8,2365.9,596.9,30,2.89,96.7,2699.2,0,1,Fastened,No,No,2,78,Yes
946,2025-05-24 09:18:00,Morning,Backhoe Loader,BHL003,1,OP1003,27,19,SITE05,"Hyderabad, TS",8.37432,77.67026,Trenching,2025-05-24 09:18:00,2025-05-24 10:01:36,43.6,Fog,20.6,Poor,Uneven,3169.3,4.52,6.22,7,1581.7,557,8,4.8,86.3,1975.1,0,0,Fastened,No,No,0,100,No
947,2025-05-24 12:38:00,Morning,Excavator,EXC004,6.7,OP1007,24,16.9,SITE06,"Pune, MH",10.57643,77.30584,Demolition,2025-05-24 12:38:00,2025-05-24 13:30:00,52,Clear,34.5,Good,Rocky,1633.1,5.44,6.28,13,2103.2,154.5,1,3.29,92.7,2464.5,1,1,Fastened,No,No,2,100,No
948,2025-05-24 14:33:00,Afternoon,Wheel Loader,WLD003,14.9,OP1024,21,19.7,SITE06,"Pune, MH",10.56856,77.30201,Grading,2025-05-24 14:33:00,2025-05-24 14:46:30,13.5,Clear,25.9,Good,Sloped,3698.2,5.11,22.71,6,2147.4,407.2,10,3.67,98.6,2525.7,1,1,Fastened,No,No,1,86.4,Yes
949,2025-05-24 17:23:00,Afternoon,Excavator,EXC001,6.4,OP1014,36,18.2,SITE04,"Bengaluru, KA",14.71037,75.96082,Grading,2025-05-24 17:23:00,2025-05-24 18:26:48,63.8,Clear,31,Good,Uneven,2755.4,6.53,6.14,13,1510.7,469.4,7,3.85,101.2,2768.9,1,2,Fastened,No,No,0,100,No
950,2025-05-24 18:47:00,Afternoon,Backhoe Loader,BHL002,11.7,OP1022,28,8.1,SITE05,"Hyderabad, TS",8.36198,77.66738,Demolition,2025-05-24 18:47:00,2025-05-24 19:11:24,24.4,Clear,26.6,Good,Uneven,4949.3,3.73,9.17,5,1320.2,472.9,20,4.22,95.8,2286.4,3,0,Unfastened,No,No,1,95.2,No
951,2025-05-24 19:07:00,Afternoon,Bulldozer,BDZ002,12.8,OP1032,51,21.3,SITE01,"Chennai, TN",16.0296,78.1331,Digging,2025-05-24 19:07:00,2025-05-24 20:11:00,64,Cloudy,26.6,Good,Flat,2558.5,3.68,3.45,9,1552.6,358.5,18,0.35,96,2576.1,0,0,Fastened,Yes,No,3,99.4,No
952,2025-05-24 19:58:00,Afternoon,Excavator,EXC001,4.5,OP1039,30,5.4,SITE01,"Chennai, TN",16.02246,78.13208,Loading,2025-05-24 19:58:00,2025-05-24 20:35:24,37.4,Rain,24.6,Moderate,Uneven,1712.2,4.31,6.91,9,1940,504.6,6,3.57,90.1,2911.4,0,0,Fastened,No,No,1,100,No
953,2025-05-24 21:21:00,Afternoon,Wheel Loader,WLD001,5.3,OP1002,38,9.9,SITE08,"Vizag, AP",8.69549,75.65168,Loading,2025-05-24 21:21:00,2025-05-24 22:22:54,61.9,Clear,27,Good,Sloped,2924.1,4.2,4.07,7,809.3,199.9,11,2.6,89.4,2568.2,0,1,Fastened,No,Yes,1,100,No
954,2025-05-24 21:47:00,Afternoon,Bulldozer,BDZ001,12.5,OP1027,51,10.5,SITE04,"Bengaluru, KA",14.70075,75.95216,Material Transport,2025-05-24 21:47:00,2025-05-24 22:45:12,58.2,Extreme Heat,38.3,Good,Sloped,4824.2,3.63,3.74,6,2405,243.1,9,2,91.8,2198.4,0,0,Fastened,No,No,0,100,No
955,2025-05-25 02:15:00,Night,Wheel Loader,WLD002,14,OP1021,53,16.8,SITE05,"Hyderabad, TS",8.36269,77.66842,Grading,2025-05-25 02:15:00,2025-05-25 02:52:54,37.9,Clear,29.3,Good,Muddy,1814.1,4.57,7.23,12,2581.9,423,0,2.72,92.4,2871.6,1,0,Fastened,No,Yes,0,100,No
956,2025-05-25 02:58:00,Night,Bulldozer,BDZ003,4.5,OP1036,43,4.6,SITE08,"Vizag, AP",8.69047,75.66701,Grading,2025-05-25 02:58:00,2025-05-25 03:46:30,48.5,Clear,32,Good,Flat,3802.9,5.05,6.25,11,1803.8,331.4,16,2.65,100.9,2423.3,0,0,Fastened,Yes,No,0,100,No
957,2025-05-25 05:32:00,Night,Excavator,EXC005,11.5,OP1038,26,10.7,SITE05,"Hyderabad, TS",8.36297,77.68555,Loading,2025-05-25 05:32:00,2025-05-25 05:59:12,27.2,Cloudy,23.6,Good,Muddy,4539,7.27,16.04,7,2528,484.1,6,2.29,88.9,2682.8,2,1,Fastened,No,Yes,8,99,No
958,2025-05-25 06:02:00,Morning,Excavator,EXC005,7.2,OP1022,28,8.1,SITE02,"Coimbatore, TN",14.77883,81.94543,Leveling,2025-05-25 06:02:00,2025-05-25 06:41:42,39.7,Extreme Heat,38.6,Good,Flat,4294.5,5.17,7.81,7,1963.6,503.4,25,4.36,79.2,2346.9,2,1,Fastened,Yes,No,2,94.3,No
959,2025-05-25 07:46:00,Morning,Wheel Loader,WLD004,4.2,OP1037,22,3.3,SITE02,"Coimbatore, TN",14.78465,81.95335,Digging,2025-05-25 07:46:00,2025-05-25 08:44:36,58.6,Cloudy,28.2,Good,Flat,4990.7,3.48,3.56,12,1300,210.3,4,2.65,91.9,2718.7,0,2,Fastened,No,Yes,1,96.6,Yes
960,2025-05-25 09:37:00,Morning,Wheel Loader,WLD002,14.8,OP1021,53,16.8,SITE05,"Hyderabad, TS",8.3677,77.68304,Leveling,2025-05-25 09:37:00,2025-05-25 10:02:12,25.2,Clear,32.8,Good,Muddy,4712.5,5.52,13.14,13,2393.1,307.9,22,2.5,95.8,2331.6,1,0,Fastened,Yes,No,0,100,No
961,2025-05-25 12:58:00,Morning,Wheel Loader,WLD002,4.4,OP1030,48,15.2,SITE03,"Vellore, TN",15.62606,79.19109,Leveling,2025-05-25 12:58:00,2025-05-25 13:39:36,41.6,Clear,24,Good,Sloped,3478.7,5.79,8.35,8,717.4,491.3,4,4.98,98.6,2595.7,2,1,Unfastened,No,No,3,90.2,Yes
962,2025-05-25 15:46:00,Afternoon,Wheel Loader,WLD001,13.8,OP1018,47,1.9,SITE07,"Nagpur, MH",18.23479,75.04148,Loading,2025-05-25 15:46:00,2025-05-25 16:32:24,46.4,Clear,33.7,Good,Uneven,1573.6,3.92,5.07,5,1614.5,496.2,9,3.76,93.5,2421.9,0,1,Fastened,No,No,1,100,No
963,2025-05-25 15:55:00,Afternoon,Motor Grader,MGR002,1.6,OP1011,37,8.5,SITE05,"Hyderabad, TS",8.36321,77.68118,Material Transport,2025-05-25 15:55:00,2025-05-25 16:51:24,56.4,Rain,20.8,Moderate,Rocky,3633.6,7.61,8.1,9,1517,291.3,2,3.33,94,2437.5,1,0,Fastened,No,No,1,100,No
964,2025-05-25 16:54:00,Afternoon,Excavator,EXC002,8.2,OP1016,32,5.4,SITE08,"Vizag, AP",8.69954,75.65413,Trenching,2025-05-25 16:54:00,2025-05-25 17:40:24,46.4,Clear,29.7,Good,Flat,2240.3,5.14,6.65,6,1544.5,483.7,23,3.76,98.2,2314.5,1,0,Fastened,No,No,2,79.1,Yes
965,2025-05-25 22:22:00,Night,Motor Grader,MGR002,4.9,OP1040,25,14.9,SITE08,"Vizag, AP",8.69589,75.65561,Leveling,2025-05-25 22:22:00,2025-05-25 22:59:42,37.7,Rain,20.1,Moderate,Muddy,3589.4,5.71,9.09,8,2395.3,389,38,3.68,84.2,2522.2,4,0,Fastened,Yes,No,0,90.6,No
966,2025-05-25 22:50:00,Night,Excavator,EXC003,7.9,OP1016,32,5.4,SITE07,"Nagpur, MH",18.2446,75.04305,Loading,2025-05-25 22:50:00,2025-05-25 23:37:30,47.5,Cloudy,30.9,Good,Flat,4143.6,5.08,6.42,13,1529.4,364.9,50,3.65,81.8,2482.6,0,0,Fastened,No,No,0,90.6,No
967,2025-05-26 09:24:00,Morning,Backhoe Loader,BHL003,10.5,OP1025,52,17.2,SITE07,"Nagpur, MH",18.24575,75.04182,Loading,2025-05-26 09:24:00,2025-05-26 10:09:42,45.7,Rain,20.4,Moderate,Flat,4252.2,5.39,7.08,12,1063.6,411.4,19,3.85,93,2323.4,1,1,Fastened,No,Yes,3,100,No
968,2025-05-26 10:23:00,Morning,Bulldozer,BDZ001,6.4,OP1016,32,5.4,SITE01,"Chennai, TN",16.01342,78.12056,Leveling,2025-05-26 10:23:00,2025-05-26 10:28:00,5,Clear,27.6,Good,Rocky,1545.5,3.38,33.8,6,2122.2,519.8,30,2.69,93.8,2110.9,1,0,Fastened,No,No,1,91.4,No
969,2025-05-26 12:47:00,Morning,Backhoe Loader,BHL002,14.5,OP1021,53,16.8,SITE02,"Coimbatore, TN",14.77949,81.95282,Material Transport,2025-05-26 12:47:00,2025-05-26 13:20:30,33.5,Rain,26.9,Moderate,Muddy,2476,7.63,13.67,11,1513.5,340,4,2.86,84.8,2826.4,0,0,Unfastened,No,No,1,100,No
970,2025-05-26 13:30:00,Morning,Motor Grader,MGR002,2.3,OP1003,27,19,SITE02,"Coimbatore, TN",14.77901,81.93879,Leveling,2025-05-26 13:30:00,2025-05-26 14:25:00,55,Clear,35.6,Good,Rocky,4801.8,3.15,3.44,10,2001.8,571.6,81,5.25,95.6,2409.9,0,0,Fastened,No,No,0,71.5,No
971,2025-05-26 15:45:00,Afternoon,Backhoe Loader,BHL001,7.7,OP1001,57,17.1,SITE08,"Vizag, AP",8.70629,75.65608,Grading,2025-05-26 15:45:00,2025-05-26 16:48:06,63.1,Extreme Heat,39.3,Good,Flat,2952.7,4.87,4.63,10,2297.2,384.8,28,2.79,89.8,2734.3,0,1,Unfastened,No,No,0,83,Yes
972,2025-05-26 16:39:00,Afternoon,Wheel Loader,WLD002,10.2,OP1001,57,17.1,SITE06,"Pune, MH",10.57262,77.30763,Leveling,2025-05-26 16:39:00,2025-05-26 17:55:24,76.4,Cloudy,26.2,Good,Muddy,3660.5,9.8,7.7,8,2000.5,514.7,0,4.25,94.9,2279.6,2,0,Unfastened,No,No,1,100,No
973,2025-05-26 16:49:00,Afternoon,Backhoe Loader,BHL001,9.9,OP1027,51,10.5,SITE08,"Vizag, AP",8.69943,75.66405,Trenching,2025-05-26 16:49:00,2025-05-26 17:37:12,48.2,Cloudy,25.1,Good,Uneven,3666.2,5.07,6.31,10,2787.5,368.1,11,5.38,77.7,2575.6,0,1,Unfastened,No,No,0,91.5,Yes
974,2025-05-26 19:36:00,Afternoon,Excavator,EXC003,11,OP1008,33,17.4,SITE01,"Chennai, TN",16.01412,78.12923,Leveling,2025-05-26 19:36:00,2025-05-26 19:50:42,14.7,Clear,30.5,Good,Muddy,2541.8,5.66,23.1,8,2110.1,288.4,6,3.57,96.7,2140.6,0,0,Unfastened,No,No,12,97,No
975,2025-05-26 21:07:00,Afternoon,Wheel Loader,WLD004,10.8,OP1003,27,19,SITE02,"Coimbatore, TN",14.77295,81.94128,Leveling,2025-05-26 21:07:00,2025-05-26 21:56:18,49.3,Clear,30.1,Good,Muddy,4297.1,6.32,7.69,10,1620.9,385.6,9,2.68,92.8,2754.5,2,1,Fastened,No,No,1,100,No
976,2025-05-27 00:28:00,Night,Excavator,EXC001,7.4,OP1025,52,17.2,SITE03,"Vellore, TN",15.62002,79.1926,Material Transport,2025-05-27 00:28:00,2025-05-27 01:29:42,61.7,Clear,27.8,Good,Flat,1510.5,4.71,4.58,9,1876.8,531.4,3,1.49,95,2718.1,1,0,Fastened,No,Yes,5,100,No
977,2025-05-27 01:23:00,Night,Excavator,EXC003,13.5,OP1025,52,17.2,SITE02,"Coimbatore, TN",14.77558,81.94647,Loading,2025-05-27 01:23:00,2025-05-27 02:06:18,43.3,Clear,33.7,Good,Uneven,1747.9,4.88,6.76,11,2755.6,237.4,16,3.5,86.1,2650.5,1,0,Unfastened,No,No,0,90.2,Yes
978,2025-05-27 04:38:00,Night,Excavator,EXC004,3.1,OP1007,24,16.9,SITE03,"Vellore, TN",15.60867,79.19055,Grading,2025-05-27 04:38:00,2025-05-27 05:47:30,69.5,Cloudy,24.4,Good,Muddy,2071.3,3.23,2.79,10,2011,267.7,60,3.79,92.1,2455.3,0,0,Fastened,No,No,0,82,No
979,2025-05-27 05:15:00,Night,Bulldozer,BDZ003,14.9,OP1002,38,9.9,SITE07,"Nagpur, MH",18.23273,75.0337,Demolition,2025-05-27 05:15:00,2025-05-27 05:36:00,21,Fog,21.5,Poor,Rocky,4232.2,2.64,7.54,9,1213.8,343.8,9,3.81,91.4,2303.7,0,2,Fastened,No,No,3,100,No
980,2025-05-27 18:10:00,Afternoon,Excavator,EXC002,10.5,OP1037,22,3.3,SITE04,"Bengaluru, KA",14.70265,75.94613,Trenching,2025-05-27 18:10:00,2025-05-27 18:55:48,45.8,Clear,35.2,Good,Muddy,1740.2,3.87,5.07,15,1104.1,253.4,5,2.43,86.8,2087.6,1,0,Fastened,No,No,2,100,No
981,2025-05-28 00:09:00,Night,Bulldozer,BDZ001,9.1,OP1003,27,19,SITE03,"Vellore, TN",15.61319,79.19721,Leveling,2025-05-28 00:09:00,2025-05-28 00:46:48,37.8,Clear,34.3,Good,Uneven,2396.1,3.39,5.38,8,2247.8,196.3,1,2.76,90,2613.5,1,0,Fastened,No,No,0,100,No
982,2025-05-28 01:03:00,Night,Excavator,EXC003,7.8,OP1024,21,19.7,SITE02,"Coimbatore, TN",14.77653,81.9425,Material Transport,2025-05-28 01:03:00,2025-05-28 01:44:06,41.1,Fog,17.1,Poor,Sloped,3166.6,4.56,6.66,18,1207.8,603.4,26,2.81,101,2425.9,0,1,Unfastened,No,No,0,93.6,Yes
983,2025-05-28 10:04:00,Morning,Wheel Loader,WLD002,5.6,OP1027,51,10.5,SITE05,"Hyderabad, TS",8.37017,77.68503,Digging,2025-05-28 10:04:00,2025-05-28 10:41:42,37.7,Cloudy,22.4,Good,Flat,3897,7.91,12.59,13,2258.2,399.8,21,4.01,85.2,2543.1,1,1,Fastened,No,No,1,100,No
984,2025-05-28 12:00:00,Morning,Backhoe Loader,BHL003,12.1,OP1002,38,9.9,SITE08,"Vizag, AP",8.70235,75.64887,Leveling,2025-05-28 12:00:00,2025-05-28 12:18:30,18.5,Clear,27.1,Good,Flat,3897.4,4.86,15.76,8,2181,404.2,34,2.29,89.1,2405.8,2,0,Fastened,No,No,0,92.6,No
985,2025-05-28 21:55:00,Afternoon,Wheel Loader,WLD002,5.9,OP1021,53,16.8,SITE06,"Pune, MH",10.57287,77.30726,Trenching,2025-05-28 21:55:00,2025-05-28 22:44:42,49.7,Fog,16.7,Poor,Uneven,1672.4,4.56,5.51,10,1624.7,372.9,23,3.39,93.8,2368.2,0,0,Unfastened,No,No,0,85.5,Yes
986,2025-05-28 22:40:00,Night,Excavator,EXC001,10.7,OP1004,53,15.5,SITE04,"Bengaluru, KA",14.71524,75.9422,Leveling,2025-05-28 22:40:00,2025-05-28 23:30:06,50.1,Rain,22.2,Moderate,Uneven,2941.8,5.05,6.05,14,2604.3,415.1,1,2.47,82.6,2632.2,0,0,Fastened,No,No,0,100,No
987,2025-05-29 04:37:00,Night,Bulldozer,BDZ003,4.6,OP1003,27,19,SITE04,"Bengaluru, KA",14.70408,75.94811,Grading,2025-05-29 04:37:00,2025-05-29 05:31:00,54,Cloudy,23,Good,Flat,4791.1,4.78,5.31,11,1532.4,431.9,31,3.12,95.9,2480.4,0,1,Fastened,No,No,2,96.1,No
988,2025-05-29 05:57:00,Night,Motor Grader,MGR001,13.7,OP1007,24,16.9,SITE07,"Nagpur, MH",18.24086,75.03139,Demolition,2025-05-29 05:57:00,2025-05-29 06:23:30,26.5,Clear,35.5,Good,Rocky,4151.8,5.99,13.56,7,1769.6,221.6,49,3.79,96.4,2603.4,4,0,Fastened,Yes,No,1,83.1,No
989,2025-05-29 08:06:00,Morning,Excavator,EXC003,14.3,OP1029,39,3.8,SITE04,"Bengaluru, KA",14.70797,75.95903,Material Transport,2025-05-29 08:06:00,2025-05-29 08:41:12,35.2,Clear,35.7,Good,Sloped,2312.7,9.67,16.48,13,2322.6,336.7,2,4.51,83.7,2090.8,1,1,Fastened,No,No,1,100,No
990,2025-05-29 08:41:00,Morning,Backhoe Loader,BHL002,5.4,OP1019,45,18.3,SITE07,"Nagpur, MH",18.2465,75.04426,Loading,2025-05-29 08:41:00,2025-05-29 09:25:42,44.7,Clear,34.1,Good,Flat,3102.5,2.71,3.64,4,708.4,583.3,2,0.96,88.6,2538.2,0,0,Fastened,No,No,0,100,No
991,2025-05-29 11:00:00,Morning,Wheel Loader,WLD001,5.7,OP1028,46,1.4,SITE01,"Chennai, TN",16.03052,78.12627,Demolition,2025-05-29 11:00:00,2025-05-29 12:01:36,61.6,Extreme Heat,40.3,Good,Uneven,1990,4.43,4.31,7,2112.8,177.9,14,2.97,93.6,2307.1,0,1,Fastened,No,No,0,100,No
992,2025-05-29 13:13:00,Morning,Bulldozer,BDZ001,10.2,OP1027,51,10.5,SITE04,"Bengaluru, KA",14.71422,75.94963,Demolition,2025-05-29 13:13:00,2025-05-29 13:38:18,25.3,Rain,21.3,Moderate,Rocky,4794.6,0.93,2.21,8,896.2,343.3,5,2.85,86,2028.4,1,1,Fastened,No,No,1,100,No
993,2025-05-30 01:39:00,Night,Wheel Loader,WLD002,2.3,OP1012,52,20.4,SITE08,"Vizag, AP",8.70807,75.64952,Trenching,2025-05-30 01:39:00,2025-05-30 02:31:18,52.3,Rain,24.2,Moderate,Sloped,2138,5.03,5.77,11,2484,332.4,7,5.46,94.7,2601.1,1,0,Fastened,No,No,0,100,No
994,2025-05-30 04:17:00,Night,Wheel Loader,WLD003,3.5,OP1034,38,8.5,SITE04,"Bengaluru, KA",14.70905,75.95046,Loading,2025-05-30 04:17:00,2025-05-30 05:12:36,55.6,Rain,24.7,Moderate,Uneven,2446.5,8.54,9.22,10,2391.3,364.2,38,2.06,94.2,2253.8,2,0,Fastened,No,No,2,91.4,No
995,2025-05-30 05:06:00,Night,Motor Grader,MGR001,12.6,OP1001,57,17.1,SITE05,"Hyderabad, TS",8.37149,77.66984,Loading,2025-05-30 05:06:00,2025-05-30 06:08:54,62.9,Extreme Heat,38.4,Good,Flat,3822.7,5.17,4.93,13,1453.3,255.8,41,1.95,89.1,2766.3,0,1,Unfastened,No,No,4,76.9,Yes
996,2025-05-30 07:00:00,Morning,Bulldozer,BDZ003,10,OP1025,52,17.2,SITE06,"Pune, MH",10.58131,77.31535,Digging,2025-05-30 07:00:00,2025-05-30 08:12:24,72.4,Clear,34,Good,Flat,4312.1,5.36,4.44,11,2373.5,312.4,1,2.05,88.5,2665.9,0,1,Fastened,No,No,2,100,No
997,2025-05-30 07:43:00,Morning,Wheel Loader,WLD001,13.5,OP1002,38,9.9,SITE03,"Vellore, TN",15.60665,79.19339,Demolition,2025-05-30 07:43:00,2025-05-30 08:41:12,58.2,Clear,26.6,Good,Uneven,4896.2,6.45,6.65,7,1951.5,230.7,0,4.15,87.9,2270.4,0,1,Unfastened,No,Yes,1,100,No
998,2025-05-30 08:43:00,Morning,Wheel Loader,WLD003,0.6,OP1002,38,9.9,SITE05,"Hyderabad, TS",8.36903,77.6752,Loading,2025-05-30 08:43:00,2025-05-30 09:52:48,69.8,Clear,29.1,Good,Muddy,2665.1,4.35,3.74,9,2206.7,466.8,3,3.39,103.5,2691.5,2,1,Unfastened,No,No,1,93.5,Yes
999,2025-05-30 12:39:00,Morning,Wheel Loader,WLD001,9.2,OP1022,28,8.1,SITE05,"Hyderabad, TS",8.36305,77.68276,Material Transport,2025-05-30 12:39:00,2025-05-30 13:46:30,67.5,Clear,35,Good,Flat,4297.2,3.78,3.36,4,1850.2,602.3,66,3.21,93.2,2209.4,0,1,Fastened,Yes,No,0,71.8,No
1000,2025-05-31 00:24:00,Night,Excavator,EXC001,10.7,OP1023,52,21.4,SITE05,"Hyderabad, TS",8.36102,77.68481,Demolition,2025-05-31 00:24:00,2025-05-31 01:13:54,49.9,Cloudy,23.7,Good,Rocky,3098.1,1.81,2.18,13,2361.8,335.5,2,2.67,86.5,2213,1,1,Unfastened,Yes,No,1,98.8,Yes
